timestamp,speed_mph,incident_text,max_severity,n_incidents,affected_streets,weather,temperature_f
2017-01-01 00:00:00,68.08,Accident on I-80 Westbound at Exit 15 Cutting Blvd. | Accident on I-580 Southbound at Exit 12 I-80 I-580.,3,2,"I-80 E, I-580 W",Overcast,47.6
2017-01-01 01:00:00,67.69,Lane blocked and queueing traffic due to accident on I-580 Eastbound at Exit 11 Bayview Ave. | Queueing traffic due to accident on I-80 Westbound at Exit 15 Cutting Blvd.,3,2,"Bayview Ave, I-80 E",Mostly Cloudy,44.1
2017-01-01 02:00:00,67.24,Normal traffic flow,0,0,,Clear,58.4
2017-01-01 03:00:00,67.26,Shoulder blocked on exit ramp due to accident on I-880 Northbound for CA-84. | #1 lane blocked due to accident on I-880 Northbound at CA-17.,3,3,"I-880 N, CA-17 S",Overcast,45.7
2017-01-01 04:00:00,68.23,Normal traffic flow,0,0,,Clear,58.4
2017-01-01 05:00:00,68.72,Normal traffic flow,0,0,,Clear,58.4
2017-01-01 06:00:00,68.63,Normal traffic flow,0,0,,Clear,58.4
2017-01-01 07:00:00,68.46,Normal traffic flow,0,0,,Clear,58.4
2017-01-01 08:00:00,68.98,Normal traffic flow,0,0,,Clear,58.4
2017-01-01 09:00:00,69.24,Normal traffic flow,0,0,,Clear,58.4
2017-01-01 10:00:00,67.18,Normal traffic flow,0,0,,Clear,58.4
2017-01-01 11:00:00,66.5,Normal traffic flow,0,0,,Clear,58.4
2017-01-01 12:00:00,65.99,Normal traffic flow,0,0,,Clear,58.4
2017-01-01 13:00:00,66.09,Normal traffic flow,0,0,,Clear,58.4
2017-01-01 14:00:00,66.15,Normal traffic flow,0,0,,Clear,58.4
2017-01-01 15:00:00,66.18,Normal traffic flow,0,0,,Clear,58.4
2017-01-01 16:00:00,65.54,Normal traffic flow,0,0,,Clear,58.4
2017-01-01 17:00:00,67.98,Normal traffic flow,0,0,,Clear,58.4
2017-01-01 18:00:00,68.19,Normal traffic flow,0,0,,Clear,58.4
2017-01-01 19:00:00,68.54,Normal traffic flow,0,0,,Clear,58.4
2017-01-01 20:00:00,68.64,Normal traffic flow,0,0,,Clear,58.4
2017-01-01 21:00:00,68.54,Normal traffic flow,0,0,,Clear,58.4
2017-01-01 22:00:00,68.62,Normal traffic flow,0,0,,Clear,58.4
2017-01-01 23:00:00,68.07,Normal traffic flow,0,0,,Clear,58.4
2017-01-02 00:00:00,67.78,Normal traffic flow,0,0,,Clear,58.4
2017-01-02 01:00:00,67.08,Normal traffic flow,0,0,,Clear,58.4
2017-01-02 02:00:00,67.02,Normal traffic flow,0,0,,Clear,58.4
2017-01-02 03:00:00,67.77,Normal traffic flow,0,0,,Clear,58.4
2017-01-02 04:00:00,69.09,Normal traffic flow,0,0,,Clear,58.4
2017-01-02 05:00:00,69.74,Normal traffic flow,0,0,,Clear,58.4
2017-01-02 06:00:00,60.03,Normal traffic flow,0,0,,Clear,58.4
2017-01-02 07:00:00,47.95,Normal traffic flow,0,0,,Clear,58.4
2017-01-02 08:00:00,51.73,Normal traffic flow,0,0,,Clear,58.4
2017-01-02 09:00:00,64.69,Normal traffic flow,0,0,,Clear,58.4
2017-01-02 10:00:00,66.57,Normal traffic flow,0,0,,Clear,58.4
2017-01-02 11:00:00,67.27,Normal traffic flow,0,0,,Clear,58.4
2017-01-02 12:00:00,67.19,At Washington St - Accident. Left lane blocked.,2,1,I-280 S,Overcast,52.0
2017-01-02 13:00:00,67.1,Accident on I-280 Southbound at Exit 53 Alemany Blvd. On the median.,3,1,I-280 S,Overcast,52.0
2017-01-02 14:00:00,66.87,Accident on CA-87 Guadalupe Pkwy Northbound at Exit 8 Skyport Dr. | Right lane blocked due to accident on I-280 Southbound near Exit 48 Junipero Serra Blvd.,3,3,"Guadalupe Pkwy N, I-280 S, Nimitz Fwy S",Mostly Cloudy,51.3
2017-01-02 15:00:00,67.06,Right hand shoulder closed due to accident on I-280 Northbound between Exits 1 1B 2 11th St and Exit 2A 4th St. | Shoulder blocked on exit ramp due to accident on I-280 Northbound for Geneva Ave.,3,4,"S 3rd St, John F Foran Fwy, Santa Cruz Ave",Mostly Cloudy,50.3
2017-01-02 16:00:00,66.92,Shoulder blocked on exit ramp due to accident on CA-85 Southbound for Exit 9 Union Ave. | Right hand shoulder blocked due to accident on CA-87 Guadalupe Pkwy Southbound near Exit 8 Skyport Dr.,3,3,"CA-85 S, Guadalupe Pkwy N, I-880 N",Mostly Cloudy,50.7
2017-01-02 17:00:00,65.92,Right hand shoulder blocked due to accident on County Hwy-G2 Lawrence Expy Northbound at Kifer Rd. | Accident on US-101 Northbound before CA-109 University Ave.,3,7,"Lawrence Expy, US-101 N, I-680 N",Overcast,49.8
2017-01-02 18:00:00,66.61,Right hand shoulder blocked due to accident on County Hwy-G4 San Tomas Expy Northbound after Forbes Ave. | Right hand shoulder blocked due to accident on I-980 Eastbound before 14th St.,3,4,"San Tomas Expy, I-980 W, Junipero Serra Fwy N",Mostly Cloudy,50.0
2017-01-02 19:00:00,68.1,Right hand shoulder blocked due to accident on I-280 Northbound before Exit 44 Avalon Dr. | Right lane blocked due to accident on Fashion Island Blvd at Edgewater Blvd.,3,3,"Junipero Serra Fwy N, J Arthur Younger Fwy W, CA-17 N",Mostly Cloudy,48.1
2017-01-02 20:00:00,68.54,#1 lane blocked due to accident on I-680 Northbound before Exit 40 El Cerro Blvd. | Right hand shoulder blocked due to accident on US-101 Northbound before Toll Plaza.,3,4,"I-680 N, Golden Gate Brg S, McBryde Ave",Light Rain,48.7
2017-01-02 21:00:00,68.7,Shoulder blocked on exit ramp due to accident on I-280 Southbound from Monterey Blvd. | Right hand shoulder blocked due to accident on US-101 Southbound before Exits 384 385 Story Rd.,3,2,"I-280 S, Bayshore Fwy S",Light Rain,48.6
2017-01-02 22:00:00,68.48,Normal traffic flow,0,0,,Clear,58.4
2017-01-02 23:00:00,68.06,Accident on I-238 Southbound at Exit 14 I-580.,3,1,I-238 S,Overcast,48.9
2017-01-03 00:00:00,67.74,Normal traffic flow,0,0,,Clear,58.4
2017-01-03 01:00:00,67.08,Lane blocked due to accident on I-580 Eastbound at MacArthur Blvd.,3,1,I-580 W,Overcast,48.9
2017-01-03 02:00:00,67.19,Normal traffic flow,0,0,,Clear,58.4
2017-01-03 03:00:00,67.57,One lane blocked due to accident on I-880 Southbound at Exit 40 Embarcadero.,3,1,Nimitz Fwy S,Light Rain,48.9
2017-01-03 04:00:00,69.19,Right hand shoulder blocked due to accident on I-80 Eastbound around Exits 8A 8B I-880. | Lane blocked due to accident on I-80 I-580 Eastbound at Exit 9 I-580.,3,5,"I-80 W, Ralston Ave, Park Blvd",Light Rain,48.8
2017-01-03 05:00:00,63.87,#2 lane blocked due to accident on I-580 Eastbound at I-80. | At 3rd Ave/Exit 416 - Accident.,3,2,"I-580 W, Bayshore Fwy N",Light Rain,49.1
2017-01-03 06:00:00,48.19,#1 lane blocked and left hand shoulder blocked due to accident on I-880 Southbound after Oak St. | At Oak St - Accident.,3,4,"I-880 N, Nimitz Fwy S, US-101 N",Light Rain,49.6
2017-01-03 07:00:00,29.88,Right hand shoulder blocked due to accident on I-280 Northbound at Exit 55 Indiana St. | Accident on 29th St at Fruitvale Ave.,3,5,"John F Foran Fwy N, Fruitvale Ave, J Arthur Younger Fwy W",Overcast,49.6
2017-01-03 08:00:00,54.46,#2 lane blocked due to accident on US-101 Northbound near Exit 416 3rd Ave. | Right hand shoulder blocked due to accident on I-880 Northbound near Exit 36 Hegenberger Rd.,3,5,"E 3rd Ave, I-880 N, Norman Y Mineta Hwy",Overcast,49.4
2017-01-03 09:00:00,62.22,Accident on I-880 Southbound near Exit 41B I-980. | Lane blocked on exit ramp due to accident on I-880 Northbound at Exit 10 Dixon Landing Rd.,3,8,"Nimitz Fwy S, I-880 N, James Lick Fwy N",Overcast,50.4
2017-01-03 10:00:00,62.86,Accident on San Pablo Dam Rd at El Portal Dr. | At Hillsdale Blvd/Exit 414A - Accident.,2,4,"San Pablo Dam Rd, E Hillsdale Blvd, I-880 N",Overcast,51.8
2017-01-03 11:00:00,63.05,Slow lane blocked due to accident on I-280 Northbound near Exit 33 CA-92. | Accident on CA-84 Westbound at Exit 37 Ardenwood Blvd.,3,4,"Junipero Serra Fwy N, CA-84 W, San Tomas Expy",Light Rain,53.5
2017-01-03 12:00:00,62.92,At Sir Francis Drake Blvd - Accident.,2,1,I-580 W,Overcast,50.0
2017-01-03 13:00:00,62.06,Accident on I-280 Southbound at Exit 1A McLaughlin Ave. | Accident on US-101 Southbound at Exit 414A Hillsdale Blvd.,3,5,"I-280 S, Bayshore Fwy S, Junipero Serra Fwy N",Light Rain,53.1
2017-01-03 14:00:00,61.38,Lane blocked on exit ramp due to accident on US-101 Northbound at Exit 409 Whipple Ave. | Accident on CA-24 Westbound near Exit 7A Old Tunnel Rd.,2,4,"Bayshore Fwy S, Grove Shafter Fwy W, Camino Pablo",Light Rain,53.4
2017-01-03 15:00:00,59.38,Accident on Shamrock Dr at Kavanagh Rd. | Accident on I-580 Westbound at Exits 2 2B Main St.,3,6,"Kavanagh Rd, Main St, I-880 N",Light Rain,53.0
2017-01-03 16:00:00,59.78,Accident on I-580 Eastbound at Exits 1 1B US-101. | #4 lane blocked due to accident on I-280 Northbound at Exit 36 Golf Course Dr.,3,6,"I-580 E, Junipero Serra Fwy N, I-280 S",Light Rain,53.8
2017-01-03 17:00:00,58.86,Accident on CA-85 Northbound at Cottle Rd. | Accident on US-101 Northbound at Exits 451 451A 451B I-580.,3,10,"Norman Y Mineta Hwy, US-101 N, I-280 S",Light Rain,54.2
2017-01-03 18:00:00,57.19,Accident on I-80 Westbound at Exits 8A 8B I-880. | Lane blocked on exit ramp due to accident on I-880 Northbound at Exit 36 Hegenberger Rd.,3,13,"I-80 W, Nimitz Fwy S, Trimble Rd",Light Rain,54.2
2017-01-03 19:00:00,59.48,Accident on I-880 Northbound at Exit 44 Frontage Rd. | Accident on I-880 Northbound at Exit 37 66th Ave.,3,3,"I-880 N, I-80 E",Light Rain,54.3
2017-01-03 20:00:00,58.82,Accident on I-280 Northbound at Exit 51 Ocean Ave. | Accident on I-580 Eastbound at Exit 24 Montana St.,3,6,"John F Foran Fwy, I-580 E, Guadalupe Pkwy N",Light Rain,54.7
2017-01-03 21:00:00,59.58,Right hand shoulder blocked due to accident on CA-237 Westbound around Exit 5 County Hwy-G2 Lawrence Expy. | Accident on CA-85 Southbound at Exit 4 Blossom Hill Rd.,3,8,"CA-237 W, CA-85 S, I-280 S",Light Rain,55.3
2017-01-03 22:00:00,60.09,Accident on I-680 Northbound at Exits 49 49A 49B 50 CA-242. | Accident on I-880 Northbound at Exit 15 Auto Mall Pkwy.,3,6,"I-680 N, I-880 N, Junipero Serra Fwy N",Light Rain,55.6
2017-01-03 23:00:00,59.99,Normal traffic flow,0,0,,Clear,58.4
2017-01-04 00:00:00,60.72,Right hand shoulder blocked due to accident on I-280 Southbound at Exits 1C 5A 5B CA-17. | Accident on US-101 Northbound at Exits 454 454B San Pedro Rd.,3,2,"I-880 S, US-101 N",Light Drizzle,56.1
2017-01-04 01:00:00,60.73,One lane blocked due to accident and vehicles spun around on I-280 Northbound at Exit 7 Saratoga Ave. | Right hand shoulder blocked due to accident on CA-85 Northbound at Exit 11B Winchester Blvd.,3,4,"Saratoga Ave, Winchester Blvd, Sinclair Fwy N",Light Rain,57.0
2017-01-04 02:00:00,60.74,Lane blocked due to accident on I-280 Northbound at Exit 29 Edgewood Rd. | Lane blocked due to accident on US-101 Northbound at Exits 450A 450B Redwood Hwy.,3,6,"Junipero Serra Fwy N, US-101 S, San Francisco-Oakland Bay Brg E",Light Rain,57.1
2017-01-04 03:00:00,60.57,Normal traffic flow,0,0,,Clear,58.4
2017-01-04 04:00:00,61.27,Normal traffic flow,0,0,,Clear,58.4
2017-01-04 05:00:00,58.72,Normal traffic flow,0,0,,Clear,58.4
2017-01-04 06:00:00,47.42,Normal traffic flow,0,0,,Clear,58.4
2017-01-04 07:00:00,30.38,Normal traffic flow,0,0,,Clear,58.4
2017-01-04 08:00:00,32.33,Normal traffic flow,0,0,,Clear,58.4
2017-01-04 09:00:00,56.02,Normal traffic flow,0,0,,Clear,58.4
2017-01-04 10:00:00,61.82,Normal traffic flow,0,0,,Clear,58.4
2017-01-04 11:00:00,62.28,At CA-13/Ashby Ave/Bay St - Accident. Left lane blocked. | At I-880/Nimitz Fwy - Accident. Left lane blocked.,2,3,"I-580 W, Auto Mall Pkwy, Grove Shafter Fwy E",Overcast,53.6
2017-01-04 12:00:00,61.63,Shoulder blocked on entry ramp due to accident on I-380 Eastbound from CA-82 El Camino Real. | Shoulder blocked on exit ramp due to accident on I-280 Northbound at Exit 24 Sand Hill Rd.,3,3,"I-380 W, Junipero Serra Fwy N, Guadalupe Fwy N",Overcast,53.6
2017-01-04 13:00:00,62.46,Accident on I-80 I-580 Eastbound near Exit 10 I-580.,3,1,Ashby Ave,Overcast,54.0
2017-01-04 14:00:00,61.96,Right hand shoulder blocked due to accident on CA-237 Eastbound at Exits 1A 1B CA-85. | Accident on I-880 Northbound at Exits 30 31A I-238.,3,2,"CA-237 E, I-880 N",Light Rain,52.6
2017-01-04 15:00:00,59.21,Lane blocked on exit ramp due to accident on I-880 Northbound at Exit 19 Thornton Ave. | Accident on CA-237 Eastbound at Exit 7 1st St.,3,4,"CA-84 W, Southbay Fwy, I-580 W",Light Rain,51.9
2017-01-04 16:00:00,58.92,Accident on I-880 Southbound at Exit 40 Embarcadero. | #2 lane blocked due to accident on I-980 Eastbound at Exits 2A 2B I-580.,3,3,"Nimitz Fwy S, I-580 E, US-101 N",Light Rain,51.7
2017-01-04 17:00:00,59.86,At Powell St - Accident. | At University Ave - Accident.,3,4,"Eastshore Fwy W, I-580 W, Bayshore Fwy S",Light Rain,50.7
2017-01-04 18:00:00,59.84,Accident on I-880 Northbound at Exits 4B 4C US-101. | #1 lane blocked due to accident on I-880 Northbound at Exit 37 66th Ave.,3,7,"I-880 N, Central Ave, Lafayette St",Overcast,50.0
2017-01-04 19:00:00,60.61,Accident on US-101 Northbound at Exit 422 Airport Access Rd. | Accident on I-280 Southbound at Exits 1 1B 2 11th St.,3,4,"US-101 N, I-280 S, Guadalupe Fwy S",Light Rain,49.2
2017-01-04 20:00:00,59.22,Lane blocked on exit ramp due to accident on I-80 I-580 Eastbound at Exit 11 I-580. | Lane blocked on entry ramp from two due to accident on I-380 Eastbound at Exit 5 CA-82 El Camino Real.,3,8,"I-580 W, I-380 E, Eastshore Fwy W",Overcast,48.5
2017-01-04 21:00:00,56.96,Accident on Lewelling Blvd at Ronda St. | Lane blocked on exit ramp due to accident on CA-85 Southbound at Exits 18 19 Stevens Creek Blvd.,3,7,"Ronda St, CA-85 S, CA-237 W",Light Rain,48.5
2017-01-04 22:00:00,58.64,Accident on CA-1 Coast Hwy Northbound at CA-1 Coast Hwy Cabrillo Hwy. | Accident on CA-185 14th St at 164th Ave.,3,7,"Coast Hwy, 164th Ave, CA-17 N",Light Rain,48.1
2017-01-04 23:00:00,60.24,Lane blocked due to accident on US-101 Southbound at Exits 420 421 Millbrae Ave. | At Geneva Ave - Accident.,4,2,"Bayshore Fwy S, John F Foran Fwy",Light Rain,46.9
2017-01-05 00:00:00,60.89,Right hand shoulder blocked due to accident now on the shoulder on I-880 Southbound at Exit 41B I-980. | Right hand shoulder blocked due to accident now on the shoulder on I-880 Southbound at Exit 44 Frontage Rd.,3,6,"Nimitz Fwy S, I-880 S, I-580 W",Overcast,47.4
2017-01-05 01:00:00,60.72,Shoulder blocked on entry ramp due to accident on US-101 Northbound at Exits 420 421 Millbrae Ave. | Lane blocked due to accident on County Hwy-G2 Lawrence Expy both ways at CA-82 El Camino Real.,3,7,"Millbrae Ave, Lawrence Expy, Sinclair Fwy N",Overcast,46.9
2017-01-05 02:00:00,60.78,Lane blocked due to accident on US-101 Northbound at Exit 416 3rd Ave. | Lane blocked due to accident on Grove Way both ways at Redwood Rd.,3,6,"E 3rd Ave, Grove Way, I-680 N",Overcast,46.4
2017-01-05 03:00:00,60.98,Accident on I-580 Eastbound near Exit 24 35th Ave. | Accident on CA-87 Southbound at Exits 1 1D Capitol Expy.,3,3,"I-580 E, Guadalupe Fwy N, I-680 N",Mostly Cloudy,45.4
2017-01-05 04:00:00,61.87,Normal traffic flow,0,0,,Clear,58.4
2017-01-05 05:00:00,60.57,Accident on 8th St both ways at Bryant St.,2,1,8th St,Mostly Cloudy,46.0
2017-01-05 06:00:00,50.39,At Paseo Padre Pky/Thornton Ave - Accident.,2,1,CA-84 W,Partly Cloudy,46.0
2017-01-05 07:00:00,34.72,Lane blocked on entry ramp due to accident on CA-4 Westbound at Exit 11 Morello Ave. | Ramp to CA-92/Fashion Island Blvd/Exit 414B - Accident.,3,6,"CA-4 W, CA-92 E, US-101 N",Clear,43.4
2017-01-05 08:00:00,33.87,At Marina Blvd - Accident. | At Blossom Hill Rd/Silver Creek Valley Rd - Accident. Right lane blocked.,3,4,"Nimitz Fwy S, Bayshore Fwy S, I-580 W",Mostly Cloudy,45.0
2017-01-05 09:00:00,60.09,Accident on Five Canyons Pkwy Northbound at Fairview Ave. | Accident on US-101 Northbound at Exits 386A 386B McKee Rd.,3,6,"Five Canyons Pkwy, US-101 N, I-880 N",Partly Cloudy,48.1
2017-01-05 10:00:00,61.32,Accident on US-101 Eastbound at Exit 414B CA-92. | Lane blocked on entry ramp due to accident on US-101 Southbound at Exits 396A 396B Mathilda Ave.,3,4,"CA-92 E, Bayshore Fwy S, Mowry Ave",Partly Cloudy,49.5
2017-01-05 11:00:00,61.27,Accident on US-101 Southbound at Exit 378 Blossom Hill Rd. | Accident on Alhambra Valley Rd Eastbound at Castro Ranch Rd.,3,4,"Bayshore Fwy S, Castro Ranch Rd, Sinclair Fwy N",Partly Cloudy,49.7
2017-01-05 12:00:00,61.76,Queueing traffic due to accident on US-101 Northbound at Exit 394 County Hwy-G2 Lawrence Expy. | Right hand shoulder blocked due to accident on I-880 Northbound between Exit 28 Winton Ave and Exit 29 A St.,3,8,"Lawrence Expy, I-880 N, San Bruno Ave",Partly Cloudy,50.4
2017-01-05 13:00:00,61.68,Accident on CA-85 Northbound at Exit 20 Fremont Ave.,2,1,Norman Y Mineta Hwy,Clear,50.0
2017-01-05 14:00:00,61.81,#1 lane blocked due to accident on CA-35 Northbound at I-280. | Closed between Newark Blvd/Ardenwood Blvd and CA-84/Decoto Rd - Road closed due to accident.,4,4,"CA-35, CA-84 E, CA-17 N",Partly Cloudy,51.3
2017-01-05 15:00:00,60.64,#1 lane blocked due to accident on CA-1 Southbound at Exits 509 509A Clarinada Ave. | Accident on I-80 Westbound at Exits 8A 8B I-880.,3,4,"Coast Hwy, I-80 W, Guadalupe Pkwy N",Partly Cloudy,50.6
2017-01-05 16:00:00,61.5,#5 lane blocked due to accident on US-101 Southbound at Exit 439 Transit Transfer Facility. | At 7th St/10th St/Virginia St - Accident.,2,5,"Golden Gate Brg S, I-280 S, US-101 N",Partly Cloudy,48.8
2017-01-05 17:00:00,61.27,Accident on I-680 Northbound at Exit 12 CA-262 Mission Blvd. | Accident on US-101 Northbound at Exits 400B 400C San Antonio Rd.,3,6,"I-680 N, US-101 N, I-580 E",Clear,48.3
2017-01-05 18:00:00,61.42,Two lanes blocked due to accident on I-880 Northbound at Exit 29 A St. | Accident on CA-85 Northbound at Exits 19A 19B Homestead Rd.,3,9,"I-880 N, Norman Y Mineta Hwy, CA-17 S",Clear,43.8
2017-01-05 19:00:00,62.82,#5 lane blocked due to accident on US-101 Northbound at Exit 402 Embarcadero Rd. | Slow lane blocked due to accident on I-280 Southbound at Exit 2A 4th St.,3,5,"US-101 N, I-280 S, San Tomas Expy",Clear,44.1
2017-01-05 20:00:00,63.11,Accident on I-880 Southbound at Exit 26 Tennyson Rd. | #1 lane blocked due to accident on I-880 Southbound at Exit 29 A St.,3,7,"Nimitz Fwy S, I-880 N, CA-17 S",Clear,40.8
2017-01-05 21:00:00,63.24,Accident on US-101 Southbound at Exits 430A 430B 431 I-280. | Accident on I-880 Northbound at Exit 19 Thornton Ave.,3,4,"James Lick Fwy S, CA-84 W, Niles Canyon Rd",Clear,44.0
2017-01-05 22:00:00,62.75,Lane blocked on exit ramp due to accident on US-101 Southbound at Exits 400A 400B Rengstorff Ave. | Accident on CA-85 Southbound at Exits 10 11 Bascom Ave.,3,9,"US-101 N, CA-85 S, Bayshore Fwy S",Clear,41.4
2017-01-05 23:00:00,61.62,Lane blocked and queueing traffic due to accident on US-101 Northbound at Exit 415 Kehoe Ave. | Right hand shoulder blocked due to accident now on the shoulder on County Hwy-G4 San Tomas Expy Eastbound at Moorpark Ave.,2,2,"US-101 N, Moorpark Ave",Clear,38.6
2017-01-06 00:00:00,61.41,Slow lane blocked due to accident on I-880 Northbound at Exit 40 Embarcadero. | Left lane blocked due to accident on I-580 Westbound at Exit 23 Fruitvale Ave.,3,2,"I-880 N, I-580 W",Clear,39.0
2017-01-06 01:00:00,60.93,Normal traffic flow,0,0,,Clear,58.4
2017-01-06 02:00:00,60.93,Lane blocked due to accident on I-280 Southbound at Exit 6 Winchester Blvd.,3,1,S Winchester Blvd,Clear,32.0
2017-01-06 03:00:00,61.07,Right hand shoulder blocked due to accident on CA-87 Southbound at Exits 1 1D Capitol Expy. | Right hand shoulder blocked due to accident and smoke blowing across the road on I-580 Westbound at Exit 51 Isabel Ave.,3,2,"Guadalupe Fwy N, Isabel Ave",Clear,31.1
2017-01-06 04:00:00,62.29,At Appian Way - Accident.,2,1,I-80 W,Clear,32.0
2017-01-06 05:00:00,60.63,Left hand shoulder blocked and right hand shoulder blocked due to accident on I-980 Eastbound before I-580.,3,1,Grove Shafter Fwy E,Partly Cloudy,39.0
2017-01-06 06:00:00,57.72,Normal traffic flow,0,0,,Clear,58.4
2017-01-06 07:00:00,47.38,One lane blocked due to accident on I-80 Westbound at Exit 21 Appian Way. | At McKee Rd - Accident.,3,2,"I-80 E, I-680 S",Mostly Cloudy,34.0
2017-01-06 08:00:00,33.74,Right hand shoulder blocked due to accident on I-680 Southbound at Exit 31 Alcosta Blvd. | Right hand shoulder blocked due to accident on US-101 Northbound at Exit 388A Oakland Rd.,3,4,"I-680 S, US-101 N, Ellis St",Clear,36.2
2017-01-06 09:00:00,57.1,Right hand shoulder blocked due to accident on I-880 Northbound before Hesperian Blvd. | Accident on I-80 Westbound near Toll Plaza.,3,6,"Hesperian Blvd, I-80 W, J Arthur Younger Fwy W",Clear,43.2
2017-01-06 10:00:00,60.84,Slow lane blocked due to accident on CA-24 Westbound near Exit 7A Old Tunnel Rd. | Accident on I-280 Northbound before Alemany Blvd.,3,3,"Fish Ranch Rd, James Lick Fwy N, I-580 E",Mostly Cloudy,45.0
2017-01-06 11:00:00,62.28,Accident on I-80 Westbound near Toll Plaza. | #3 lane blocked and right hand shoulder blocked due to accident on I-280 Northbound before Exit 9 County Hwy-G2 Lawrence Expy.,3,10,"I-80 W, Junipero Serra Fwy N, I-880 N",Mostly Cloudy,46.9
2017-01-06 12:00:00,61.97,Right hand shoulder blocked due to accident on I-80 Westbound before Exits 8A 8B I-880. | #1 lane blocked due to accident on CA-24 Westbound before Exit 9 Camino Pablo.,3,2,"I-80 W, Bryant Way",Scattered Clouds,48.5
2017-01-06 13:00:00,61.87,Accident on CA-87 Guadalupe Pkwy Northbound before Exits 4 5 6 I-280. | Accident on I-880 Northbound at Exits 8A 8B 8C CA-237.,3,4,"Sinclair Fwy N, Nimitz Fwy S, I-880 N",Mostly Cloudy,48.7
2017-01-06 14:00:00,61.77,Right hand shoulder blocked due to accident on I-580 Westbound at Exits 30 31A MacArthur Blvd. | #3 and #4 lane blocked and queueing traffic due to accident on I-580 Westbound at Exits 9 9A 9B Harbour Way.,3,6,"Foothill Blvd, Harbour Way S, Bayshore Fwy S",Clear,47.8
2017-01-06 15:00:00,61.11,Accident on I-80 I-580 Westbound at Exit 9 I-580. | Accident on I-680 Northbound between Exits 18 18A Vargas Rd and Exits 21 21A 21B CA-84.,3,5,"Eastshore Fwy W, I-680 N,  Mission Blvd",Clear,46.0
2017-01-06 16:00:00,61.01,Accident on I-880 Northbound at Exits 1A 1B 1C Stevens Creek Blvd. | Accident on I-80 Eastbound at Exit 15 Cutting Blvd.,3,8,"I-880 N, I-80 E, I-580 E",Mostly Cloudy,47.0
2017-01-06 17:00:00,59.48,Accident on I-880 Northbound at Exit 24 Whipple Rd. | At Auto Mall Pky - Accident.,3,4,"I-880 N, Nimitz Fwy S, I-580 W",Mostly Cloudy,48.0
2017-01-06 18:00:00,61.08,Accident on I-680 Northbound at Exits 49 49A 49B 50 CA-242. | Accident on CA-1 Shoreline Hwy at Loring Ave.,3,14,"CA-242 S, Loring Ave, Keller Ave",Mostly Cloudy,46.6
2017-01-06 19:00:00,63.88,Accident on I-880 Southbound at Exit 42B Market St. | Accident on I-280 Southbound at Exit 10 Wolfe Rd.,3,5,"I-880 S, I-280 S, Concord Ave",Mostly Cloudy,46.7
2017-01-06 20:00:00,62.75,Accident on CA-24 Westbound at Exit 6 Caldecott Ln. | Accident on I-880 Northbound at Exits 33A 33B Marina Blvd.,3,9,"CA-24 W, Marina Blvd, US-101 N",Light Rain,47.9
2017-01-06 21:00:00,62.96,Accident on I-580 Westbound at Exits 26 26A 26B Mountain Blvd. | Accident on I-280 Northbound at Exit 6 Winchester Blvd.,3,6,"I-580 W, Junipero Serra Fwy N, CA-24 E",Overcast,46.8
2017-01-06 22:00:00,63.17,Lane blocked due to accident on US-101 Southbound at Exits 400B 400C San Antonio Rd. | Accident on I-880 Northbound at Exit 3 Airport Blvd.,3,7,"US-101 N, I-880 N, N 4th St",Overcast,46.6
2017-01-06 23:00:00,62.3,Queueing traffic and 3rd lane blocked due to accident on I-80 I-580 Westbound at Exit 9 I-580. | Accident on I-680 Southbound at Exit 14 Auto Mall Pkwy.,3,2,"Eastshore Fwy W, I-680 S",Light Rain,46.4
2017-01-07 00:00:00,61.85,Normal traffic flow,0,0,,Clear,58.4
2017-01-07 01:00:00,61.26,Normal traffic flow,0,0,,Clear,58.4
2017-01-07 02:00:00,60.85,Accident on I-880 Southbound at Exit 44 Frontage Rd.,3,1,I-880 S,Light Rain,44.1
2017-01-07 03:00:00,60.91,Accident on I-880 Southbound at Exit 41B I-980. On the median. | Accident on Fish Ranch Rd at Old Tunnel Rd.,3,4,"Nimitz Fwy S, Fish Ranch Rd, I-580 W",Light Rain,44.0
2017-01-07 04:00:00,61.12,Normal traffic flow,0,0,,Clear,58.4
2017-01-07 05:00:00,61.63,Accident on Shattuck Ave at 51st St. | Accident on US-101 Southbound at Exits 400B 400C San Antonio Rd.,2,2,"Shattuck Ave, US-101 N",Light Rain,48.9
2017-01-07 06:00:00,61.11,Lane blocked due to accident on I-238 Northbound at Exit 14 I-580.,3,1,Foothill Blvd,Light Rain,46.0
2017-01-07 07:00:00,60.46,Accident on I-580 Westbound at Exit 37 Grove Way.,2,1,I-580 W,Overcast,53.1
2017-01-07 08:00:00,60.18,Normal traffic flow,0,0,,Clear,58.4
2017-01-07 09:00:00,61.16,Accident on US-101 Northbound at Exits 381 382 Yerba Buena Rd. Car rolled into right hand shoulder ditch. | #2 lane blocked due to accident on US-101 Southbound at Exit 442 Sausalito Lateral.,2,2,"US-101 N, US-101 S",Overcast,57.8
2017-01-07 10:00:00,57.09,#1 lane blocked due to accident on I-80 Westbound at Exit 4A Treasure Is.,3,1,San Francisco-Oakland Bay Brg E,Overcast,55.9
2017-01-07 11:00:00,57.56,Normal traffic flow,0,0,,Clear,58.4
2017-01-07 12:00:00,56.04,Normal traffic flow,0,0,,Clear,58.4
2017-01-07 13:00:00,55.64,Lane blocked on exit ramp due to accident on I-880 Southbound at Exit 5 Brokaw Rd. | Accident on I-80 Eastbound at Exits 8A 8B I-880.,3,2,"I-880 S, I-80 E",Haze,58.4
2017-01-07 14:00:00,56.73,Accident on I-280 Northbound at Exit 7 Saratoga Ave. | Accident on US-101 Northbound at Exit 422 Airport Access Rd.,3,4,"Junipero Serra Fwy N, US-101 N, Emily Ct",Overcast,60.0
2017-01-07 15:00:00,57.0,Accident on US-101 Southbound at Exits 384 385 Story Rd. | Accident on I-80 I-580 Eastbound at I-580.,3,4,"Bayshore Fwy S, I-80 E, I-280 S",Overcast,60.5
2017-01-07 16:00:00,58.05,Accident on US-101 Northbound at Exit 380 Hellyer Ave. | Accident on I-580 Eastbound at Exits 8B 19A I-80 I-580.,3,10,"US-101 N, I-80 E, CA-17 S",Overcast,59.8
2017-01-07 17:00:00,57.15,Normal traffic flow,0,0,,Clear,58.4
2017-01-07 18:00:00,59.32,Right lane blocked due to accident on US-101 Southbound at Exit 442 Sausalito Lateral.,2,1,Sausalito Lateral,Light Rain,59.0
2017-01-07 19:00:00,60.91,Accident on US-101 Southbound at Exit 444 Rodeo Ave. | Accident on I-80 Eastbound at Exits 2 2A Harrison St.,3,3,"US-101 S, 4th St, S Winchester Blvd",Light Rain,58.3
2017-01-07 20:00:00,58.6,Normal traffic flow,0,0,,Clear,58.4
2017-01-07 21:00:00,59.59,At Park Ave/Exit 6 - Accident.,3,1,Guadalupe Pkwy S,Rain,57.9
2017-01-07 22:00:00,58.52,Queueing traffic and right hand shoulder blocked due to accident on I-280 Northbound at Exit 15 Eastbrook Ave. | Right hand shoulder blocked due to accident on US-101 Northbound at Exits 400A 400B Rengstorff Ave.,3,2,"Junipero Serra Fwy N, US-101 N",Light Rain,57.0
2017-01-07 23:00:00,59.82,Normal traffic flow,0,0,,Clear,58.4
2017-01-08 00:00:00,60.63,Accident on CA-87 Guadalupe Pkwy Southbound at Exit 6B Julian St. | Accident on CA-87 Guadalupe Pkwy Southbound at Exit 6A Santa Clara St.,3,7,"W Julian St, W Santa Clara St, S 11th St",Rain,58.7
2017-01-08 01:00:00,60.19,Right hand shoulder blocked due to accident on US-101 Northbound at Exits 419A 419B Rollins Rd. | Three lanes blocked due to accident on CA-85 Northbound at I-280.,2,2,"US-101 N, CA-85 S",Light Rain,56.4
2017-01-08 02:00:00,60.83,Accident on I-880 Northbound at Exit 44 Frontage Rd. On the median. | One lane blocked due to accident on I-880 Southbound at Exit 40 Embarcadero.,3,8,"I-880 N, Nimitz Fwy S, Brown Dr",Light Rain,57.8
2017-01-08 03:00:00,60.78,Normal traffic flow,0,0,,Clear,58.4
2017-01-08 04:00:00,61.02,Right hand shoulder blocked due to accident on I-880 Southbound at Exit 41A 6th St. | Accident on I-580 Westbound at Exit 22A MacArthur Blvd. On the median.,3,7,"I-880 N, I-580 W, Bayshore Fwy S",Light Rain,59.6
2017-01-08 05:00:00,61.29,Fast lane blocked and right hand shoulder blocked due to accident on I-680 Northbound at Exits 42A 42B Stone Valley Rd. | Accident on I-680 Northbound at Exit 39 Diablo Rd. On the median.,3,4,"I-680 N, E Castro Valley Blvd",Light Rain,61.3
2017-01-08 06:00:00,61.09,Accident on Lakeshore Ave at I-580. | Right hand shoulder blocked due to accident on I-880 Southbound after Exit 38 CA-77 42nd Ave.,3,3,"Lake Park Ave, 42nd Ave, Nimitz Fwy S",Light Thunderstorms and Rain,58.6
2017-01-08 07:00:00,60.92,Right hand shoulder blocked due to accident on I-280 Southbound at Exit 52 Bosworth St. | Middle lane blocked due to accident on I-80 Eastbound at Exits 1 1C Bryant St.,3,2,"John F Foran Fwy, James Lick Fwy N",Overcast,63.0
2017-01-08 08:00:00,59.02,At CA-262/Mission Blvd/Warren Ave - Accident.,3,1,I-880 N,Rain,59.0
2017-01-08 09:00:00,56.33,#1 lane blocked due to accident and stalled vehicle on I-580 Westbound at Exit 22A MacArthur Blvd. | Right hand shoulder blocked due to accident on I-280 Northbound at Exits 49 49B CA-1.,3,2,"I-580 W, I-280 N",Light Rain,61.0
2017-01-08 10:00:00,59.91,#1 lane blocked due to accident on I-280 Northbound at Exits 43A 43B I-380. | Accident on I-680 Northbound at Exits 1D 2A Capitol Expy.,3,2,"Junipero Serra Fwy N, I-680 N",Light Rain,61.9
2017-01-08 11:00:00,55.08,Accident on Alcatraz Ave Eastbound at Racine St. | Accident on I-280 Northbound at Exit 41 CA-35. On entry ramp.,3,3,"Racine St, Junipero Serra Fwy N, Oak Hill Rd",Light Rain,62.1
2017-01-08 12:00:00,52.66,Accident on I-280 Northbound at Exit 29 Edgewood Rd. | Serious accident and recovery work on I-880 Northbound at Exits 12 12A 12B CA-262 Mission Blvd.,3,2,"Junipero Serra Fwy N, I-880 N",Rain,63.5
2017-01-08 13:00:00,55.43,Accident and flooded road on I-680 Northbound at Exits 1B 1C King Rd. | Right hand shoulder blocked due to accident on I-280 Southbound in Half Moon Bay.,3,3,"I-680 N, I-280 S, I-580 E",Rain,61.5
2017-01-08 14:00:00,56.5,Accident and vehicles spun around on I-880 Southbound at Exit 15 Auto Mall Pkwy. | Fast lane blocked due to accident on US-101 Southbound at Exit 432 Potrero Ave.,3,5,"Nimitz Fwy S, James Lick Fwy S, I-680 N",Light Rain,61.4
2017-01-08 15:00:00,54.84,Accident on I-80 Eastbound at Exit 20 Blume Dr. | Accident on CA-87 Southbound at Exits 3 3A Curtner Ave.,4,4,"I-80 E, Guadalupe Fwy S, Nimitz Fwy S",Light Rain,59.4
2017-01-08 16:00:00,57.78,Accident on I-880 Southbound at Exit 40 Embarcadero. | Accident on I-580 Westbound at Exit 22A MacArthur Blvd.,3,5,"Nimitz Fwy S, I-580 W, CA-85 N",Light Rain,59.8
2017-01-08 17:00:00,59.78,#1 lane blocked due to accident on US-101 Northbound at Exits 386A 386B McKee Rd. | Accident on I-280 Northbound at CA-92.,3,4,"US-101 N, CA-92 E, Junipero Serra Fwy N",Light Rain,61.5
2017-01-08 18:00:00,58.49,Accident on CA-24 Eastbound at Exit 14 Pleasant Hill Rd. | Accident on I-580 Westbound at Exit 22A MacArthur Blvd.,3,8,"CA-24 E, I-580 W, I-680 S",Light Rain,60.0
2017-01-08 19:00:00,62.17,#3 lane blocked due to accident on I-280 Southbound at Exits 43A 43B I-380. | Middle lane blocked due to accident on CA-92 Eastbound at Exit 14B Chess Dr.,3,3,"I-280 S, CA-92 E, CA-24 W",Light Rain,60.3
2017-01-08 20:00:00,61.68,#1 lane blocked due to accident on US-101 Southbound at Exits 404A 404B CA-114 Willow Rd.,2,1,Bayshore Fwy S,Rain,60.8
2017-01-08 21:00:00,57.14,Accident on I-680 Northbound at Exit 39 Diablo Rd.,3,1,Diablo Rd,Partly Cloudy,61.0
2017-01-08 22:00:00,61.47,Normal traffic flow,0,0,,Clear,58.4
2017-01-08 23:00:00,61.22,Accident on CA-84 Westbound at Exit 37 Ardenwood Blvd.,2,1,CA-84 E,Rain,60.8
2017-01-09 00:00:00,61.21,Accident on I-280 Northbound at Exit 55 Pennsylvania Ave. | Accident on US-101 Southbound at Exits 386A 386B McKee Rd.,3,8,"Cesar Chavez, Bayshore Fwy S, I-680 N",Overcast,56.0
2017-01-09 01:00:00,60.66,Right hand shoulder blocked due to accident on US-101 Northbound before Exit 442 Sausalito Lateral. | Slow lane blocked due to accident on I-80 Eastbound at Exits 8A 8B I-880.,3,6,"Sausalito Lateral, I-80 W, E Lewelling Blvd",Overcast,57.1
2017-01-09 02:00:00,60.55,Right hand shoulder blocked due to accident on US-101 Northbound at Exits 420 421 Millbrae Ave. | Right hand shoulder blocked due to accident on US-101 Northbound at Exit 394 County Hwy-G2 Lawrence Expy.,3,7,"Millbrae Ave, Lawrence Expy, US-101 N",Mostly Cloudy,56.1
2017-01-09 03:00:00,60.95,Lane blocked due to accident on I-280 Northbound at Exits 49 49B CA-1. | Accident on Redwood Rd both ways around Buti Park Dr.,3,8,"John Daly Blvd, Buti Park Dr, Grove Way",Overcast,55.4
2017-01-09 04:00:00,61.64,Right lane blocked due to accident on US-101 Southbound at I-280 Exits 54 54A 54B. | One lane blocked due to accident on US-101 Southbound at Exits 423A 423B 423C I-380.,3,11,"I-280 S, Bayshore Fwy S, San Francisco-Oakland Bay Brg E",Overcast,54.6
2017-01-09 05:00:00,58.68,#1 lane blocked and left hand shoulder blocked due to accident on I-280 Southbound at EB I-380. | Ramp to Westbound I-80 Acc - Accident.,3,7,"Junipero Serra Fwy N, I-880 N, I-580 W",Mostly Cloudy,54.8
2017-01-09 06:00:00,37.67,Right hand shoulder blocked due to two accidents on I-580 Eastbound at I-680. | At I-880/Nimitz Fwy - Accident.,3,4,"I-680 N,  Mission Blvd, CA-24 W",Mostly Cloudy,52.7
2017-01-09 07:00:00,21.97,Accident on I-80 Westbound near Exits 8A 8B I-880. On the median. | At Concord Ave - Accident.,3,3,"I-80 W, CA-242 S, James Lick Fwy S",Mostly Cloudy,53.7
2017-01-09 08:00:00,28.66,Accident on I-80 Westbound at Exits 8A 8B I-880. | Accident on I-238 Northbound at Exits 16A 16B I-880.,3,2,"I-80 W, I-238 N",Mostly Cloudy,54.5
2017-01-09 09:00:00,57.08,Entry ramp closed due to fallen tree on I-680 Westbound at Exit 8 CA-237 Calaveras Blvd. | Accident on CA-24 Westbound at Exit 10 Saint Stephens Dr.,3,5,"E Calaveras Blvd, CA-24 W, I-680 N",Mostly Cloudy,55.0
2017-01-09 10:00:00,61.43,Normal traffic flow,0,0,,Clear,58.4
2017-01-09 11:00:00,61.18,Accident on San Pablo Dam Rd at Valley View Rd. | Accident on CA-85 Northbound at Exits 24B 24C US-101.,3,4,"San Pablo Dam Rd, US-101 N, I-280 S",Partly Cloudy,58.5
2017-01-09 12:00:00,60.91,Slow lane blocked and right hand shoulder blocked due to accident on I-680 Southbound at Exit 25 Pleasanton Sunol Rd. | At Eden Canyon Rd - Accident.,3,2,"I-680 S, I-580 E",Clear,57.4
2017-01-09 13:00:00,60.98,Normal traffic flow,0,0,,Clear,58.4
2017-01-09 14:00:00,58.65,Normal traffic flow,0,0,,Clear,58.4
2017-01-09 15:00:00,57.87,At Foothill Rd/San Ramon Rd - Accident. | At Stone Valley Rd - Accident.,2,2,"I-580 E, I-680 N",Mostly Cloudy,56.4
2017-01-09 16:00:00,59.1,Between High St and 35th Ave - Accident. | At Stevens Creek Blvd - Accident.,2,3,"I-580 W, I-880 S, Cabrillo Hwy N",Light Rain,55.3
2017-01-09 17:00:00,59.12,Normal traffic flow,0,0,,Clear,58.4
2017-01-09 18:00:00,59.7,Accident on I-880 Northbound at Exit 10 Dixon Landing Rd. | Slow lane blocked due to multi-vehicle accident on I-680 Northbound at Exits 42A 42B Stone Valley Rd.,3,5,"Nimitz Fwy N, I-680 N, I-80 E",Light Rain,54.4
2017-01-09 19:00:00,61.19,Accident on I-680 Northbound at Exit 46 Hillside Ave.,3,1,I-680 N,Light Rain,54.0
2017-01-09 20:00:00,62.59,Accident on CA-4 Eastbound at Exit 13 Arnold Industrial Pl. | Accident on US-101 Northbound at Exits 388B 388C I-880.,3,8,"Olivera Rd, I-880 N, I-280 S",Light Rain,54.6
2017-01-09 21:00:00,62.59,Slow lane blocked due to accident on I-280 Southbound at Exit 52 Bosworth St. | #2 lane blocked due to accident on I-580 Eastbound at Exit 22A MacArthur Blvd.,3,3,"John F Foran Fwy, I-580 E, Guadalupe Pkwy S",Light Rain,55.3
2017-01-09 22:00:00,61.94,Normal traffic flow,0,0,,Clear,58.4
2017-01-09 23:00:00,61.33,Normal traffic flow,0,0,,Clear,58.4
2017-01-10 00:00:00,61.16,Slow lane blocked and right hand shoulder blocked due to accident now on the shoulder on I-680 Southbound at Exit 4 Berryessa Rd. | Right hand shoulder blocked due to accident on I-680 Southbound at Exit 2B McKee Rd.,3,2,"Sinclair Fwy S, I-680 S",Rain,53.6
2017-01-10 01:00:00,60.82,At Pinole Valley Rd - Accident.,3,1,I-80 W,Light Rain,54.0
2017-01-10 02:00:00,60.78,Lane blocked due to accident on CA-82 El Camino Real Northbound at CA-85. | Lane blocked due to accident on US-101 Northbound at Exit 414B CA-92.,3,4,"Norman Y Mineta Hwy, CA-92 E, Grand Ave",Light Rain,54.8
2017-01-10 03:00:00,60.73,Middle lane blocked due to accident on I-80 Eastbound at Exit 4A Treasure Is. | One lane blocked due to accident on I-80 Eastbound at Exit 22 Pinole Valley Rd.,3,6,"San Francisco-Oakland Bay Brg E, Pinole Valley Rd, I-580 W",Light Rain,55.1
2017-01-10 04:00:00,60.48,One lane blocked due to accident on US-101 Northbound at Exits 454 454B San Pedro Rd. | Shoulder blocked on exit ramp due to accident on US-101 Southbound at Exits 419A 419B Rollins Rd.,2,4,"N San Pedro Rd, Bayshore Fwy S, Acalanes Rd",Light Rain,55.2
2017-01-10 05:00:00,50.18,At Marina Blvd - Accident. | At Broadway - Accident.,2,7,"Nimitz Fwy S, Castro St, CA-24 W",Light Rain,54.7
2017-01-10 06:00:00,31.13,Right hand shoulder blocked due to accident on I-580 Westbound at Grand Ave. | #1 lane blocked due to accident on I-880 Southbound before 29th Ave.,3,6,"Grand Ave, I-880 N, US-101 N",Light Rain,54.9
2017-01-10 07:00:00,22.41,Accident on 4th St at Fallon St. | Accident on CA-24 Westbound at Exit 11 Acalanes Rd.,3,5,"4th St, CA-24 W, Isabel Ave",Light Rain,54.6
2017-01-10 08:00:00,20.71,Delays and left lane blocked due to accident and vehicle fire on CA-24 Westbound at Exits 5 5A 5B CA-13 Warren Fwy. | Fast lane blocked due to accident on I-880 Southbound at Exits 33A 33B Marina Blvd.,3,6,"CA-24 W, Nimitz Fwy S, Berryessa Rd",Light Rain,54.8
2017-01-10 09:00:00,22.72,Right hand shoulder blocked due to accident on CA-24 Eastbound near Exit 7A Old Tunnel Rd. | Accident on US-101 Northbound near Exit 445A Donahue St.,3,9,"Caldecott Tunl E, US-101 N, I-680 N",Light Rain,55.7
2017-01-10 10:00:00,49.82,Accident on 5th St at Mission St. | Accident on I-680 Southbound at Exit 29 Stoneridge Dr. On the median.,3,3,"Mission St, I-680 S, US-101 S",Light Rain,58.3
2017-01-10 11:00:00,58.67,Lane blocked on exit ramp due to accident on I-880 Southbound at Exit 15 Auto Mall Pkwy. | Accident on I-280 Northbound near Exits 4 5A Meridian Ave.,3,4,"I-880 N, Sinclair Fwy N, Stevenson Blvd",Light Rain,58.5
2017-01-10 12:00:00,58.21,#1 lane blocked and queueing traffic due to accident on US-101 Southbound between Exit 443 Monte Mar Dr and Exit 442 Sausalito Lateral. | Shoulder blocked on entry ramp due to accident on I-80 Eastbound from Bryant St.,3,15,"Sausalito Lateral, James Lick Fwy N, CA-84 E",Light Rain,57.9
2017-01-10 13:00:00,57.15,At Edgewood Rd - Accident. | At Broadway - Accident.,2,18,"Junipero Serra Fwy N, Madison St, I-580 W",Light Rain,57.8
2017-01-10 14:00:00,58.9,Accident on CA-24 Westbound near Exit 13 Deer Hill Rd. | At 11th St - Accident.,2,14,"CA-24 W, I-980 W, I-680 S",Light Rain,58.3
2017-01-10 15:00:00,57.06,Right lane blocked due to accident on CA-87 Guadalupe Pkwy Southbound at CA-87 Guadalupe Pkwy. | #3&amp;#4 lane blocked due to accident on US-101 Northbound at Exit 450B Sir Francis Drake Blvd.,3,18,"Guadalupe Pkwy S, US-101 N, I-880 S",Light Rain,58.4
2017-01-10 16:00:00,58.78,#4 lane blocked due to accident on I-880 Northbound at Exit 41B I-980. | Right lane blocked due to accident on I-880 Northbound at Exit 40 Embarcadero.,3,16,"I-880 N, Nimitz Fwy S, I-680 N",Light Rain,58.9
2017-01-10 17:00:00,59.65,#1 lane blocked due to accident on I-680 Southbound at Exit 10 Scott Creek Rd. | #2&amp;#3 lane blocked due to accident on I-680 Southbound at Exit 9 Jacklin Rd.,3,17,"I-680 S, CA-24 W, Bayshore Fwy S",Light Rain,58.9
2017-01-10 18:00:00,60.49,#3&amp;#4 lane blocked due to accident on I-680 Northbound at Exit 38 Sycamore Valley Rd. | Fast lane blocked due to accident on US-101 Southbound at Exits 388B 388C I-880.,3,15,"I-680 N, Bayshore Fwy S, Junipero Serra Fwy S",Light Rain,59.3
2017-01-10 19:00:00,57.06,Entry ramp closed due to flooding on I-280 Northbound at Exit 6 Winchester Blvd. | At Page Mill Rd - Accident.,3,6,"Junipero Serra Fwy N, Tamalpais Dr, I-680 N",Heavy Rain,58.4
2017-01-10 20:00:00,57.3,#1 lane blocked due to accident on CA-24 Eastbound at Exit 14 Pleasant Hill Rd. | #1&amp;#2 lane blocked due to accident on CA-24 Westbound at Exit 10 Saint Stephens Dr.,2,2,"CA-24 E, CA-24 W",Rain,57.0
2017-01-10 21:00:00,60.59,Accident on I-880 Northbound at Exits 4B 4C US-101. | #2 lane blocked due to accident on I-880 Southbound at Exit 21 Decoto Rd.,3,3,"I-880 N, CA-84 E, Mission Rd",Mostly Cloudy,56.0
2017-01-10 22:00:00,61.34,#2 lane blocked due to accident on US-101 Southbound at Exits 449 449A Tamalpais Dr. | Accident on CA-4 Eastbound at Exit 12A Pacheco Blvd.,2,2,"Tamalpais Dr, Blum Rd",Light Rain,56.6
2017-01-10 23:00:00,62.21,Accident on I-880 Northbound at Exits 1A 1B 1D Bascom Ave.,3,1,I-880 N,Overcast,54.0
2017-01-11 00:00:00,60.91,1st lane blocked due to accident on I-380 Eastbound at Exit 5 CA-82 El Camino Real. On the median. | Lane blocked and queueing traffic due to accident on CA-17 Northbound at Exit 19 Santa Cruz Ave.,3,2,"I-380 E, E Main St",Mostly Cloudy,55.4
2017-01-11 01:00:00,60.87,Lane blocked due to accident on US-101 Northbound at Exit 415 Kehoe Ave. | Lane blocked due to accident on US-101 Northbound at Exit 414B CA-92.,3,3,"US-101 N, CA-92 E, W Tennyson Rd",Light Rain,55.3
2017-01-11 02:00:00,60.86,Lane blocked due to accident and vehicles spun around on I-580 Eastbound at Exits 34 35 I-238.,3,1,I-238 N,Overcast,55.0
2017-01-11 03:00:00,60.49,Two lanes blocked due to accident on I-680 Southbound at Exits 42A 42B Stone Valley Rd. | Three lanes blocked due to debris on road and accident on I-680 Southbound at Exit 41 El Pintado Rd.,3,4,"I-680 S, El Pintado Rd, San Francisco-Oakland Bay Brg E",Light Rain,53.7
2017-01-11 04:00:00,61.39,Right hand shoulder blocked due to accident on I-280 Southbound at Exit 51 Ocean Ave. | Lane blocked due to accident on I-80 I-580 Eastbound at I-580.,3,3,"Geneva Ave, I-580 E, N 1st St",Light Rain,53.7
2017-01-11 05:00:00,55.72,#5 lane blocked due to accident on US-101 Northbound before Millbrae Ave. | At Powell St - Accident.,3,4,"US-101 N, I-580 W, Warren Fwy N",Overcast,53.1
2017-01-11 06:00:00,37.55,At Airport Blvd/Produce Ave/Exit 424 - Accident. | At Winton Ave - Accident.,2,7,"Bayshore Fwy S, Nimitz Fwy S, I-580 W",Light Rain,51.9
2017-01-11 07:00:00,25.11,#1 lane blocked due to accident on CA-24 Westbound at Exit 7A Old Tunnel Rd. | At CA-85 - Accident.,2,4,"Caldecott Tunnel, CA-17 S, US-101 N",Mostly Cloudy,51.6
2017-01-11 08:00:00,26.29,Right hand shoulder blocked due to accident on I-580 Westbound before Exit 21B Grand Ave. | At CA-84/Thornton Ave - Accident.,3,7,"Grand Ave, Nimitz Fwy S, US-101 N",Mostly Cloudy,51.9
2017-01-11 09:00:00,29.77,Accident on US-101 Southbound at Airport Blvd. | #1 lane blocked due to accident on US-101 Southbound before Exit 397 Ellis St.,3,7,"Bayshore Fwy S, US-101 N, James Lick Fwy N",Overcast,53.0
2017-01-11 10:00:00,60.93,Accident on 166th Ave both ways at CA-185 14th St. | At Camino Pablo - Accident.,2,8,"E 14th St, CA-24 W, I-680 S",Mostly Cloudy,53.3
2017-01-11 11:00:00,62.91,Accident on US-101 Southbound at Exits 396B 396C CA-237. On the median.,2,1,Bayshore Fwy S,Overcast,54.0
2017-01-11 12:00:00,64.88,Shoulder blocked on exit ramp due to accident on I-680 Northbound at Exit 47 Main St. | Right hand shoulder blocked due to accident on US-101 Southbound at Exit 397 Ellis St.,3,5,"I-680 N, Bayshore Fwy S, E 3rd Ave",Mostly Cloudy,54.4
2017-01-11 13:00:00,62.67,Accident on I-880 Northbound near High St. | At Hesperian Blvd - Accident.,3,2,I-880 N,Clear,54.5
2017-01-11 14:00:00,62.04,At Clarinada Ave/Serramonte Blvd - Accident. | At Camden Ave/San Tomas Expy - Accident.,2,6,"Coast Hwy, CA-17 N, I-580 E",Mostly Cloudy,54.3
2017-01-11 15:00:00,61.17,At Blossom Hill Rd/Silver Creek Valley Rd - Accident. | At CA-13/Warren Fwy/Mountain Blvd - Accident.,2,7,"Bayshore Fwy S, Warren Fwy S, Grove Shafter Fwy E",Overcast,53.9
2017-01-11 16:00:00,61.78,#2 lane blocked due to accident on I-880 Northbound at Exits 30 31A I-238. | Left lane blocked due to accident on I-880 Northbound at Exit 31B Washington Ave.,3,5,"I-880 N, Nimitz Fwy S, Guadalupe Fwy S",Overcast,53.1
2017-01-11 17:00:00,60.02,At Ralston Ave/Marine Pky/Exit 412 - Accident. | At San Mateo-Hayward Brg - Accident.,2,6,"US-101 N, J Arthur Younger Fwy W, San Francisco-Oakland Bay Brg E",Mostly Cloudy,52.8
2017-01-11 18:00:00,60.54,#3 lane blocked due to accident on I-680 Northbound at Exits 49 49A 49B 50 CA-242. | Accident on CA-24 Eastbound at Exit 6 Caldecott Ln.,3,13,"CA-242 N, Grove Shafter Fwy E, I-580 W",Mostly Cloudy,51.1
2017-01-11 19:00:00,62.75,Accident on Gibbons Dr at Yale Dr. | At Stevens Creek Blvd - Accident.,2,9,"Gibbons Dr, I-880 S,  Industrial Pkwy W",Mostly Cloudy,51.3
2017-01-11 20:00:00,62.75,Accident on CA-17 Southbound at Exit 23 County Hwy-G4 Camden Ave. | Accident on CA-85 Northbound at Exit 6 Almaden Expy.,3,3,"CA-17 S, CA-85 N, Nimitz Fwy S",Mostly Cloudy,50.4
2017-01-11 21:00:00,62.46,#1 lane blocked due to accident on I-880 Southbound at Exit 40 Embarcadero. | Middle lane blocked due to accident on I-880 Northbound at Exit 10 Dixon Landing Rd.,3,4,"I-880 N, I-680 N, I-880 S",Mostly Cloudy,48.2
2017-01-11 22:00:00,62.11,Slow lane blocked due to accident on US-101 Southbound at Exit 383 Tully Rd.,2,1,Bayshore Fwy S,Scattered Clouds,48.2
2017-01-11 23:00:00,61.52,Right hand shoulder blocked due to accident now on the shoulder on I-580 Southbound at Exits 34 35 I-238. | Accident on I-280 Southbound at Exits 3A 3B Bird Ave.,3,2,"Mattox Rd, I-280 S",Mostly Cloudy,48.0
2017-01-12 00:00:00,61.24,Normal traffic flow,0,0,,Clear,58.4
2017-01-12 01:00:00,60.82,Normal traffic flow,0,0,,Clear,58.4
2017-01-12 02:00:00,60.68,Slow lane blocked due to accident on CA-17 Southbound at Exit 19 Santa Cruz Ave.,2,1,CA-17 S,Light Rain,48.9
2017-01-12 03:00:00,60.44,Slow lane blocked due to accident on US-101 Southbound at Exit 432 Potrero Ave. | Lane blocked due to accident on I-880 Northbound at Exits 12 12A 12B CA-262 Mission Blvd.,3,2,"James Lick Fwy S, I-880 N",Light Rain,46.6
2017-01-12 04:00:00,61.79,Middle lane blocked due to accident on US-101 Northbound at Exit 383 Tully Rd. | At I-238/Lewelling Blvd - Accident.,2,2,"Bayshore Fwy S, Nimitz Fwy S",Light Rain,47.6
2017-01-12 05:00:00,57.67,Slow lane blocked due to accident on I-580 Westbound at Gilman St. | #1 lane blocked due to accident on I-80 I-580 Eastbound at I-580.,3,5,"Eastshore Fwy W, I-80 E, Grove Shafter Fwy W",Light Rain,46.5
2017-01-12 06:00:00,35.46,Slow lane blocked due to accident on I-80 Eastbound at Treasure Is. | At I-880/Nimitz Fwy - Accident.,3,2,"San Francisco-Oakland Bay Brg E, Thornton Ave",Light Rain,46.6
2017-01-12 07:00:00,23.38,At Dyer St/Whipple Rd - Accident. | At CA-262/Mission Blvd/Warren Ave - Accident.,3,2,I-880 N,Mostly Cloudy,46.6
2017-01-12 08:00:00,25.76,Lane blocked on entry ramp due to accident on US-101 Southbound at Exit 416 3rd Ave. | Accident on I-80 Westbound at Exit 14B Carlson Blvd.,3,5,"Bayshore Fwy S, I-80 W, I-580 W",Mostly Cloudy,46.7
2017-01-12 09:00:00,33.22,Accident on I-580 Westbound at Exit 50 CA-84 Airway Blvd. | Accident on I-880 Northbound near Exit 19 Thornton Ave.,3,7,"I-580 W, Thornton Ave, W Jackson St",Mostly Cloudy,47.5
2017-01-12 10:00:00,61.09,Accident on I-680 Southbound near Exit 48 Main St. | At CA-84/Woodside Rd/Exit 408 - Accident. Right lane blocked.,3,2,"I-680 S, CA-84 W",Light Rain,47.1
2017-01-12 11:00:00,62.08,Accident on US-101 Southbound near Exits 454 454B San Pedro Rd. | Lane blocked on entry ramp due to accident on I-80 Westbound at Exit 22 Pinole Valley Rd.,3,4,"US-101 S, I-80 W, I-880 S",Overcast,49.0
2017-01-12 12:00:00,61.37,Right hand shoulder blocked due to accident on I-80 Westbound at Exit 22 Pinole Valley Rd. | Shoulder blocked on entry ramp due to accident on US-101 Northbound at Exit 393 Great America Pkwy.,3,6,"Pinole Valley Rd, US-101 N, I-880 S",Overcast,49.5
2017-01-12 13:00:00,61.88,Accident on I-580 Westbound at Exit 46 Hacienda Dr. | At Pruneridge Ave - Accident.,4,5,"I-580 W,  San Tomas Expy,  La Honda Rd",Mostly Cloudy,49.3
2017-01-12 14:00:00,62.39,Accident on El Portal Dr at Broadway Ave. | Between Pinole Valley Rd and CA-4 - Accident.,2,4,"San Pablo Ave, I-80 W, I-880 N",Mostly Cloudy,50.0
2017-01-12 15:00:00,59.96,Accident on Lucero Way at La Mesa Dr. | At Winchester Blvd - Accident.,2,5,"Lucero Way, I-280 S, Guadalupe Fwy S",Mostly Cloudy,50.6
2017-01-12 16:00:00,60.54,At US-101 - Accident. | At Taylor St/Exit 7 - Accident.,2,5,"I-880 S, Guadalupe Pkwy S, US-101 N",Mostly Cloudy,50.9
2017-01-12 17:00:00,60.51,Multi-vehicle accident on I-880 Northbound at Exit 5 Brokaw Rd. | Lane blocked on exit ramp due to multi-vehicle accident on I-80 I-580 Eastbound at Exit 11 I-580.,3,7,"I-880 N, I-580 W, Fort Miley Cir",Mostly Cloudy,49.1
2017-01-12 18:00:00,60.58,#1 lane blocked due to accident on I-280 Southbound at Exit 6 Winchester Blvd. | #2 lane blocked due to accident on CA-87 Northbound at County Hwy-G8 Almaden Expy.,3,14,"Junipero Serra Fwy N, Highway 87 Bikeway, Richmond-San Rafael Brg",Mostly Cloudy,48.6
2017-01-12 19:00:00,62.72,Accident on Foothill Blvd at Miramonte Ave. | Accident on Mission Ave Westbound at Green Way.,3,8,"Foothill Blvd, Mission Ave, CA-237 W",Mostly Cloudy,47.4
2017-01-12 20:00:00,62.59,Middle lane blocked due to accident on CA-87 Guadalupe Pkwy Southbound at Exits 4 5 6 I-280. | Accident on CA-84 Woodside Rd Southbound at Hess Rd.,3,3,"Guadalupe Pkwy S, Woodside Rd, James Lick Fwy N",Mostly Cloudy,47.5
2017-01-12 21:00:00,62.56,Slow lane blocked due to accident on I-880 Southbound at Exits 4B 4C US-101. | GP lane blocked due to accident on US-101 Northbound at Exit 394 County Hwy-G2 Lawrence Expy.,3,8,"I-880 S, US-101 N, I-280 S",Mostly Cloudy,46.5
2017-01-12 22:00:00,62.18,Accident on US-101 Northbound at Exit 439 Transit Transfer Facility. | #3 lane blocked due to accident on US-101 at Exits 400B 400C San Antonio Rd.,3,4,"Golden Gate Bridge, US-101 N, San Francisco-Oakland Bay Brg E",Mostly Cloudy,46.0
2017-01-12 23:00:00,61.83,Normal traffic flow,0,0,,Clear,58.4
2017-01-13 00:00:00,61.42,Normal traffic flow,0,0,,Clear,58.4
2017-01-13 01:00:00,61.04,Lane blocked due to accident on I-80 Eastbound at Exit 16A MacDonald Ave. | Accident on Via Mesa both ways around Via El Cerrito.,3,4,"MacDonald Ave, Via El Cerrito, I-880 N",Clear,41.8
2017-01-13 02:00:00,60.86,Lane blocked due to accident on US-101 Southbound at Exit 412 Ralston Ave.,2,1,Ralston Ave,Mostly Cloudy,44.6
2017-01-13 03:00:00,61.09,Accident on 8th St near Heron St. | Lane blocked due to accident on I-880 Northbound at Exit 16 Stevenson Blvd.,3,2,"8th St, Stevenson Blvd",Partly Cloudy,42.0
2017-01-13 04:00:00,62.56,One lane blocked and right hand shoulder blocked due to accident on I-280 Southbound at Exit 46 Imperial Way.,3,1,I-280 S,Partly Cloudy,46.9
2017-01-13 05:00:00,60.86,#4 lane blocked due to accident on CA-24 Westbound after Camino Pablo. | Right hand shoulder blocked due to accident on I-880 Southbound at Exit 26 Tennyson Rd.,3,2,"Camino Pablo, Nimitz Fwy S",Clear,38.0
2017-01-13 06:00:00,48.07,Ramp to High St - Accident.,2,1,CA-77,Fog,41.0
2017-01-13 07:00:00,29.31,Accident on La Paloma Rd at Hilltop Dr. | Accident on I-680 Southbound near Exit 12 CA-262 Mission Blvd.,3,2,"Hilltop Dr, I-680 S",Clear,40.5
2017-01-13 08:00:00,31.87,At Lakeshore Ave - Accident. | At Ocean Ave - Accident.,2,5,"I-580 E, Ocean Ave, Beatrice St",Clear,43.6
2017-01-13 09:00:00,27.25,Lane blocked on entry ramp due to accident on US-101 Eastbound at Exit 383 Tully Rd. | Accident on Glenlock St at El Portal Dr.,3,5,"Bayshore Fwy S, El Portal Dr, Nimitz Fwy S",Partly Cloudy,48.2
2017-01-13 10:00:00,46.85,Right hand shoulder blocked due to accident on I-880 Southbound after Alvarado Blvd. | Accident on I-580 Westbound after University Ave.,3,10,"Nimitz Fwy S, I-580 W, Mission Blvd",Partly Cloudy,49.2
2017-01-13 11:00:00,61.99,Accident on US-101 Northbound before Exits 419A 419B Rollins Rd. | Slow lane blocked due to accident on I-580 Eastbound at Exit 22A MacArthur Blvd.,3,7,"US-101 N, I-580 E, Bayshore Fwy S",Clear,50.7
2017-01-13 12:00:00,61.48,Right hand shoulder blocked due to accident on US-101 Southbound at Exit 406 CA-84 Marsh Rd. | Right hand shoulder blocked due to accident on US-101 Northbound at Exit 402 Embarcadero Rd.,3,9,"Bayshore Fwy S, US-101 N, CA-84 E",Clear,53.1
2017-01-13 13:00:00,61.98,Accident on Lafayette St Southbound at Central Expy. | Accident on US-101 Southbound before Exit 443 Monte Mar Dr.,2,9,"Lafayette St, US-101 S, Crow Canyon Rd",Clear,54.2
2017-01-13 14:00:00,61.28,Delays due to accident on I-880 Southbound at Exit 38 CA-77 42nd Ave. | Lane blocked on exit ramp due to accident on US-101 Southbound at Exits 391A 391B Trimble Rd.,3,6,"Nimitz Fwy S, Bayshore Fwy S, E Strawberry Dr",Clear,55.5
2017-01-13 15:00:00,60.42,Accident on US-101 Northbound at Exit 442 Sausalito Lateral. | At CA-1/John Daly Blvd - Accident.,3,4,"Golden Gate Brg N, I-280 S, I-580 E",Clear,56.2
2017-01-13 16:00:00,61.13,Accident on I-680 Northbound at Exit 15 Washington Blvd. | Slow lane blocked due to multi-vehicle accident on US-101 Southbound at Exits 433 433B 433C San Francisco-Oakland Bay Bridge.,3,4,"I-680 N, Central Fwy, Sinclair Fwy N",Clear,54.3
2017-01-13 17:00:00,60.26,Accident on CA-131 Tiburon Blvd Westbound at Blackfield Dr. | Right lane blocked due to accident on Hesperian Blvd Southbound at I-880.,3,7,"Blackfield Dr, Hesperian Blvd, I-880 N",Clear,51.3
2017-01-13 18:00:00,60.64,Accident on I-680 Northbound at Exit 12 CA-262 Mission Blvd. | #3&amp;#4 lane blocked due to accident on I-280 Southbound at Exits 49 49B CA-1.,3,10,"Mission Blvd, I-280 S, I-580 E",Clear,50.3
2017-01-13 19:00:00,62.98,Left lane blocked due to accident on I-280 Southbound at Exits 1C 5A 5B CA-17. | Accident on I-280 Northbound at Exit 6 Winchester Blvd.,4,10,"I-280 S, Junipero Serra Fwy N, I-680 N",Clear,48.0
2017-01-13 20:00:00,63.12,#2 lane blocked due to accident on I-580 Eastbound at Exits 44B 45 I-680. | Middle lane blocked due to accident on I-280 Southbound at Exits 54 54A 54B US-101.,3,3,"I-580 E, I-280 S, I-580 W",Clear,47.0
2017-01-13 21:00:00,63.05,#1 lane blocked due to accident on US-101 Southbound at Exits 449 449A Tamalpais Dr. | #1&amp;#3 lane blocked due to accident on US-101 Southbound at Exit 445A Donahue St.,3,7,"US-101 S, I-580 W, Bayshore Fwy S",Clear,45.2
2017-01-13 22:00:00,62.75,#1 lane blocked due to accident on CA-92 Eastbound at Exit 14B Chess Dr. | #1 lane blocked due to accident on US-101 Southbound at Exit 412 Ralston Ave.,2,2,"CA-92 E, Bayshore Fwy S",Clear,43.7
2017-01-13 23:00:00,62.25,Right lane blocked due to accident on I-80 Eastbound at I-80 Exit 13 / Buchanan St. | Accident on 40th St at MacDonald Ave.,3,4,"Eastshore Fwy W, MacDonald Ave, W Jackson St",Clear,44.5
2017-01-14 00:00:00,61.63,Slow lane blocked due to accident on I-280 Northbound at Exits 3A 3B Bird Ave. | Queueing traffic due to accident on I-80 I-580 Westbound at Exit 9 I-580.,3,2,"Sinclair Fwy N, I-80 W",Clear,43.1
2017-01-14 01:00:00,61.32,Accident on US-101 Northbound after Exit 425A Grand Ave.,2,1,Bayshore Fwy S,Partly Cloudy,45.0
2017-01-14 02:00:00,60.97,Right hand shoulder blocked due to accident on CA-85 Northbound at Exit 20 Fremont Ave.,2,1,Norman Y Mineta Hwy,Clear,39.9
2017-01-14 03:00:00,61.0,Right hand shoulder blocked due to accident on CA-17 Eastbound at Exits 20A 20B CA-9 Los Gatos Saratoga Rd. | Accident on Stevens Creek Blvd at County Hwy-G4 San Tomas Expy.,2,2,"CA-17 S, Stevens Creek Blvd",Clear,41.0
2017-01-14 04:00:00,61.38,Accident and people on the road on I-680 Northbound near Exit 8 CA-237 Calaveras Blvd.,3,1,E Calaveras Blvd,Clear,39.9
2017-01-14 05:00:00,62.65,Accident on Story Rd at McLaughlin Ave. | Accident on Raimundo Way at Tolman Ln.,3,4,"Story Rd, Raimundo Way, I-680 S",Clear,39.0
2017-01-14 06:00:00,62.29,Normal traffic flow,0,0,,Clear,58.4
2017-01-14 07:00:00,62.53,Normal traffic flow,0,0,,Clear,58.4
2017-01-14 08:00:00,62.78,Normal traffic flow,0,0,,Clear,58.4
2017-01-14 09:00:00,62.92,#1 lane blocked due to accident on 150th Ave at I-580.,2,1,I-580 E,Clear,50.0
2017-01-14 10:00:00,61.42,#1 lane blocked due to accident on Mountain Blvd Westbound at Fontaine Ct. | Accident on I-580 Westbound at Exit 47 Pimlico Dr.,3,2,"Mountain Blvd, I-580 W",Clear,50.0
2017-01-14 11:00:00,61.0,Accident on CA-35 Skyline Blvd at Spring Ridge Trl.,2,1,Skyline Blvd,Clear,51.8
2017-01-14 12:00:00,60.83,Accident on I-680 Southbound at Exit 2B McKee Rd.,3,1,I-680 S,Clear,57.2
2017-01-14 13:00:00,60.83,Accident on CA-92 Eastbound at Exit 11 Alameda de Las Pulgas. | Serious accident on Meekland Ave at Willow Ave.,2,4,"J Arthur Younger Fwy E, Meekland Ave, Guadalupe Pkwy N",Clear,55.0
2017-01-14 14:00:00,60.72,Right hand shoulder blocked due to accident on I-580 Westbound at Exit 46 Hacienda Dr. | Accident on Rollins Rd Westbound at Winchester Dr.,2,2,"I-580 W, Rollins Rd",Clear,56.9
2017-01-14 15:00:00,59.75,Accident on US-101 Southbound at Exit 417 Poplar Ave. | Accident on US-101 Westbound at Exit 414B CA-92.,3,5,"Bayshore Fwy S, J Arthur Younger Fwy W, I-680 N",Partly Cloudy,56.8
2017-01-14 16:00:00,59.36,Accident on I-880 Northbound at Exit 21 Decoto Rd. | Accident on I-580 Westbound at Exit 46 Hacienda Dr.,3,6,"I-880 N, I-580 W, I-580 E",Clear,54.0
2017-01-14 17:00:00,53.16,Left lane blocked due to accident on I-880 Southbound at Exit 39A Elmwood Ave.,3,1,Nimitz Fwy S,Scattered Clouds,51.1
2017-01-14 18:00:00,60.0,At Farm Hill Blvd - Accident.,2,1,I-280 S,Partly Cloudy,48.2
2017-01-14 19:00:00,62.47,At Edwards Ave - Accident.,2,1,I-580 E,Partly Cloudy,51.1
2017-01-14 20:00:00,63.31,Right lane blocked due to accident on US-101 Northbound at Exit 388A Oakland Rd. | At Treasure Island Rd - Accident.,3,2,"US-101 N, I-80 W",Mostly Cloudy,47.9
2017-01-14 21:00:00,63.46,Accident on I-80 Eastbound at Exit 4A Treasure Is.,3,1,San Francisco-Oakland Bay Brg E,Partly Cloudy,45.0
2017-01-14 22:00:00,63.71,Normal traffic flow,0,0,,Clear,58.4
2017-01-14 23:00:00,62.68,Accident on Belle Ave Southbound at Mission Ave. | Accident on US-101 Northbound at Exits 398B 399 399A 399B CA-85.,2,2,"Belle Ave, US-101 N",Clear,42.9
2017-01-15 00:00:00,61.81,Accident on I-80 Westbound at Exit 4A Treasure Is.,3,1,San Francisco-Oakland Bay Brg E,Scattered Clouds,43.0
2017-01-15 01:00:00,61.25,Accident on Vista del Mar at Hilltop Dr. | Right hand shoulder blocked due to accident on I-880 Northbound after Exit 37 66th Ave.,3,3,"Hilltop Dr, I-880 N, Cherry Ln",Light Rain,40.6
2017-01-15 02:00:00,61.22,Lane blocked due to accident on CA-1 Coast Hwy at CA-1 Coast Hwy Cabrillo Hwy. | Accident on I-80 Westbound at Exits 2 2A Harrison St.,3,2,"Coast Hwy, I-80 W",Mostly Cloudy,40.7
2017-01-15 03:00:00,60.96,Normal traffic flow,0,0,,Clear,58.4
2017-01-15 04:00:00,61.4,Accident on Via Pequena in Hayward. | Lane blocked due to accident on Meekland Ave Northbound at Cherry Way.,2,2,"Via Pequena, Meekland Ave",Clear,41.0
2017-01-15 05:00:00,61.8,Lane blocked due to accident on Sir Francis Drake Blvd Northbound at US-101. | Accident on I-280 Northbound at Exits 2B 3A 3B CA-87 Guadalupe Pkwy.,3,2,"US-101 N, Sinclair Fwy N",Fog,41.6
2017-01-15 06:00:00,61.71,Accident on I-580 Westbound at Exit 7A Western Dr. On the median. | Right hand shoulder blocked due to accident on US-101 Southbound at Exits 388B 388C I-880.,3,3,"Richmond-San Rafael Brg, I-880 S, Guadalupe Pkwy S",Overcast,42.6
2017-01-15 07:00:00,62.04,Accident on CA-87 Guadalupe Pkwy Southbound at Exits 4 5 6 I-280.,2,1,S Almaden Blvd,Overcast,45.0
2017-01-15 08:00:00,61.91,Normal traffic flow,0,0,,Clear,58.4
2017-01-15 09:00:00,61.97,Accident on Fremont Blvd at I-880. | Accident and people on the road on I-680 Northbound at Exit 46 Hillside Ave. Vehicle rolled over into small lake.,2,2,"Nimitz Fwy S, I-680 N",Mostly Cloudy,44.2
2017-01-15 10:00:00,67.47,Normal traffic flow,0,0,,Clear,58.4
2017-01-15 11:00:00,61.46,Accident on US-101 Southbound at Exit 389B Brokaw Rd. | Accident on Arlington Blvd at Kensington Ave.,2,2,"Bayshore Fwy S, Arlington Blvd",Haze,47.4
2017-01-15 12:00:00,60.61,Accident on US-101 Northbound at Exits 430A 430B 431 I-280.,2,1,James Lick Fwy N,Partly Cloudy,51.1
2017-01-15 13:00:00,60.62,Normal traffic flow,0,0,,Clear,58.4
2017-01-15 14:00:00,60.53,Normal traffic flow,0,0,,Clear,58.4
2017-01-15 15:00:00,60.62,Accident on CA-85 Southbound at Exit 6 Almaden Expy. | Accident on I-880 Northbound at Exit 24 Whipple Rd.,3,4,"CA-85 S, I-880 N, San Francisco-Oakland Bay Bridge",Clear,52.0
2017-01-15 16:00:00,61.0,Accident on I-580 Westbound at Exit 12 I-80 I-580. | Accident on I-580 Westbound at Exit 47 Pimlico Dr.,3,2,"Eastshore Fwy W, I-580 W",Clear,48.6
2017-01-15 17:00:00,62.18,Normal traffic flow,0,0,,Clear,58.4
2017-01-15 18:00:00,61.91,Accident on I-80 Westbound at Exits 1A 1B US-101. | Accident on I-80 Westbound at Exit 22 Pinole Valley Rd.,3,3,"San Bruno Ave, Pinole Valley Rd, Nimitz Fwy S",Clear,47.7
2017-01-15 19:00:00,63.12,Accident on I-680 Northbound at Exits 49 49A 49B 50 CA-242.,3,1,Sherman Dr,Clear,43.0
2017-01-15 20:00:00,63.11,Accident on I-880 Southbound at Exit 44 Frontage Rd. | At 5th Ave/Embarcadero - Accident.,3,4,"7th St, I-880 N, I-80 W",Clear,46.1
2017-01-15 21:00:00,62.84,Accident on Ashbourne Dr Westbound at Starcross Dr. | Accident on I-580 Westbound at Exit 46 Hacienda Dr.,3,2,"Ashbourne Dr, Hacienda Dr",Clear,36.0
2017-01-15 22:00:00,62.95,Normal traffic flow,0,0,,Clear,58.4
2017-01-15 23:00:00,62.15,Accident on I-80 Eastbound at Exit 4A Treasure Is. | Accident on Mission St Northbound at Sickles Ave.,3,4,"San Francisco-Oakland Bay Brg E, Sickles Ave, Geneva Ave",Clear,43.6
2017-01-16 00:00:00,61.46,Accident on CA-92 Half Moon Bay Rd Westbound at CA-35 Half Moon Bay Rd. | Queueing traffic and right hand shoulder blocked due to accident on CA-92 Eastbound at Exit 9A Ralston Ave.,3,4,"Skyline Blvd, CA-92 E, Saratoga Ave",Clear,41.4
2017-01-16 01:00:00,61.08,Lane blocked due to accident on I-880 Northbound at Exit 38 CA-77 42nd Ave.,3,1,42nd Ave,Clear,43.0
2017-01-16 02:00:00,61.08,Accident on Alpine Rd both ways at La Mesa Dr. | Lane blocked due to accident on US-101 Northbound at Exit 388A Oakland Rd.,2,2,"La Mesa Dr, US-101 N",Clear,39.1
2017-01-16 03:00:00,61.09,Accident on I-280 Northbound at Exit 13 Foothill Expy.,3,1,Foothill Expy,Clear,41.0
2017-01-16 04:00:00,61.94,Normal traffic flow,0,0,,Clear,58.4
2017-01-16 05:00:00,61.72,At Castro St - Accident. | Between CA-92/Fashion Island Blvd/Exit 414B and Kehoe Ave/Exit 415 - Accident.,2,2,"Richmond Pkwy, Bayshore Fwy N",Clear,38.5
2017-01-16 06:00:00,59.58,Accident on Sunnydale Ave both ways at Santos St. | At I-238/Washington Ave - Accident.,2,3,"Sunnydale Ave, I-880 N, CA-92 E",Clear,41.7
2017-01-16 07:00:00,59.99,Accident on I-280 Northbound near Exits 1 1B 2 11th St.,3,1,Sinclair Fwy N,Overcast,41.0
2017-01-16 08:00:00,61.11,At Industrial Blvd - Accident.,2,1,W Jackson St,Haze,39.9
2017-01-16 09:00:00,62.25,Accident on US-101 Northbound at Exit 414A Hillsdale Blvd. | Accident on I-880 Southbound near Exit 31B Washington Ave.,3,3,"Bayshore Fwy S, Nimitz Fwy S, CA-84 W",Haze,44.8
2017-01-16 10:00:00,62.18,#1 and #3 lane blocked due to accident on CA-92 Eastbound from San Mateo Bridge to Exit 24 Clawiter Rd. SigAlert issued. | Lane blocked on exit ramp due to accident on US-101 Southbound at Exit 383 Tully Rd.,2,2,"Clawiter Rd, Bayshore Fwy S",Clear,44.8
2017-01-16 11:00:00,60.89,Accident on Lake Chabot Rd at Fairmont Dr. | Right hand shoulder blocked due to accident on I-238 Southbound near Exit 14 I-580.,3,5,"Fairmont Dr, I-238 S, Norman Y Mineta Hwy",Clear,48.9
2017-01-16 12:00:00,60.74,Accident on US-101 Southbound at Exit 414B CA-92. | Shoulder blocked on exit ramp due to accident on I-880 Northbound at Exit 21 Decoto Rd.,3,2,"CA-92 E, Nimitz Fwy S",Clear,51.9
2017-01-16 13:00:00,61.23,Accident on Lake Chabot Rd at Castro Valley Blvd. | Accident on I-680 Southbound at Exit 16 Mission Blvd.,3,4,"Lake Chabot Rd, I-680 S, I-280 S",Clear,52.7
2017-01-16 14:00:00,60.82,Accident on I-280 Northbound before Exit 49A Junipero Serra Blvd. On the median. | Right hand shoulder blocked due to accident on CA-85 Northbound at I-280.,3,5,"Junipero Serra Fwy N, Norman Y Mineta Hwy, I-880 N",Clear,53.8
2017-01-16 15:00:00,61.46,Left lane blocked due to accident on I-80 I-580 Westbound at Exit 9 I-580. | Accident on US-101 Northbound at Exit 432 Potrero Ave.,3,8,"I-80 W, James Lick Fwy N,  Rieger Ave",Clear,53.6
2017-01-16 16:00:00,61.02,Accident on Middlefield Rd at 5th Ave. | #1 lane blocked due to accident on US-101 Southbound at Exit 409 Whipple Ave.,2,3,"Middlefield Rd, Bayshore Fwy S, I-580 W",Clear,52.9
2017-01-16 17:00:00,61.04,Lane blocked due to accident on I-80 Westbound at Exit 19B Hilltop Dr. | At Santa Rita Rd/Tassajara Rd - Accident.,3,4,"I-80 W, I-580 E, I-680 S",Clear,50.0
2017-01-16 18:00:00,60.7,Left lane blocked due to accident on I-880 Northbound at Exit 23 Alvarado Niles Rd. | Slow lane blocked due to accident on I-880 Northbound at Exit 24 Whipple Rd.,3,7,"Alvarado Niles Rd, I-880 N, Hesperian Blvd",Clear,49.1
2017-01-16 19:00:00,63.07,Accident on High St Southbound at Jensen St. | #1 lane blocked due to accident on US-101 Northbound at Exits 423A 423B 423C I-380.,2,2,"High St, US-101 N",Clear,48.4
2017-01-16 20:00:00,63.07,Left lane blocked due to accident on I-880 Southbound at Exit 39B 23rd Ave. | Accident on I-580 Westbound at Exit 27A Edwards Ave.,3,2,"23rd Ave, I-580 W",Clear,48.0
2017-01-16 21:00:00,63.07,Accident on I-80 Eastbound at Exit 19A El Portal Dr. | #3 lane blocked due to accident on I-880 Southbound at Exits 1A 1B 1D Bascom Ave.,3,2,"I-80 E, I-880 S",Clear,43.5
2017-01-16 22:00:00,62.43,Normal traffic flow,0,0,,Clear,58.4
2017-01-16 23:00:00,61.84,1st lane blocked and right hand shoulder blocked due to accident on I-880 Southbound at Exit 5 Brokaw Rd.,3,1,I-880 S,Clear,43.0
2017-01-17 00:00:00,61.3,Normal traffic flow,0,0,,Clear,58.4
2017-01-17 01:00:00,60.92,Middle lane blocked due to accident on I-880 Southbound at Exit 39A Elmwood Ave.,3,1,I-880 N,Partly Cloudy,42.1
2017-01-17 02:00:00,60.89,Accident on Woodrow St both ways around Roosevelt Ave.,2,1,Woodrow St,Clear,39.2
2017-01-17 03:00:00,61.18,Normal traffic flow,0,0,,Clear,58.4
2017-01-17 04:00:00,62.2,Accident on Pinole Valley Rd both ways around Marlin Ct. | Accident on Castro Ranch Rd both ways at Conestoga Way.,3,4,"Marlin Ct, Castro Ranch Rd, CA-84",Haze,37.2
2017-01-17 05:00:00,61.22,At Zanker Rd - Accident.,3,1,CA-237 W,Clear,36.0
2017-01-17 06:00:00,39.6,At Appian Way - Accident. | At De La Cruz Blvd - Accident.,2,4,"I-80 W, US-101 N",Clear,38.0
2017-01-17 07:00:00,26.3,Right hand shoulder blocked due to accident on I-880 Southbound at Exit 23 Alvarado Niles Rd. | At Broadway - Accident.,3,5,"Nimitz Fwy S, CA-24 W, Sinclair Fwy N",Overcast,39.6
2017-01-17 08:00:00,26.09,Accident on Pinole Valley Rd at Marlin Ct. | Accident on CA-237 Westbound after Exit 8 Zanker Rd.,3,6,"Pinole Valley Rd, CA-237 W, Nimitz Fwy S",Haze,41.7
2017-01-17 09:00:00,39.41,Accident on CA-24 Westbound at Exits 2 2B I-980. | Accident on US-101 Northbound after Exits 388B 388C I-880.,2,5,"I-580 W, US-101 N, Bayshore Fwy S",Haze,43.8
2017-01-17 10:00:00,61.88,Accident on CA-24 Westbound before Exits 4 4A 4B Miles Ave. | At Stoneridge Dr - Accident.,2,4,"CA-24 W, I-680 S, US-101 N",Haze,45.1
2017-01-17 11:00:00,62.52,Accident on I-580 Westbound at Exit 35 Strobridge Ave. | Accident on I-880 Northbound after Exit 28 Winton Ave.,3,9,"I-580 E, W Winton Ave, I-680 S",Clear,48.1
2017-01-17 12:00:00,62.53,Right hand shoulder blocked due to accident on US-101 Northbound at Exits 396B 396C CA-237. | #1 lane blocked due to accident on I-80 Westbound at Exit 4A Treasure Is.,3,9,"US-101 N, San Francisco-Oakland Bay Brg E, Serramonte Blvd",Scattered Clouds,49.4
2017-01-17 13:00:00,63.19,Accident on US-101 Southbound at Exits 404A 404B CA-114 Willow Rd. On the median. | Lane blocked on exit ramp due to accident on I-580 Westbound at Exit 47 Pimlico Dr.,3,4,"Bayshore Fwy S, I-580 W, Lincoln Ave",Haze,49.7
2017-01-17 14:00:00,62.62,Accident on CA-92 Jackson St Westbound at Exits 26A 26B I-880. | Accident on I-280 Southbound before Exit 36 Golf Course Dr.,3,4,"W Jackson St, I-280 S, US-101 N",Mostly Cloudy,52.3
2017-01-17 15:00:00,60.65,At Shoreline Blvd - Accident. | Between Durham Rd and Washington Blvd - Accident.,3,6,"Norman Y Mineta Hwy, I-680 N, I-580 E",Mostly Cloudy,53.9
2017-01-17 16:00:00,61.82,#1&amp;#2&amp;#3 lane blocked due to accident on US-101 Southbound at Exits 430A 430B 431 I-280. | At Brokaw Rd - Accident.,2,3,"James Lick Fwy S, I-880 S, I-580 E",Mostly Cloudy,50.7
2017-01-17 17:00:00,61.3,Lane blocked on exit ramp due to accident on I-280 Southbound at Exits 4 5A Meridian Ave. | At 23rd Ave - Accident.,3,2,"I-280 S, Nimitz Fwy S",Mostly Cloudy,50.6
2017-01-17 18:00:00,60.9,Accident on I-680 Northbound at Exit 14 Auto Mall Pkwy. | Accident on Meridian Ave Southbound at I-280.,3,6,"I-680 N, I-280 S, Lafayette St",Mostly Cloudy,49.6
2017-01-17 19:00:00,62.86,#2 lane blocked due to accident on I-880 Southbound at Exit 17 Mowry Ave. | #1 lane blocked due to accident on I-880 Southbound at Exit 5 Brokaw Rd.,3,3,"Nimitz Fwy S, I-880 S, James Lick Fwy N",Mostly Cloudy,48.7
2017-01-17 20:00:00,62.8,#1 lane blocked due to accident on US-101 Northbound at Exit 417B Airport Blvd. | #2 lane blocked due to accident on I-880 Southbound at Exit 39B 23rd Ave.,3,6,"US-101 N, Nimitz Fwy S, I-880 N",Haze,49.2
2017-01-17 21:00:00,62.95,Accident on I-280 Northbound at Exit 33 CA-92. | Accident on I-680 Southbound at Exits 1D 2A Capitol Expy.,3,8,"Junipero Serra Fwy N, I-680 S, Bayshore Fwy S",Clear,48.7
2017-01-17 22:00:00,62.38,Accident on I-680 Northbound at Exit 48 Main St. | Accident on CA-237 Eastbound at Exit 5 County Hwy-G2 Lawrence Expy.,3,3,"I-680 S, Southbay Fwy, Bayshore Fwy S",Haze,47.4
2017-01-17 23:00:00,61.56,1st lane blocked due to accident on I-380 Eastbound at Exit 5 CA-82 El Camino Real. | 1st lane blocked due to accident on I-380 Eastbound at Exit 6A US-101. On the median. Approach with care.,3,3,"I-380 W, I-380 E, I-280 S",Overcast,48.9
2017-01-18 00:00:00,61.32,Accident on County Hwy-G2 Lawrence Expy at Arques Ave.,2,1,E Arques Ave,Clear,48.0
2017-01-18 01:00:00,60.94,Normal traffic flow,0,0,,Clear,58.4
2017-01-18 02:00:00,60.81,Normal traffic flow,0,0,,Clear,58.4
2017-01-18 03:00:00,61.06,Normal traffic flow,0,0,,Clear,58.4
2017-01-18 04:00:00,62.54,Normal traffic flow,0,0,,Clear,58.4
2017-01-18 05:00:00,56.08,Normal traffic flow,0,0,,Clear,58.4
2017-01-18 06:00:00,32.55,Normal traffic flow,0,0,,Clear,58.4
2017-01-18 07:00:00,23.66,Normal traffic flow,0,0,,Clear,58.4
2017-01-18 08:00:00,24.53,Lane blocked on exit ramp due to accident on I-880 Northbound at Exit 36 Hegenberger Rd. | Accident on I-680 Southbound after Exit 41 El Pintado Rd.,3,3,"Nimitz Fwy S, El Pintado Rd, Pleasanton Sunol Rd",Overcast,47.7
2017-01-18 09:00:00,22.68,Accident on I-80 Westbound at Exits 2 2A Harrison St. On the median. | Accident on CA-17 Northbound before Exits 20A 20B CA-9 Los Gatos Saratoga Rd.,3,8,"Perry St, CA-17 N, Hess Rd",Light Rain,50.6
2017-01-18 10:00:00,34.07,Accident on CA-84 Westbound after Quarry Rd. | Accident on I-880 Northbound at Exits 4B 4C US-101.,3,8,"CA-84 W, I-880 S, Havana Dr",Light Rain,50.3
2017-01-18 11:00:00,60.13,Accident on Heyer Ave Eastbound at Center St. | Accident on CA-85 Northbound at Exit 20 Fremont Ave.,2,4,"Heyer Ave, Norman Y Mineta Hwy, San Pablo Dam Rd",Light Rain,51.0
2017-01-18 12:00:00,59.78,Accident on CA-24 Westbound at Exit 10 Saint Stephens Dr. | HOV lane blocked due to accident on CA-237 Eastbound at Exit 7 1st St.,3,11,"CA-24 W, N 1st St, I-880 N",Light Rain,51.9
2017-01-18 13:00:00,59.06,Accident on I-280 Southbound after Exit 45 Westborough Blvd. | At 7th St - Accident.,3,5,"I-280 S, I-880 N, Junipero Serra Fwy N",Light Rain,51.2
2017-01-18 14:00:00,60.62,#1 lane blocked due to accident on I-680 Northbound after Exit 14 Auto Mall Pkwy. | Accident on I-80 Eastbound at Exit 4A Treasure Is.,3,2,"Auto Mall Pkwy, San Francisco-Oakland Bay Brg E",Light Rain,51.6
2017-01-18 15:00:00,59.84,#1 lane blocked due to accident on I-880 Northbound at Exit 41A 6th St. | Accident on I-580 Eastbound at Exit 21A Harrison St.,3,7,"Nimitz Fwy S, I-580 E, Junipero Serra Fwy N",Light Rain,51.5
2017-01-18 16:00:00,59.68,#1&amp;#2 lane blocked due to accident on I-880 Northbound at Exit 44 Frontage Rd. | Accident on I-280 Northbound at Exit 44 Avalon Dr.,3,9,"I-880 N, Junipero Serra Fwy N, Saratoga Ave",Light Rain,51.9
2017-01-18 17:00:00,57.57,Accident on I-80 I-580 Westbound at Exit 9 I-580. | 2 Right lane blocked due to accident on I-880 Southbound at Exit 41B I-980.,3,7,"I-80 W, Webster Street Tube, CA-242 S",Light Rain,52.5
2017-01-18 18:00:00,57.01,#1 lane blocked due to accident on I-80 Westbound at El Portal Dr. | #1 lane blocked due to accident on US-101 Northbound at Exit 414A Hillsdale Blvd.,3,9,"I-80 W, US-101 N, I-880 N",Light Rain,52.6
2017-01-18 19:00:00,58.41,#1 lane blocked due to accident on CA-92 Eastbound at Exit 10 Hillsdale Blvd. | #5 lane blocked due to accident on US-101 Northbound at Exit 446 Redwood Hwy.,3,12,"CA-92 E, US-101 N, Skyline Blvd",Heavy Rain,53.2
2017-01-18 20:00:00,56.62,Slow lane blocked due to accident on CA-85 Northbound at Exit 11B Winchester Blvd.,2,1,CA-85 N,Rain,52.0
2017-01-18 21:00:00,60.3,Accident on US-101 Northbound at Exits 451 451A 451B I-580. | Accident on I-880 Northbound at Exit 39A Elmwood Ave.,3,5,"US-101 N, I-880 N, CA-237",Overcast,51.5
2017-01-18 22:00:00,61.57,#1&amp;#2 lane blocked due to accident on I-580 Westbound at Exits 2 2B Main St. | #4 lane blocked due to accident on US-101 Northbound at Exit 422 Airport Access Rd.,3,8,"I-580 W, US-101 N, CA-242 S",Mostly Cloudy,52.8
2017-01-18 23:00:00,61.32,Right hand shoulder blocked due to accident on I-680 Northbound at Exit 38 Sycamore Valley Rd. | 1st &amp; 3rd lane blocked due to accident on I-280 Southbound at Exit 55 Pennsylvania Ave.,3,2,"I-680 N, Cesar Chavez",Mostly Cloudy,53.0
2017-01-19 00:00:00,61.02,1st lane blocked due to accident on I-280 Southbound at Exit 33 CA-92. | Slow lane blocked due to accident on I-880 Northbound at Exits 4C 4D Gish Rd.,3,3,"I-280 S, Old Bayshore Hwy, US-101 N",Overcast,50.2
2017-01-19 01:00:00,60.78,Right hand shoulder blocked due to accident on CA-24 Eastbound at Exit 9 Camino Pablo. | Slow lane blocked due to accident on I-280 Northbound at Exit 9 County Hwy-G2 Lawrence Expy.,3,2,"CA-24 E, I-280 S",Overcast,51.0
2017-01-19 02:00:00,61.78,Lane blocked due to accident on I-280 Southbound at Exit 6 Winchester Blvd. | One lane blocked due to accident on I-80 Westbound at Exit 4A Treasure Is.,3,3,"S Winchester Blvd, San Francisco-Oakland Bay Brg E, N De Anza Blvd",Overcast,51.0
2017-01-19 03:00:00,61.02,Normal traffic flow,0,0,,Clear,58.4
2017-01-19 04:00:00,62.12,Normal traffic flow,0,0,,Clear,58.4
2017-01-19 05:00:00,57.74,Slow lane blocked due to accident on I-580 Eastbound before University Ave. | At Ralston Ave/Marine Pky/Exit 412 - Accident.,3,3,"I-580 W, Bayshore Fwy S",Overcast,52.1
2017-01-19 06:00:00,40.35,Accident on I-80 I-580 Eastbound before CA-13. | Slow lane blocked due to accident on I-80 I-580 Eastbound before Powell St.,3,6,"I-580 W, I-880 N, Guadalupe Pkwy N",Mostly Cloudy,50.7
2017-01-19 07:00:00,23.16,At Eden Canyon Rd - Accident. Left lane blocked. | At Farm Hill Blvd - Accident.,2,4,"I-580 E, I-280 S, US-101 N",Mostly Cloudy,50.4
2017-01-19 08:00:00,26.58,Accident on US-101 Southbound near Exit 411 Holly St. | Accident on I-680 Southbound before Exit 36 Crow Canyon Rd.,3,13,"US-101 N, I-680 S, Guadalupe Pkwy N",Mostly Cloudy,52.7
2017-01-19 09:00:00,37.28,Lane blocked on exit ramp due to accident on US-101 Southbound at Exit 417 Poplar Ave. | Accident on CA-84 Westbound at Exit 37 Ardenwood Blvd.,3,10,"Bayshore Fwy S, CA-84 W, Vallecitos Rd",Mostly Cloudy,51.8
2017-01-19 10:00:00,57.71,Accident on I-280 Southbound at Exit 27 Farm Hill Blvd. | Accident on CA-87 Guadalupe Pkwy Northbound at Exits 9A 9B US-101.,3,9,"I-280 S, Guadalupe Pkwy N, CA-84 W",Mostly Cloudy,53.3
2017-01-19 11:00:00,61.83,Accident on CA-92 Eastbound at Exits 13A 13B US-101. On the median. | Accident on I-880 Northbound after Exit 29 A St.,3,10,"US-101 N, I-880 N, James Lick Fwy S",Mostly Cloudy,54.8
2017-01-19 12:00:00,63.22,#1 lane blocked and slow traffic due to accident on I-80 Westbound at Exit 4A Treasure Is. | #1 lane blocked and right hand shoulder blocked due to accident on I-80 Westbound at Exit 15 Cutting Blvd.,3,6,"San Francisco-Oakland Bay Brg E, I-80 W, Foster City Blvd",Scattered Clouds,55.2
2017-01-19 13:00:00,62.95,Accident on I-580 Eastbound at Exit 21B Grand Ave. | At Budd Ave - Accident.,3,4,"Grand Ave, San Tomas Expy, I-880 N",Mostly Cloudy,56.7
2017-01-19 14:00:00,60.82,Accident on I-880 Northbound before Exit 38 CA-77 42nd Ave. | Right lane blocked due to accident on CA-1 Northbound at Lake St.,3,5,"I-880 N, State Highway 1, I-280 S",Mostly Cloudy,56.2
2017-01-19 15:00:00,60.82,Connecting roadway blocked due to accident on US-101 Northbound at Exits 430A 430B 431 I-280. | Accident on Macalla Rd at Gate Dr.,3,10,"I-280 S, Macalla Rd, I-880 N",Mostly Cloudy,56.2
2017-01-19 16:00:00,61.73,Slow lane blocked due to accident on I-880 Northbound at Exit 39A Elmwood Ave. | 2 Right lane blocked due to accident on County Hwy-G4 San Tomas Expy Northbound at Budd Ave.,3,8,"I-880 N, Budd Ave, Heyer Ave",Mostly Cloudy,54.5
2017-01-19 17:00:00,61.31,Right hand shoulder blocked due to accident on I-880 Southbound at Exit 26 Tennyson Rd. | Right hand shoulder blocked due to accident on US-101 Northbound at Exit 412 Ralston Ave.,3,8,"Nimitz Fwy S, US-101 N, I-880 N",Mostly Cloudy,52.3
2017-01-19 18:00:00,61.66,Accident on I-80 Eastbound at Exits 2B 2C Harrison St. | Accident on Blossom Way at Montgomery Ave.,3,13,"James Lick Fwy N, Montgomery Ave, I-680 N",Overcast,52.6
2017-01-19 19:00:00,62.82,Accident on I-680 Southbound at Exit 4 Berryessa Rd. | #1&amp;#2 lane blocked due to accident on I-880 Southbound at Exit 34 CA-61 Davis St.,3,5,"Sinclair Fwy S, I-880 N, Nimitz Fwy S",Overcast,52.8
2017-01-19 20:00:00,62.62,GP lane blocked due to accident on US-101 Northbound before Exits 425B 425C 426A 426B Oyster Point Blvd. | #1&amp;#2 lane blocked due to accident on I-80 I-580 Westbound at Exit 9 I-580.,3,4,"Oyster Point Blvd, I-80 W, I-80 E",Overcast,52.8
2017-01-19 21:00:00,62.92,Middle lane blocked due to accident on CA-85 Southbound at Exits 18 19 Stevens Creek Blvd. | Accident on County Hwy-G3 Page Mill Rd Northbound at Deer Creek Rd.,3,6,"CA-85 S, Page Mill Rd, I-280 S",Overcast,52.5
2017-01-19 22:00:00,60.91,Accident on I-280 Southbound at Exit 51 Ocean Ave. | Accident on I-880 Northbound at Exits 30 31A I-238.,3,2,"I-280 S, I-880 N",Light Rain,51.6
2017-01-19 23:00:00,61.16,Shoulder blocked due to accident on US-101 Van Ness Ave Southbound near US-101 Exits 434A 434B / Octavia St. Approach with care. | Accident on I-80 Eastbound at Exit 4A Treasure Is.,3,2,"US-101 N, San Francisco-Oakland Bay Brg E",Light Rain,52.0
2017-01-20 00:00:00,60.99,Right hand shoulder blocked due to accident now on the shoulder on CA-17 Northbound at Exit 25 Creekside Way.,2,1,CA-17 N,Light Rain,50.0
2017-01-20 01:00:00,60.86,Accident on Karen Way both ways at Leland Way. | Right hand shoulder blocked due to accident on I-280 Southbound at Exit 47A Serramonte Blvd.,3,7,"Leland Way, I-280 S, Alvarado Niles Rd",Light Rain,50.2
2017-01-20 02:00:00,60.82,Right hand shoulder blocked due to accident on I-680 Southbound at Exit 22 Koopman Rd.,3,1,I-680 S,Light Rain,50.0
2017-01-20 03:00:00,60.46,Right hand shoulder blocked due to accident on I-680 Northbound at Exit 46 Hillside Ave.,3,1,I-680 S,Heavy Rain,50.0
2017-01-20 04:00:00,59.88,At Ocean Ave - Accident. | At Acalanes Rd/Mt Diablo Blvd - Accident.,2,3,"I-280 S, CA-24 W, Eastshore Fwy W",Light Rain,48.7
2017-01-20 05:00:00,51.44,Right hand shoulder blocked due to accident on I-580 Eastbound before CA-24. | At Crow Canyon Rd - Accident.,3,4,"I-580 E, I-680 S, I-280 S",Mostly Cloudy,47.5
2017-01-20 06:00:00,34.5,Accident on US-101 Southbound after Bowers Ave. | Two lanes blocked due to accident on I-280 Southbound at US-101.,3,5,"Bayshore Fwy S, I-680 S, I-280 S",Overcast,49.8
2017-01-20 07:00:00,20.69,Accident on US-101 Southbound before Exits 420 421 Millbrae Ave. On the median. | Accident on I-280 Southbound after Exit 47A Serramonte Blvd.,3,9,"Bayshore Fwy S, Serramonte Blvd, Ocean Ave",Light Rain,49.8
2017-01-20 08:00:00,21.32,Accident on US-101 Northbound before CA-109 University Ave. | Accident on I-680 Southbound before Exit 36 Crow Canyon Rd.,3,6,"Bayshore Fwy S, I-680 S, I-580 W",Light Rain,48.9
2017-01-20 09:00:00,42.18,Accident on I-880 Southbound after Exit 15 Auto Mall Pkwy. On the median. | Accident on CA-85 Northbound after Exit 6 Almaden Expy.,3,3,"I-880 N, Almaden Expy, Warren Fwy N",Mostly Cloudy,52.8
2017-01-20 10:00:00,58.82,#3 lane blocked due to accident on I-280 Southbound before Exit 7 Saratoga Ave. | Accident on I-680 Southbound at Exit 10 Scott Creek Rd. On the median.,3,7,"Saratoga Ave, Sinclair Fwy S, Norman Y Mineta Hwy",Light Rain,51.3
2017-01-20 11:00:00,58.02,Accident on I-80 Westbound after Exits 8A 8B I-880. | Accident on I-680 Northbound after Exit 40 El Cerro Blvd.,3,5,"I-80 W, El Cerro Blvd, I-580 E",Mostly Cloudy,53.0
2017-01-20 12:00:00,61.63,#1 lane blocked due to accident on US-101 Northbound at Exit 406 CA-84 Marsh Rd. | #1 lane blocked and heavy traffic due to accident on I-580 Westbound at Exits 25 25B MacArthur Blvd.,3,12,"US-101 N, I-580 E, I-280 S",Mostly Cloudy,54.1
2017-01-20 13:00:00,60.98,Accident on CA-242 Southbound at Exit 2 Grant St. | Accident on I-80 I-580 Eastbound at I-580.,3,5,"CA-242 S, I-80 E, CA-4 W",Mostly Cloudy,52.6
2017-01-20 14:00:00,56.11,Accident on US-101 Southbound after Exits 430A 430B 431 I-280. | Accident on I-280 Northbound near Exit 6 Winchester Blvd.,3,5,"James Lick Fwy S, S Winchester Blvd, I-580 E",Light Rain,52.0
2017-01-20 15:00:00,60.42,Accident on I-680 Northbound at Exit 38 Sycamore Valley Rd. | Accident on CA-84 Woodside Rd Southbound at I-280.,3,3,"I-680 N, I-280 S, I-580 E",Mostly Cloudy,50.4
2017-01-20 16:00:00,58.81,#1 lane blocked due to accident on CA-92 Eastbound at CA-92 / Highrise. | #3&amp;#4 lane blocked due to accident on I-280 Southbound at Exit 27 Farm Hill Blvd.,4,5,"J Arthur Younger Fwy W, I-280 S, I-680 S",Mostly Cloudy,52.1
2017-01-20 17:00:00,56.67,Accident on I-680 Northbound at Exit 46 Hillside Ave. | #1&amp;#2 lane blocked due to accident on CA-85 Southbound at I-280.,3,8,"I-680 N, I-280 S, McLaughlin Ave",Mostly Cloudy,49.4
2017-01-20 18:00:00,58.06,Accident on I-880 Northbound at Exits 4C 4D Gish Rd. | #1 lane blocked due to accident on I-680 Southbound at Exits 1B 1C King Rd.,3,11,"Old Bayshore Hwy, I-680 S, Trimble Rd",Light Rain,48.2
2017-01-20 19:00:00,59.16,Accident on I-580 Eastbound at Exit 44A San Ramon Rd. | Accident on I-280 Southbound at Exits 4 5A Meridian Ave.,3,5,"I-580 E, Meridian Ave, I-280 S",Light Rain,47.8
2017-01-20 20:00:00,59.72,Accident on I-280 Southbound at Exit 27 Farm Hill Blvd. | Left lane blocked due to accident on I-680 Southbound at Exit 47 Main St.,3,7,"I-280 S, I-680 S, I-580 W",Mostly Cloudy,47.7
2017-01-20 21:00:00,61.02,Accident on US-101 Southbound at Exit 378 Blossom Hill Rd.,2,1,Bayshore Fwy S,Mostly Cloudy,48.2
2017-01-20 22:00:00,61.87,#1 lane blocked due to accident on I-880 Southbound at Exit 15 Auto Mall Pkwy. | Accident on I-680 Northbound at Exit 5A Hostetter Rd.,3,4,"Nimitz Fwy S, I-680 N, I-80 W",Mostly Cloudy,47.6
2017-01-20 23:00:00,61.1,Queueing traffic and 2-left lane closed due to serious accident on I-80 Westbound at Exit 17 McBryde Ave.,3,1,McBryde Ave,Mostly Cloudy,48.0
2017-01-21 00:00:00,61.32,Normal traffic flow,0,0,,Clear,58.4
2017-01-21 01:00:00,60.98,Normal traffic flow,0,0,,Clear,58.4
2017-01-21 02:00:00,60.92,Accident on I-80 I-580 Eastbound at Exit 9 I-580. | Accident on US-101 Northbound at Exit 409 Whipple Ave.,3,2,"I-80 W, US-101 N",Mostly Cloudy,51.0
2017-01-21 03:00:00,61.08,Accident on CA-92 Westbound in Hayward. | Accident on I-580 Westbound at Exit 37 Grove Way.,3,2,"J Arthur Younger Fwy W, I-580 W",Light Rain,48.4
2017-01-21 04:00:00,61.39,Accident on I-680 Northbound at Exits 49 49A 49B 50 CA-242. | Accident on CA-85 Northbound at Exit 6 Almaden Expy.,3,2,"CA-242 N, Norman Y Mineta Hwy",Partly Cloudy,47.2
2017-01-21 05:00:00,62.18,Right hand shoulder blocked due to accident on CA-4 Westbound at Exit 11 Morello Ave.,2,1,CA-4 W,Clear,46.0
2017-01-21 06:00:00,60.69,Accident on Barrett Ave at CA-123 San Pablo Ave. | Two lanes blocked due to accident on I-880 Southbound at Exit 41B I-980.,3,4,"San Pablo Ave, Webster Street Tube, Telegraph Ave",Mostly Cloudy,51.2
2017-01-21 07:00:00,62.18,Normal traffic flow,0,0,,Clear,58.4
2017-01-21 08:00:00,61.39,Normal traffic flow,0,0,,Clear,58.4
2017-01-21 09:00:00,58.04,Accident on I-680 Northbound at Exit 4 Berryessa Rd. | #2 lane blocked due to multi-vehicle accident on US-101 Northbound at Exit 422 Airport Access Rd.,2,2,"I-680 N, US-101 N",Mostly Cloudy,52.9
2017-01-21 10:00:00,18.79,#2-3 lane blocked due to accident on US-101 Southbound at Exits 423A 423B San Bruno Ave.,2,1,Bayshore Fwy S,Mostly Cloudy,54.0
2017-01-21 11:00:00,47.32,Between Niles Canyon Rd and I-680/Sinclair Fwy/Calaveras Rd - Accident. | Between I-680/Sinclair Fwy/Calaveras Rd and Niles Canyon Rd - Accident.,2,2," Paloma Rd,  Niles Canyon Rd",Mostly Cloudy,54.0
2017-01-21 12:00:00,61.39,Normal traffic flow,0,0,,Clear,58.4
2017-01-21 13:00:00,61.42,Accident on I-880 Southbound at CA-17.,2,1,I-880 S,Overcast,55.9
2017-01-21 14:00:00,61.72,Accident on I-880 Northbound at Exit 13 Cushing Pkwy. | Accident on I-880 Northbound in Fremont.,2,6,"I-880 N, I-280 S, I-80 W",Overcast,56.7
2017-01-21 15:00:00,61.77,Accident on I-80 Eastbound at Exits 2 2A Harrison St. | Accident on I-280 Northbound at Exit 9 Stevens Creek Blvd.,3,4,"James Lick Fwy N, Junipero Serra Fwy N, I-880 N",Overcast,54.6
2017-01-21 16:00:00,61.81,Accident on I-80 I-580 Westbound at Exit 9 I-580. | Accident on I-580 Westbound near Exit 37 Grove Way. Police in attendance.,3,4,"Eastshore Fwy W, I-580 W, US-101 N",Overcast,53.9
2017-01-21 17:00:00,56.81,Normal traffic flow,0,0,,Clear,58.4
2017-01-21 18:00:00,58.48,Between El Portal Dr and Hilltop Dr - Accident.,3,1,I-80 E,Light Rain,53.1
2017-01-21 19:00:00,60.97,Accident on I-80 Eastbound at Exit 21 Appian Way.,3,1,I-80 E,Light Rain,51.1
2017-01-21 20:00:00,62.11,Normal traffic flow,0,0,,Clear,58.4
2017-01-21 21:00:00,62.5,Accident on I-880 Southbound at Exit 27 CA-92 Jackson St.,3,1,Nimitz Fwy S,Light Rain,50.0
2017-01-21 22:00:00,62.51,Normal traffic flow,0,0,,Clear,58.4
2017-01-21 23:00:00,62.19,Queueing traffic and right hand shoulder blocked due to accident on I-280 Northbound at Exit 50 San Jose Ave. | Center lane blocked due to accident on I-280 Northbound at Exit 33 CA-92.,3,6,"San Jose Ave, I-280 S, I-80 W",Light Rain,50.7
2017-01-22 00:00:00,61.5,Between Julian St/McKee Rd and Oakland Rd - Accident.,3,1,US-101 N,Mostly Cloudy,55.4
2017-01-22 01:00:00,61.07,Right hand shoulder blocked due to accident on US-101 Southbound at Exit 430A Mansell St. | #5 lane blocked and right hand shoulder blocked due to accident on I-880 Northbound near Exit 29 A St.,3,3,"James Lick Fwy S, I-880 N, I-680 N",Light Rain,51.4
2017-01-22 02:00:00,60.7,Right hand shoulder blocked due to accident on I-580 Westbound at Exit 2A Sir Francis Drake Blvd. | Two lanes blocked due to accident on I-80 Westbound at Exits 8A 8B I-880.,3,3,"I-580 W, I-80 W, I-880 N",Light Drizzle,50.1
2017-01-22 03:00:00,60.42,#1 lane blocked due to accident on I-80 Westbound at Exit 4A Treasure Is. | Slow lane blocked due to accident on I-280 Northbound at Exits 2B 3A 3B CA-87 Guadalupe Pkwy.,3,3,"San Francisco-Oakland Bay Brg E, Guadalupe Pkwy N, Bayshore Fwy S",Light Drizzle,51.8
2017-01-22 04:00:00,60.43,Slow lane blocked due to accident on I-580 Westbound at Exit 7A Western Dr. | #4 lane blocked due to accident on I-880 Northbound at Exit 41A 6th St.,3,4,"Richmond-San Rafael Brg, Nimitz Fwy S, I-580 W",Rain,52.4
2017-01-22 05:00:00,60.11,Accident on 40th St at Martin Luther King Jr Way. | Slow lane blocked due to accident on I-580 Eastbound at Exit 21A Harrison St.,3,3,"Martin Luther King Jr Way, I-580 E, Garden Ave",Rain,50.7
2017-01-22 06:00:00,58.47,Normal traffic flow,0,0,,Clear,58.4
2017-01-22 07:00:00,60.41,At Oak St - Accident.,3,1,I-880 N,Mostly Cloudy,53.1
2017-01-22 08:00:00,62.12,Normal traffic flow,0,0,,Clear,58.4
2017-01-22 09:00:00,63.36,Right hand shoulder blocked due to accident on I-880 Southbound at Exit 42B Market St. | Right hand shoulder blocked due to accident on I-880 Northbound at Exits 8A 8B 8C CA-237.,3,3,"I-880 S, I-880 N, Nimitz Fwy S",Mostly Cloudy,50.7
2017-01-22 10:00:00,64.52,Accident on I-580 Northbound at Exit 50 CA-84 Airway Blvd. | Accident on CA-4 Eastbound at Exit 9 Alhambra Ave. On exit ramp.,2,3,"I-580 W, Alhambra Ave, CA-84",Scattered Clouds,53.2
2017-01-22 11:00:00,64.93,Normal traffic flow,0,0,,Clear,58.4
2017-01-22 12:00:00,62.11,Normal traffic flow,0,0,,Clear,58.4
2017-01-22 13:00:00,60.15,#4 lane blocked due to accident on I-280 Southbound at Exit 53 Alemany Blvd. | Accident on I-880 Northbound at Exits 1A 1B 1C Stevens Creek Blvd.,3,2,"I-280 S, I-880 S",Overcast,54.5
2017-01-22 14:00:00,61.78,#1 lane blocked due to accident on I-80 Westbound at Exit 4A Treasure Is. | Accident and danger of fire on US-101 Southbound at Exits 386A 386B McKee Rd.,3,3,"San Francisco-Oakland Bay Brg E, Bayshore Fwy S, I-680 N",Light Rain,53.9
2017-01-22 15:00:00,60.93,Accident on CA-24 Westbound at Exit 10 Saint Stephens Dr. | Accident on I-880 Northbound at Exit 42A I-980.,3,3,"CA-24 W, I-880 S, I-580 W",Heavy Rain,50.7
2017-01-22 16:00:00,58.32,Accident on I-280 Southbound at Exit 52 Bosworth St. | Accident on CA-237 Westbound at Exit 8 Zanker Rd.,3,4,"I-280 S, CA-237 W, I-680 N",Light Rain,49.7
2017-01-22 17:00:00,61.08,Normal traffic flow,0,0,,Clear,58.4
2017-01-22 18:00:00,63.02,Accident on I-880 Southbound at Exit 37 66th Ave. | Accident on CA-85 Northbound at Exits 22A 22B CA-82 El Camino Real.,3,2,"Nimitz Fwy S, Norman Y Mineta Hwy",Overcast,48.4
2017-01-22 19:00:00,63.82,Accident on I-280 Southbound at Exit 7 Saratoga Ave. | Accident on Five Canyons Pkwy Southbound at Boulder Canyon Dr.,3,2,"Saratoga Ave, Five Canyons Pkwy",Mostly Cloudy,48.0
2017-01-22 20:00:00,63.3,Normal traffic flow,0,0,,Clear,58.4
2017-01-22 21:00:00,61.75,Accident on CA-85 Southbound at Exits 10 11A CA-17.,2,1,CA-85 S,Light Rain,48.0
2017-01-22 22:00:00,62.67,Accident on CA-1 Northbound at Clarendon Rd. | Accident on D St Southbound at CA-1.,3,5,"Coast Hwy, Alvarado Niles Rd, I-680 S",Overcast,47.9
2017-01-22 23:00:00,63.18,Accident on US-101 Northbound at Exit 442 Sausalito Lateral. | Accident on County Hwy-G2 Lawrence Expy Eastbound at Arques Ave.,2,4,"US-101 N, E Arques Ave, Midway Ave",Light Rain,47.0
2017-01-23 00:00:00,62.18,Normal traffic flow,0,0,,Clear,58.4
2017-01-23 01:00:00,60.92,Right hand shoulder blocked due to accident on I-880 Southbound at Exit 19 Thornton Ave. | HOV lane blocked due to multi-vehicle accident on I-80 Westbound at Exit 15 Cutting Blvd.,3,4,"Thornton Ave, I-80 E, E Capitol Expy",Mostly Cloudy,44.9
2017-01-23 02:00:00,60.78,One lane blocked due to accident on CA-13 Warren Fwy Southbound at Exit 5 Broadway Ter. | Right hand shoulder blocked due to accident on CA-24 Eastbound at Exit 6 Caldecott Ln.,2,4,"Broadway Ter, CA-24 W, US-101 N",Mostly Cloudy,44.5
2017-01-23 03:00:00,61.16,Accident on I-880 Northbound at Exit 23 Alvarado Niles Rd. | Right hand shoulder blocked due to accident on US-101 Northbound at Exit 393 Great America Pkwy.,3,2,"Alvarado Niles Rd, Great America Pkwy",Clear,45.5
2017-01-23 04:00:00,61.77,Lane blocked due to accident on County Hwy-G4 San Tomas Expy both ways at Monroe St.,2,1,Monroe St,Mostly Cloudy,43.0
2017-01-23 05:00:00,59.09,At Mission Ave - Accident. Left lane blocked.,2,1,US-101 S,Mostly Cloudy,41.0
2017-01-23 06:00:00,39.75,At Grand Ave/Exit 425A - Accident.,2,1,Bayshore Fwy S,Overcast,46.9
2017-01-23 07:00:00,21.98,Accident on CA-17 Southbound after I-880.,2,1,I-880 S,Light Rain,45.0
2017-01-23 08:00:00,23.36,Accident on US-101 Northbound before Exit 392 County Hwy-G4 San Tomas Expy. | At I-280/CA-17 - Accident. Left lane blocked.,2,6,"US-101 N, I-880 N, J Arthur Younger Fwy W",Light Rain,45.4
2017-01-23 09:00:00,23.71,Accident on US-101 Southbound at Exit 454A Hammondale Ct. | Shoulder blocked on exit ramp due to accident on CA-87 Guadalupe Pkwy Northbound at Exit 8 Skyport Dr.,3,8,"US-101 S, Guadalupe Pkwy N, I-80 W",Light Rain,46.8
2017-01-23 10:00:00,59.18,Accident on I-280 Southbound before Exit 27 Farm Hill Blvd. | Ramp to Powell St - Accident.,3,3,"I-280 S, Eastshore Fwy W",Light Rain,49.4
2017-01-23 11:00:00,61.28,Lane blocked on exit ramp due to accident on I-880 Northbound at Exits 30 31A I-238. | Accident on US-101 Southbound at Exit 402 Embarcadero Rd.,3,3,"I-880 N, Bayshore Fwy S, CA-17 N",Light Rain,49.6
2017-01-23 12:00:00,62.72,Slow traffic due to accident on US-101 Southbound at Exit 430A Mansell St. | #2 lane blocked due to accident on I-880 Northbound at Exit 40 Embarcadero.,3,15,"James Lick Fwy N, I-880 N, 35th Ave",Light Rain,49.6
2017-01-23 13:00:00,58.46,At Airport Blvd/Broadway/Exit 419B - Accident. | At Treasure Island Rd - Accident.,2,2,"Bayshore Fwy S, I-80 W",Mostly Cloudy,51.0
2017-01-23 14:00:00,60.89,Accident on I-280 Northbound near Exits 54 54A 54B US-101. | At Julian St/St James St/Exit 6B - Accident.,3,7,"John F Foran Fwy, Guadalupe Pkwy S, I-280 S",Mostly Cloudy,51.4
2017-01-23 15:00:00,60.27,Multi-vehicle accident on US-101 Southbound at Exits 396A 396B Mathilda Ave. | Slow lane blocked due to accident on I-238 Southbound at Exits 16A 16B I-880.,3,6,"Bayshore Fwy S, I-238 S, CA-85 S",Mostly Cloudy,50.8
2017-01-23 16:00:00,61.47,#1&amp;#2 lane blocked due to accident on US-101 Southbound at Exit 417 Poplar Ave. | #1 lane blocked due to accident on CA-87 Southbound at Exits 3 3A Curtner Ave.,3,9,"Bayshore Fwy S, Guadalupe Fwy S, US-101 N",Scattered Clouds,50.0
2017-01-23 17:00:00,61.11,#1&amp;#2 lane blocked due to accident on I-80 Westbound at Exit 4A Treasure Is. | Accident on I-280 Southbound at Exit 24 Sand Hill Rd.,3,6,"San Francisco-Oakland Bay Brg E, I-280 S, CA-17 S",Mostly Cloudy,48.4
2017-01-23 18:00:00,60.72,Accident on CA-24 Eastbound at Exits 5 5A 5B CA-13 Warren Fwy. | Accident on US-101 Southbound at Exits 388B 388C I-880.,2,2,"Warren Fwy S, Bayshore Fwy S",Mostly Cloudy,48.4
2017-01-23 19:00:00,62.39,#2 lane blocked due to accident on I-880 Southbound at Exit 19 Thornton Ave. | Slow lane blocked due to accident on US-101 Northbound at Exit 414B CA-92.,3,5,"Nimitz Fwy S, US-101 N, CA-13 N",Mostly Cloudy,48.1
2017-01-23 20:00:00,61.9,Normal traffic flow,0,0,,Clear,58.4
2017-01-23 21:00:00,61.88,Accident on US-101 Northbound after Exits 454 454B San Pedro Rd. | #1 lane blocked due to accident on US-101 Southbound before Exit 402 Embarcadero Rd.,3,6,"US-101 N, Bayshore Fwy S, Montague Expy",Mostly Cloudy,45.3
2017-01-23 22:00:00,61.16,Accident on Central Expy Westbound at County Hwy-G4 San Tomas Expy. | Lane blocked on exit ramp due to accident on US-101 Northbound at Exit 402 Embarcadero Rd.,2,2,"Central Expy, US-101 N",Light Rain,46.2
2017-01-23 23:00:00,61.33,Right hand shoulder blocked due to accident on CA-85 Northbound at Exits 22A 22B CA-82 El Camino Real. | Slow lane blocked due to accident on I-280 Southbound at Exits 1 1B 2 11th St.,3,3,"Norman Y Mineta Hwy, I-280 S, Geneva Ave",Clear,44.2
2017-01-24 00:00:00,61.22,Accident on I-680 Northbound at Exit 44 Rudgear Rd. | Right hand shoulder blocked due to accident on CA-87 Guadalupe Pkwy Southbound at CA-87 Guadalupe Pkwy.,3,3,"I-680 S, Guadalupe Pkwy S",Clear,41.3
2017-01-24 01:00:00,60.97,Lane blocked due to accident on I-880 Northbound at Exit 44 Frontage Rd. | Slow lane blocked due to accident on US-101 Southbound at Exit 403 Bayshore Rd.,3,2,"7th St, Bayshore Fwy S",Partly Cloudy,42.6
2017-01-24 02:00:00,61.07,Normal traffic flow,0,0,,Clear,58.4
2017-01-24 03:00:00,61.1,Right hand shoulder blocked due to accident on US-101 Southbound at Exit 430A Mansell St.,2,1,James Lick Fwy N,Scattered Clouds,42.1
2017-01-24 04:00:00,62.86,Normal traffic flow,0,0,,Clear,58.4
2017-01-24 05:00:00,64.32,Normal traffic flow,0,0,,Clear,58.4
2017-01-24 06:00:00,42.29,Normal traffic flow,0,0,,Clear,58.4
2017-01-24 07:00:00,23.22,Accident on I-80 Westbound near Exits 8A 8B I-880.,3,1,I-80 W,Mostly Cloudy,44.1
2017-01-24 08:00:00,24.92,Accident on US-101 Southbound before Exit 443 Monte Mar Dr.,2,1,US-101 S,Mostly Cloudy,46.9
2017-01-24 09:00:00,40.17,Accident on CA-84 Woodside Rd Eastbound at Rutherford Ave. | Right hand shoulder blocked due to accident on I-880 Southbound at Exit 29 A St.,3,4,"Rutherford Ave, I-880 N, Pleasant Hill Rd",Mostly Cloudy,45.2
2017-01-24 10:00:00,62.22,Accident on Cordilleras Rd at Edgewood Rd. | Accident on I-280 Northbound before Exit 9 County Hwy-G2 Lawrence Expy.,3,6,"Edgewood Rd, I-280 S, I-680 S",Mostly Cloudy,46.4
2017-01-24 11:00:00,63.06,Accident on A St at Ruby St. | Accident on I-680 Northbound before Exits 42A 42B Stone Valley Rd.,3,7,"A St, I-680 S, Junipero Serra Fwy N",Mostly Cloudy,47.1
2017-01-24 12:00:00,63.01,#5 lane blocked due to accident on US-101 Northbound at Exits 423A 423B San Bruno Ave. | #2 and #3 lane blocked and heavy traffic due to accident on US-101 Northbound at Exits 425B 425C 426A 426B Oyster Point Blvd.,3,5,"US-101 N, Oyster Point Blvd, Nimitz Fwy S",Mostly Cloudy,50.8
2017-01-24 13:00:00,63.02,Accident on Norris Canyon Rd at Ashbourne Dr.,2,1,Norris Canyon Rd,Scattered Clouds,48.0
2017-01-24 14:00:00,63.02,Accident on CA-130 Alum Rock Ave Westbound at I-680.,2,1,I-680 S,Scattered Clouds,53.6
2017-01-24 15:00:00,62.36,Normal traffic flow,0,0,,Clear,58.4
2017-01-24 16:00:00,61.66,Slow lane blocked due to accident on I-280 Southbound at Exits 1 1B 2 11th St.,3,1,I-280 S,Scattered Clouds,55.0
2017-01-24 17:00:00,61.53,Normal traffic flow,0,0,,Clear,58.4
2017-01-24 18:00:00,59.69,Accident on US-101 Northbound at Exit 432 Potrero Ave. | Middle lane blocked due to multi-vehicle accident on US-101 Southbound at Exits 388B 388C I-880.,3,5,"James Lick Fwy N, Bayshore Fwy S, Guadalupe Fwy S",Partly Cloudy,49.9
2017-01-24 19:00:00,62.96,Lane blocked on entry ramp due to accident on I-880 Northbound at Exit 31B Washington Ave. | #1 lane blocked due to accident on I-880 Northbound at Exits 1A 1B 1D Bascom Ave.,3,4,"I-880 N, CA-85 S, Sinclair Fwy N",Partly Cloudy,46.5
2017-01-24 20:00:00,62.7,#3 lane blocked due to accident on I-280 Southbound at Exits 3A 3B Bird Ave. | Accident on I-80 Eastbound at Exit 4A Treasure Is.,3,4,"I-280 S, Treasure Is, John Muir Pkwy E",Clear,45.5
2017-01-24 21:00:00,62.99,#4&amp;#5 lane blocked due to accident on US-101 Southbound at Exit 416 3rd Ave. | Accident on I-280 Southbound at Exit 27 Farm Hill Blvd.,3,3,"Bayshore Fwy S, Junipero Serra Fwy N",Clear,44.0
2017-01-24 22:00:00,62.03,#2 lane blocked due to accident on CA-85 Southbound at I-280. | #2&amp;#3 lane blocked due to accident on I-880 Northbound at Exits 12 12A 12B CA-262 Mission Blvd.,3,6,"I-280 S, I-880 N, John F Foran Fwy",Clear,44.6
2017-01-24 23:00:00,61.81,Right hand shoulder blocked due to accident on I-880 Northbound at Exit 21 Decoto Rd. | Lane blocked due to accident on I-880 Northbound at Exits 1A 1B 1D Bascom Ave.,3,2,I-880 N,Clear,42.0
2017-01-25 00:00:00,61.27,Normal traffic flow,0,0,,Clear,58.4
2017-01-25 01:00:00,60.88,Lane blocked due to accident on I-280 Northbound at Exit 36 Golf Course Dr. | Lane blocked on exit ramp due to accident on I-80 Eastbound at Exit 14B Carlson Blvd.,3,2,"I-280 S, I-80 E",Clear,42.0
2017-01-25 02:00:00,60.88,Right hand shoulder blocked due to accident on I-580 Westbound at Exit 22A MacArthur Blvd.,3,1,I-580 W,Clear,43.0
2017-01-25 03:00:00,61.14,Right hand shoulder blocked due to accident on I-80 Eastbound at Exit 14A Central Ave.,3,1,Central Ave,Clear,39.0
2017-01-25 04:00:00,62.67,Lane blocked due to accident on I-880 Southbound at Exits 12 12A 12B CA-262 Mission Blvd.,3,1,I-880 N,Scattered Clouds,39.2
2017-01-25 05:00:00,67.74,Normal traffic flow,0,0,,Clear,58.4
2017-01-25 06:00:00,44.74,Accident on I-280 Northbound before Junipero Serra Blvd.,3,1,Junipero Serra Fwy N,Partly Cloudy,43.0
2017-01-25 07:00:00,25.42,Normal traffic flow,0,0,,Clear,58.4
2017-01-25 08:00:00,41.47,#1 #2 and #3 lane blocked due to accident on I-880 Northbound before Exits 33A 33B Marina Blvd. | Hov lane blocked due to accident on I-80 Westbound before Toll Plaza.,3,3,"Marina Blvd, I-80 W, Andrade Rd",Mostly Cloudy,43.6
2017-01-25 09:00:00,45.02,Right hand shoulder blocked due to accident on I-680 Southbound before Exit 47 Main St. | Accident on I-80 I-580 Eastbound at University Ave.,3,7,"I-680 S, I-580 W, Appian Way",Scattered Clouds,47.3
2017-01-25 10:00:00,61.18,Right hand shoulder blocked due to accident on CA-85 Northbound after Exit 6 Almaden Expy. | Lane blocked on entry ramp due to accident on US-101 Northbound at Alemany Blvd.,2,6,"Almaden Expy, James Lick Fwy N, Pleasant Hill Rd",Scattered Clouds,51.3
2017-01-25 11:00:00,63.4,Lane blocked on exit ramp due to accident on I-580 Eastbound at Exit 45 Hopyard Rd. | Accident on Talmadge Ave at Hyland Ave.,3,10,"I-580 E, Hyland Ave, Thornton Ave",Partly Cloudy,53.0
2017-01-25 12:00:00,64.12,Right hand shoulder blocked due to accident on I-580 Westbound at Exit 47 Pimlico Dr. | Accident on CA-87 Guadalupe Pkwy Northbound before Exit 7 Taylor St.,3,2,"Tassajara Rd, Guadalupe Pkwy N",Clear,53.0
2017-01-25 13:00:00,65.35,Normal traffic flow,0,0,,Clear,58.4
2017-01-25 14:00:00,62.63,Accident on CA-237 Eastbound at Exit 5 County Hwy-G2 Lawrence Expy.,2,1,Lawrence Expy,Clear,54.0
2017-01-25 15:00:00,61.51,#1 lane blocked due to accident on US-101 Southbound at Exit 429A Alanna Way.,2,1,Bayshore Fwy S,Scattered Clouds,55.0
2017-01-25 16:00:00,62.18,Normal traffic flow,0,0,,Clear,58.4
2017-01-25 17:00:00,61.86,2 Left lane blocked due to accident on I-880 Southbound at Exit 39A Elmwood Ave.,3,1,Nimitz Fwy S,Mostly Cloudy,52.0
2017-01-25 18:00:00,61.23,Accident on CA-185 14th St Southbound at I-238. | #3 lane blocked due to accident on I-80 Eastbound at Exit 15 Cutting Blvd.,3,3,"E Lewelling Blvd, I-80 E, I-80 W",Scattered Clouds,50.4
2017-01-25 19:00:00,62.65,#2 lane blocked due to accident on I-880 Northbound at Exits 12 12A 12B CA-262 Mission Blvd. | #5 lane blocked due to accident on US-101 Northbound at Exit 432 Potrero Ave.,3,5,"I-880 N, James Lick Fwy N, CA-92 E",Clear,48.7
2017-01-25 20:00:00,62.77,#3&amp;#4 lane blocked due to accident on US-101 Northbound at Exit 409 Whipple Ave. | Slow lane blocked due to accident on I-280 Eastbound near Exit 53 Alemany Blvd.,3,8,"Bayshore Fwy N, John F Foran Fwy, I-880 S",Partly Cloudy,48.5
2017-01-25 21:00:00,62.25,Accident on CA-24 Eastbound at 52nd St. | Accident on US-101 Northbound at Exits 404A 404B CA-114 Willow Rd.,3,4,"Grove Shafter Fwy E, US-101 N, MacArthur Fwy E",Scattered Clouds,46.4
2017-01-25 22:00:00,62.25,#1&amp;#2 lane blocked due to accident on I-280 Southbound at Exits 54 54A 54B US-101. | Slow lane blocked due to accident on County Hwy-G2 Lawrence Expy Northbound at Duane Ave.,3,3,"James Lick Fwy S, E Duane Ave, US-101 N",Scattered Clouds,45.2
2017-01-25 23:00:00,61.7,Queueing traffic due to accident on I-280 Southbound around Exits 54 54A 54B US-101. | Queueing traffic and 1st lane blocked due to accident on US-101 Southbound at Exit 432 Potrero Ave.,3,2,James Lick Fwy S,Scattered Clouds,47.0
2017-01-26 00:00:00,61.07,Accident on CA-84 La Honda Rd at Old la Honda Rd.,2,1,Old la Honda Rd,Scattered Clouds,42.8
2017-01-26 01:00:00,60.97,Right hand shoulder blocked due to accident on I-580 Westbound at Exits 25 25B MacArthur Blvd.,3,1,I-580 E,Overcast,46.9
2017-01-26 02:00:00,61.17,Lane blocked due to accident on I-880 Northbound at Exits 1A 1B 1D Bascom Ave.,3,1,N Bascom Ave,Partly Cloudy,39.9
2017-01-26 03:00:00,61.15,Accident on CA-237 Westbound at Exit 8 Zanker Rd.,2,1,CA-237 W,Partly Cloudy,39.9
2017-01-26 04:00:00,63.39,Normal traffic flow,0,0,,Clear,58.4
2017-01-26 05:00:00,64.66,Normal traffic flow,0,0,,Clear,58.4
2017-01-26 06:00:00,43.74,Normal traffic flow,0,0,,Clear,58.4
2017-01-26 07:00:00,23.9,Right lane blocked due to accident on CA-92 Westbound from San Mateo Bridge to Exit 14B Chess Dr.,2,1,Foster City Blvd,Mostly Cloudy,42.8
2017-01-26 08:00:00,24.92,Accident on Crow Canyon Rd near Bollinger Canyon Rd. | #1 lane blocked and right hand shoulder blocked due to accident on I-80 Westbound between Exit 13 I-580 and Exit 14A Central Ave.,3,4,"Crow Canyon Rd, Central Ave, Eastshore Fwy W",Mostly Cloudy,45.8
2017-01-26 09:00:00,25.47,#1 and #2 lane blocked due to accident on CA-24 Westbound near Exit 13 Deer Hill Rd. | #1 and #2 lane blocked due to accident on I-580 Westbound after Exit 44A San Ramon Rd.,3,4,"CA-24 W, San Ramon Rd, I-680 S",Partly Cloudy,46.0
2017-01-26 10:00:00,46.55,Accident on I-80 Eastbound after Exit 4A Treasure Is. | Accident on I-280 Northbound between Exits 4 5A Meridian Ave and Exits 1C 5A 5B CA-17. On the median.,3,8,"San Francisco-Oakland Bay Brg E, I-880 S, Meridian Ave",Partly Cloudy,50.4
2017-01-26 11:00:00,63.18,Right hand shoulder blocked due to accident on I-580 Westbound at I-80. | Accident on US-101 Northbound after Exits 381 382 Yerba Buena Rd.,3,10,"I-580 W, Yerba Buena Rd, CA-237",Partly Cloudy,52.2
2017-01-26 12:00:00,61.68,Left lane blocked and heavy traffic due to accident on CA-92 Eastbound at Exits 12A 12B CA-82 El Camino Real.,2,1,S El Camino Real,Scattered Clouds,50.0
2017-01-26 13:00:00,62.28,#2 and #3 lane blocked due to accident on I-880 Northbound after Exit 36 Hegenberger Rd. | Accident on I-580 Eastbound after Exit 44A San Ramon Rd.,3,2,"I-880 N, Foothill Rd",Clear,53.6
2017-01-26 14:00:00,61.82,#1 lane blocked due to accident on US-101 Northbound at Exit 432 Potrero Ave. | Accident on County Hwy-G2 Lawrence Expy at Homestead Rd.,2,2,"James Lick Fwy N, Homestead Rd",Partly Cloudy,55.0
2017-01-26 15:00:00,61.01,Normal traffic flow,0,0,,Clear,58.4
2017-01-26 16:00:00,61.56,Middle lane blocked due to accident on I-80 I-580 Eastbound at Exits 12 13A I-580. | #3 lane blocked due to accident on I-80 I-580 Eastbound at Exit 11 I-580.,3,5,"I-580 W, I-680 N, Guadalupe Pkwy S",Partly Cloudy,55.2
2017-01-26 17:00:00,60.62,Right lane blocked due to accident on US-101 Southbound at Exit 392 County Hwy-G4 San Tomas Expy. | Shoulder blocked on exit ramp due to accident on I-880 Southbound for Exit 29 A St.,3,5,"Bayshore Fwy S, I-880 N, I-680 N",Partly Cloudy,52.7
2017-01-26 18:00:00,61.12,#1 lane blocked due to accident on I-880 Southbound at Exit 42B Market St. | #1 lane blocked due to accident on I-880 Southbound at Exit 29 A St.,3,9,"I-880 S, Nimitz Fwy S, Via del Rey",Clear,51.3
2017-01-26 19:00:00,61.91,Lane blocked on exit ramp due to serious accident on CA-1 Southbound at Exits 508 508A 508B CA-35 Skyline Blvd. | Accident on I-680 Northbound at Exit 38 Sycamore Valley Rd.,3,6,"Coast Hwy, I-680 N, Chula Vista Dr",Clear,47.8
2017-01-26 20:00:00,62.42,#1&amp;#2 lane blocked due to accident on I-280 Southbound at Exit 52 Bosworth St. | Serious accident on I-880 Northbound at Exit 28 Winton Ave.,3,5,"I-280 S, Nimitz Fwy N, I-680 N",Clear,46.3
2017-01-26 21:00:00,62.12,Shoulder blocked on exit ramp due to accident on I-580 Westbound for Exits 26 26A 26B Mountain Blvd. | Shoulder blocked on exit ramp due to accident on I-580 Northbound for Exits 44B 45 I-680.,3,9,"I-580 W, I-580 E, CA-24 E",Clear,44.5
2017-01-26 22:00:00,62.17,#2 lane blocked due to accident on Central Expy Eastbound at De la Cruz Blvd. | #1&amp;#2&amp;#3 lane blocked due to accident on I-580 Westbound at Exit 47 Pimlico Dr.,3,5,"De la Cruz Blvd, I-580 W, Grove Shafter Fwy E",Clear,42.2
2017-01-26 23:00:00,61.52,Right hand shoulder blocked and 1st lane blocked due to accident now on the shoulder on US-101 Southbound at Exit 383 Tully Rd. | #1 lane blocked due to accident on US-101 Southbound at Exit 383 Tully Rd.,3,5,"Bayshore Fwy S, I-580 E, San Tomas Expy",Clear,43.8
2017-01-27 00:00:00,61.22,Normal traffic flow,0,0,,Clear,58.4
2017-01-27 01:00:00,61.06,Two lanes blocked due to accident on I-80 Eastbound at Exits 2 2A Harrison St. | Lane blocked on entry ramp due to accident on I-880 Southbound at Exit 41B I-980.,3,5,"James Lick Fwy N, I-980 W, I-580 E",Clear,40.6
2017-01-27 02:00:00,61.0,Right hand shoulder blocked due to accident on CA-17 Northbound at Exits 20A 20B CA-9 Los Gatos Saratoga Rd. | At I-680 - Accident.,3,2,"CA-17 S, I-580 W",Clear,37.5
2017-01-27 03:00:00,61.14,Slow lane blocked due to accident on I-880 Southbound at Exits 12 12A 12B CA-262 Mission Blvd. | Accident on I-880 Southbound at Exits 12 12A 12B CA-262 Mission Blvd.,3,5,"I-880 N, Nimitz Fwy S, I-580 W",Clear,37.6
2017-01-27 04:00:00,62.69,Right hand shoulder blocked due to accident on I-880 Northbound at Exit 21 Decoto Rd.,3,1,I-880 N,Scattered Clouds,39.2
2017-01-27 05:00:00,63.53,Normal traffic flow,0,0,,Clear,58.4
2017-01-27 06:00:00,53.62,At Serramonte Blvd - Accident.,2,1,I-280 N,Mostly Cloudy,50.0
2017-01-27 07:00:00,32.32,Right hand shoulder blocked due to accident on US-101 Northbound before I-880. | Lane blocked due to accident on I-80 Westbound before Toll Plaza.,3,4,"I-880 S, I-80 W, US-101 N",Mostly Cloudy,40.6
2017-01-27 08:00:00,30.53,Accident on Cornell Ave at Regent St. | At Hillsdale Blvd/Exit 414A - Accident.,2,4,"Cornell Ave, Bayshore Fwy S, US-101 N",Clear,47.7
2017-01-27 09:00:00,38.18,Right hand shoulder blocked due to accident on I-280 Northbound before Exit 47A Serramonte Blvd. | At Shoreline Blvd - Accident.,3,2,"Junipero Serra Fwy N, Norman Y Mineta Hwy",Clear,50.0
2017-01-27 10:00:00,62.37,Accident on US-101 Northbound before Exits 391A 391B Trimble Rd. | Right hand shoulder blocked due to accident on I-680 Southbound at Exit 12 CA-262 Mission Blvd.,3,4,"Trimble Rd, I-680 S, I-580 W",Partly Cloudy,54.0
2017-01-27 11:00:00,63.55,Lane blocked on exit ramp due to accident on US-101 Northbound at Exit 402 Embarcadero Rd. | Accident on US-101 Northbound before Shoreline Blvd.,3,6,"Embarcadero Rd, US-101 N, Meekland Ave",Clear,54.6
2017-01-27 12:00:00,63.28,Accident on CA-92 Westbound at Exit 11 Alameda de Las Pulgas. | Right hand shoulder blocked due to accident on I-80 Westbound at Richmond Pkwy.,3,4,"Alameda de Las Pulgas, Richmond Pkwy, Norman Y Mineta Hwy",Clear,56.2
2017-01-27 13:00:00,63.42,Accident on Hegenberger Rd at I-880. | Accident on I-680 Northbound at Olympic Blvd.,3,4,"I-880 N, I-680 N, Nimitz Fwy S",Partly Cloudy,56.2
2017-01-27 14:00:00,63.43,Accident on Almonte Blvd Southbound before Helen Ave. | Accident on I-80 Westbound at Exit 22 Pinole Valley Rd.,3,3,"Almonte Blvd, Pinole Valley Rd, Old Bayshore Hwy",Clear,59.0
2017-01-27 15:00:00,59.55,Accident on CA-17 Northbound before I-880. | Accident on 16th St at Prosper St.,2,2,"CA-17 N, Prosper St",Partly Cloudy,58.0
2017-01-27 16:00:00,61.88,Right hand shoulder blocked due to accident on I-880 Southbound before Exit 36 Hegenberger Rd. | Right hand shoulder blocked due to accident on I-80 Eastbound before Exit 16A MacDonald Ave.,3,4,"Nimitz Fwy S, MacDonald Ave, Niles Canyon Rd",Clear,57.4
2017-01-27 17:00:00,62.09,One lane blocked and right hand shoulder blocked due to accident on I-880 Southbound at Exit 26 Tennyson Rd. | #3 lane blocked and right hand shoulder blocked due to accident on I-280 Northbound at Exits 3A 3B Bird Ave.,3,2,"Nimitz Fwy S, Sinclair Fwy N",Clear,52.1
2017-01-27 18:00:00,62.32,Right hand shoulder blocked due to accident on US-101 Southbound before Exit 442 Sausalito Lateral. | Accident on I-380 Westbound before Exit 5 CA-82 El Camino Real.,3,6,"Golden Gate Brg S, I-380 W, I-580 E",Clear,51.2
2017-01-27 19:00:00,63.18,Accident on CA-1 Shoreline Hwy at Seacape Dr. | Accident on Crestview Dr at Edgewood Rd.,3,5,"Shoreline Hwy, Edgewood Rd, I-580 E",Clear,50.6
2017-01-27 20:00:00,63.86,Right hand shoulder blocked due to accident on I-280 Northbound at Exits 1C 5A 5B CA-17.,2,1,I-880 S,Clear,50.0
2017-01-27 21:00:00,62.35,Right hand shoulder blocked due to accident on US-101 Northbound before Exits 430A 430B 431 I-280. | Shoulder blocked on exit ramp due to accident on I-280 Northbound at Exits 2B 3A 3B CA-87 Guadalupe Pkwy.,3,5,"James Lick Fwy N, Sinclair Fwy N, I-280 S",Clear,47.6
2017-01-27 22:00:00,62.69,#1 lane blocked and right hand shoulder blocked due to accident on US-101 Southbound at Exit 411 Holly St. | Accident on I-880 Northbound at CA-84.,3,3,"Bayshore Fwy S, I-880 N, Guadalupe Pkwy S",Clear,44.6
2017-01-27 23:00:00,61.91,Normal traffic flow,0,0,,Clear,58.4
2017-01-28 00:00:00,61.69,Lane blocked and queueing traffic due to accident on I-580 Eastbound at Exit 50 CA-84 Airway Blvd. | Right hand shoulder blocked due to accident now on the shoulder on I-80 I-580 Westbound at Exit 9 I-580.,3,4,"I-580 E, Eastshore Fwy W, Nimitz Fwy S",Clear,42.2
2017-01-28 01:00:00,61.21,#4 lane blocked due to accident and people on the road on I-880 Northbound at Exit 37 66th Ave.,3,1,I-880 N,Clear,44.1
2017-01-28 02:00:00,60.99,Lane blocked due to debris on road and accident on I-280 Northbound at Exit 1A McLaughlin Ave.,3,1,Sinclair Fwy N,Clear,35.6
2017-01-28 03:00:00,61.02,Normal traffic flow,0,0,,Clear,58.4
2017-01-28 04:00:00,61.68,Normal traffic flow,0,0,,Clear,58.4
2017-01-28 05:00:00,62.31,Normal traffic flow,0,0,,Clear,58.4
2017-01-28 06:00:00,63.05,Accident on I-580 Westbound at Exit 36 Redwood Rd. | Right hand shoulder blocked due to accident on I-680 Northbound at Exit 36 Crow Canyon Rd.,3,2,"I-580 W, I-680 N",Clear,37.0
2017-01-28 07:00:00,63.17,Normal traffic flow,0,0,,Clear,58.4
2017-01-28 08:00:00,62.85,#4 lane blocked due to accident on I-280 Southbound at Exit 16 El Monte Rd.,3,1,I-280 S,Clear,36.0
2017-01-28 09:00:00,62.85,Normal traffic flow,0,0,,Clear,58.4
2017-01-28 10:00:00,61.51,Two lanes blocked due to accident on I-680 Southbound at Exits 5 5B Capitol Ave. | Accident on Verona Rd at Pleasanton Sunol Rd.,3,2,"I-680 S, Pleasanton Sunol Rd",Clear,51.9
2017-01-28 11:00:00,61.59,Right hand shoulder blocked due to multi-vehicle accident on I-280 Southbound at Exit 39 Skyline Blvd.,3,1,I-280 S,Scattered Clouds,52.0
2017-01-28 12:00:00,57.5,Normal traffic flow,0,0,,Clear,58.4
2017-01-28 13:00:00,60.01,Accident on CA-17 Southbound at I-880. | Right hand shoulder blocked due to multi-vehicle accident on I-880 Northbound at Exit 35 98th Ave.,3,3,"Moorpark Ave, I-880 N, I-680 S",Clear,57.2
2017-01-28 14:00:00,60.83,Normal traffic flow,0,0,,Clear,58.4
2017-01-28 15:00:00,61.38,Accident on CA-242 Southbound at Exit 2 Grant St. | Accident on I-280 Northbound at Exits 54 54A 54B US-101.,3,2,"CA-242 S, James Lick Fwy N",Clear,58.0
2017-01-28 16:00:00,60.76,One lane blocked due to accident on CA-17 Southbound at Exits 20A 20B CA-9 Los Gatos Saratoga Rd. | Right hand shoulder blocked due to accident on CA-87 Guadalupe Pkwy Northbound at I-280.,3,3,"CA-17 S, Guadalupe Pkwy N, I-880 N",Scattered Clouds,61.4
2017-01-28 17:00:00,60.1,Normal traffic flow,0,0,,Clear,58.4
2017-01-28 18:00:00,59.22,Accident on I-580 Westbound at Exit 46 Hacienda Dr.,3,1,I-580 W,Clear,43.0
2017-01-28 19:00:00,61.44,Lane blocked and queueing traffic due to accident on CA-1 Shoreline Hwy Southbound at Panoramic Hwy. | Lane blocked and queueing traffic due to accident on US-101 Northbound at Exit 439 Transit Transfer Facility.,2,3,"Shoreline Hwy, Golden Gate Brg S, W Jackson St",Clear,50.5
2017-01-28 20:00:00,63.58,Accident on Contra Costa Canal Trl Southbound at Oak Park Blvd. | Lane blocked due to accident on CA-24 Westbound at Exits 2 2B I-980.,4,5,"Contra Costa Canal Trl, I-580 E, CA-17 N",Partly Cloudy,49.3
2017-01-28 21:00:00,63.0,Normal traffic flow,0,0,,Clear,58.4
2017-01-28 22:00:00,62.7,Accident on CA-84 Eastbound at I-880. | Center lane blocked due to accident on I-280 Eastbound at Exit 57 King St.,3,4,"Nimitz Fwy S, I-280 S, I-580 E",Clear,47.5
2017-01-28 23:00:00,62.37,Normal traffic flow,0,0,,Clear,58.4
2017-01-29 00:00:00,61.96,Accident on I-580 Westbound at Exit 24 Montana St. | Accident on CA-92 Jackson St Northbound at Exits 26A 26B I-880.,3,3,"I-580 E, Nimitz Fwy S, I-680 S",Clear,42.7
2017-01-29 01:00:00,61.25,Normal traffic flow,0,0,,Clear,58.4
2017-01-29 02:00:00,61.2,Right hand shoulder blocked due to accident on I-880 Northbound at Exit 28 Winton Ave.,3,1,I-880 N,Clear,43.0
2017-01-29 03:00:00,60.99,Right hand shoulder blocked due to accident on I-80 I-580 Eastbound at I-580.,3,1,I-80 E,Scattered Clouds,44.1
2017-01-29 04:00:00,61.35,Normal traffic flow,0,0,,Clear,58.4
2017-01-29 05:00:00,61.57,Right hand shoulder blocked due to accident on US-101 Northbound at Exit 446 Redwood Hwy. | Right hand shoulder blocked due to accident on I-80 Eastbound at Exit 4A Treasure Is.,3,2,"US-101 N, San Francisco-Oakland Bay Brg E",Scattered Clouds,44.1
2017-01-29 06:00:00,62.08,Normal traffic flow,0,0,,Clear,58.4
2017-01-29 07:00:00,62.53,Normal traffic flow,0,0,,Clear,58.4
2017-01-29 08:00:00,63.1,Normal traffic flow,0,0,,Clear,58.4
2017-01-29 09:00:00,63.65,Normal traffic flow,0,0,,Clear,58.4
2017-01-29 10:00:00,64.37,Normal traffic flow,0,0,,Clear,58.4
2017-01-29 11:00:00,64.42,Normal traffic flow,0,0,,Clear,58.4
2017-01-29 12:00:00,62.62,Normal traffic flow,0,0,,Clear,58.4
2017-01-29 13:00:00,63.24,Normal traffic flow,0,0,,Clear,58.4
2017-01-29 14:00:00,63.33,Normal traffic flow,0,0,,Clear,58.4
2017-01-29 15:00:00,62.91,Right hand shoulder blocked due to accident on I-80 Eastbound at Exit 4A Treasure Is. | Right hand shoulder blocked due to accident on I-880 Northbound at Exit 15 Auto Mall Pkwy.,3,2,"San Francisco-Oakland Bay Brg E, I-880 N",Mostly Cloudy,60.2
2017-01-29 16:00:00,62.98,Normal traffic flow,0,0,,Clear,58.4
2017-01-29 17:00:00,63.78,At Lewelling Blvd/Exit 16A - Accident. | Between Hegenberger Rd and 66th Ave - Accident.,3,3,"Nimitz Fwy S, I-880 N, W MacArthur Blvd",Mostly Cloudy,58.3
2017-01-29 18:00:00,61.34,Normal traffic flow,0,0,,Clear,58.4
2017-01-29 19:00:00,63.03,Normal traffic flow,0,0,,Clear,58.4
2017-01-29 20:00:00,63.8,Normal traffic flow,0,0,,Clear,58.4
2017-01-29 21:00:00,63.13,Normal traffic flow,0,0,,Clear,58.4
2017-01-29 22:00:00,62.1,Between A St and Hesperian Blvd - Accident.,3,1,I-880 N,Clear,51.1
2017-01-29 23:00:00,61.68,Accident on I-80 Eastbound at Exit 4A Treasure Is. | Accident on I-880 Northbound at Exit 15 Auto Mall Pkwy.,3,3,"San Francisco-Oakland Bay Brg E, I-880 N, I-580 E",Clear,44.5
2017-01-30 00:00:00,61.23,Normal traffic flow,0,0,,Clear,58.4
2017-01-30 01:00:00,60.97,Normal traffic flow,0,0,,Clear,58.4
2017-01-30 02:00:00,60.92,Normal traffic flow,0,0,,Clear,58.4
2017-01-30 03:00:00,61.27,Normal traffic flow,0,0,,Clear,58.4
2017-01-30 04:00:00,62.23,Normal traffic flow,0,0,,Clear,58.4
2017-01-30 05:00:00,61.24,Normal traffic flow,0,0,,Clear,58.4
2017-01-30 06:00:00,41.18,Normal traffic flow,0,0,,Clear,58.4
2017-01-30 07:00:00,22.05,Normal traffic flow,0,0,,Clear,58.4
2017-01-30 08:00:00,24.08,At Bay Bridge Toll Plz - Accident. Right lane blocked. | At US-101 - Accident. Center lane blocked.,2,4,"I-80 W, CA-92 E, Junipero Serra Fwy N",Clear,45.1
2017-01-30 09:00:00,23.35,At Coleman Ave - Accident. Left lane blocked.,2,1,I-880 N,Mostly Cloudy,50.0
2017-01-30 10:00:00,55.18,At Kruse Dr - Accident. Left lane blocked. | At Treasure Island Rd - Accident. Left lane blocked.,3,3," Montague Expy, I-80 W, I-680 S",Mostly Cloudy,52.0
2017-01-30 11:00:00,62.02,Accident on San Pedro Rd at Civic Center Dr. | Accident on Wilder Rd Eastbound at CA-24.,3,10,"Civic Center Dr, Grove Shafter Fwy E, I-880 N",Clear,55.6
2017-01-30 12:00:00,61.43,Normal traffic flow,0,0,,Clear,58.4
2017-01-30 13:00:00,62.52,Accident on Montague Expy Southbound at Kruse Dr. | Accident on CA-1 Junipero Serra Blvd at Palmetto Ave.,2,2,"Seely Ave, Junipero Serra Blvd",Mostly Cloudy,59.0
2017-01-30 14:00:00,62.25,Accident on I-580 Westbound after Exit 39 Eden Canyon Rd. | Accident on East Ave at St.,3,6,"Eden Canyon Rd, E St, I-280 S",Clear,61.0
2017-01-30 15:00:00,61.85,Accident on Ocean Ave at Junipero Serra Blvd. | At CA-13/Ashby Ave/Bay St - Accident.,2,6,"Junipero Serra Blvd, Eastshore Fwy W, I-280 S",Mostly Cloudy,61.5
2017-01-30 16:00:00,61.24,Accident on Castro Valley Blvd at Strobridge Ave. | At CA-84/Woodside Rd - Accident.,2,6,"Strobridge Ave,  Middlefield Rd,  Concord Ave",Clear,58.2
2017-01-30 17:00:00,61.91,Right hand shoulder blocked due to accident on I-880 Northbound at Exit 22 Fremont Blvd. | Right hand shoulder blocked due to accident on I-580 Westbound before Exits 44B 45 I-680.,3,7,"I-880 N, I-580 W, E Blithedale Ave",Clear,55.7
2017-01-30 18:00:00,61.14,#2 lane blocked due to accident on I-80 I-580 Westbound before CA-13 Ashby Ave. | Accident on Contra Costa Blvd Northbound at I-680.,3,5,"I-580 E, CA-242 S, I-680 N",Clear,52.6
2017-01-30 19:00:00,63.15,Accident on Middlefield Rd at Northside Ave. | Accident on Concord Ave in Martinez.,2,5,"Middlefield Rd, Concord Ave, Norman Y Mineta Hwy",Clear,51.2
2017-01-30 20:00:00,62.92,Accident on I-580 Westbound before Exit 39 Eden Canyon Rd. | Between Vermont St and Army St/Potrero Ave - Accident.,3,2,"Paloverde Rd, James Lick Fwy S",Clear,53.1
2017-01-30 21:00:00,62.24,Accident on CA-24 Eastbound at Exit 7A Old Tunnel Rd. | Right hand shoulder blocked due to accident on I-580 Westbound at Exit 44A San Ramon Rd.,3,8,"Caldecott Tunl E, I-580 W, Guadalupe Pkwy N",Light Rain,47.2
2017-01-30 22:00:00,62.08,Accident on Doolan Rd Westbound in Livermore.,2,1,Doolan Rd,Clear,39.9
2017-01-30 23:00:00,61.39,2nd lane blocked due to accident on I-280 Southbound at Exits 54 54A 54B US-101. | Accident on US-101 Southbound at Exit 414B CA-92.,3,4,"James Lick Fwy S, CA-92 E, I-280 S",Scattered Clouds,48.2
2017-01-31 00:00:00,61.16,Normal traffic flow,0,0,,Clear,58.4
2017-01-31 01:00:00,60.95,Normal traffic flow,0,0,,Clear,58.4
2017-01-31 02:00:00,60.94,Right hand shoulder blocked due to accident on I-280 Northbound at Exits 34 35 CA-35 Bunker Hill Dr.,3,1,I-280 S,Clear,41.0
2017-01-31 03:00:00,61.12,Right hand shoulder blocked due to accident on I-280 Southbound at Exit 53 Alemany Blvd.,3,1,Alemany Blvd,Partly Cloudy,44.1
2017-01-31 04:00:00,62.79,Accident on High St both ways at Contra Costa Canal Trl. | Lane blocked due to accident on Donahue St both ways at Drake Ave.,2,2,"High St, Donahue St",Clear,40.4
2017-01-31 05:00:00,63.18,#1 lane blocked due to accident on CA-24 Eastbound before Deer Hill Rd. | At El Charro Rd/Fallon Rd - Accident. Right lane blocked.,2,2,"CA-24 E, I-580 W",Clear,35.6
2017-01-31 06:00:00,41.27,At Zanker Rd - Accident. Right lane blocked.,2,1,Southbay Fwy,Clear,39.9
2017-01-31 07:00:00,22.79,At 23rd Ave - Accident. Left lane blocked. | At Grant St/Solano Way - Accident.,2,3,"Nimitz Fwy S, CA-242 N, I-880 S",Overcast,40.6
2017-01-31 08:00:00,25.86,Shoulder blocked on exit ramp due to accident on I-880 Southbound at Exit 28 Winton Ave. | Lane blocked due to accident on I-880 Southbound before Exits 46A 46B Grand Ave.,3,6,"W Winton Ave, I-880 N, Isabel Ave",Haze,41.4
2017-01-31 09:00:00,26.64,One lane blocked due to accident on I-680 Southbound before CA-24. | Accident on CA-237 Eastbound at Exit 8 Zanker Rd.,3,11,"I-680 S, CA-237 W, Fallon Rd",Scattered Clouds,46.0
2017-01-31 10:00:00,54.15,Accident on Warrington Ave near Fair Oaks Ave. | #1 lane blocked due to accident on I-880 Southbound before I-880 Exit 39B / 23rd Ave.,3,8,"Warrington Ave, 23rd Ave, Clawiter Rd",Scattered Clouds,52.1
2017-01-31 11:00:00,63.45,Right hand shoulder blocked due to accident on I-880 Southbound at I-880 Exit 31B / Washington Ave. | Accident on CA-84 Fremont Blvd at Fremont Blvd.,3,12,"Nimitz Fwy S, Peralta Blvd, Trimble Rd",Haze,55.0
2017-01-31 12:00:00,63.14,#1 lane blocked due to accident on US-101 Northbound at US-101 Exit 414B / CA-92. | Accident on CA-13 Warren Fwy at Exit 3 Mountain Blvd.,3,14,"J Arthur Younger Fwy W, Warren Fwy N, Norman Y Mineta Hwy",Mostly Cloudy,55.8
2017-01-31 13:00:00,63.76,Accident on CA-85 Northbound at Exit 8 Camden Ave. | Accident on I-680 Southbound at Exit 15 Washington Blvd.,3,10,"Norman Y Mineta Hwy, I-680 S, I-880",Mostly Cloudy,58.7
2017-01-31 14:00:00,63.61,Accident on Giaramita St at Silver Ave. | Accident on CA-92 Westbound at Exit 10 Hillsdale Blvd.,3,4,"Silver Ave, CA-92 E, N Shoreline Blvd",Clear,57.1
2017-01-31 15:00:00,61.35,#2 lane blocked due to accident on I-580 Westbound at Exits 19B 19C 19D 20 I-980. | At Saratoga Ave - Accident.,3,5,"I-580 W, I-280 S, Junipero Serra Fwy N",Mostly Cloudy,60.4
2017-01-31 16:00:00,62.1,#1&amp;#2 lane blocked due to accident on I-880 Southbound at I-880 / Davis St. | #5 lane blocked due to accident on I-80 Eastbound at Exit 4A Treasure Is.,3,4,"Nimitz Fwy S, San Francisco-Oakland Bay Brg E, I-80 W",Mostly Cloudy,56.7
2017-01-31 17:00:00,62.09,Accident on US-101 Southbound at Exits 384 385 Story Rd. | Right hand shoulder blocked due to accident on I-680 Northbound around Exit 45A Main St.,3,4,"Bayshore Fwy S, I-680 N, US-101 N",Clear,55.3
2017-01-31 18:00:00,61.68,#2 lane blocked due to accident on I-280 Southbound at Exit 9 Stevens Creek Blvd. | #3 lane blocked due to accident on I-280 Northbound at Exit 7 Saratoga Ave.,3,11,"I-280 S, Junipero Serra Fwy N, I-680 N",Mostly Cloudy,55.1
2017-01-31 19:00:00,63.28,Accident on US-101 Northbound at Exit 426 Sierra Point Pkwy. | Accident on I-80 Eastbound at Exits 2B 2C Harrison St.,3,3,"US-101 N, San Francisco-Oakland Bay Brg E, Junipero Serra Fwy N",Mostly Cloudy,54.8
2017-01-31 20:00:00,63.23,Accident on Alta Vista Way at Highland Dr. | Between CA-109/University Ave and Dumbarton Brg (Fremont) - Accident.,2,2,"Alta Vista Way, Dumbarton Bridge",Mostly Cloudy,50.9
2017-01-31 21:00:00,62.1,#4 lane blocked due to accident on I-80 Eastbound at Exits 8A 8B I-880. | Accident on CA-242 Southbound at Exit 2 Grant St.,3,7,"San Francisco-Oakland Bay Brg E, CA-242 S, I-80 W",Mostly Cloudy,51.4
2017-01-31 22:00:00,62.14,Slow lane blocked due to accident on US-101 Southbound at Exits 398B 399 399A 399B CA-85. | #1 lane blocked due to accident on CA-84 Eastbound on Dunbarton Bridge.,3,3,"Bayshore Fwy S, Dumbarton Bridge, I-280 S",Clear,50.0
2017-01-31 23:00:00,61.56,Lane blocked and queueing traffic due to accident on CA-84 Eastbound in Redwood City. | Accident on CA-85 Southbound at Exits 10 11A CA-17.,2,3,"Dumbarton Brg W, CA-17 S, Bayshore Fwy S",Mostly Cloudy,50.2
2017-02-01 00:00:00,61.28,Normal traffic flow,0,0,,Clear,58.4
2017-02-01 01:00:00,60.94,Lane blocked due to accident on US-101 Northbound at Exit 426 Sierra Point Pkwy. | Lane blocked on entry ramp due to accident on CA-87 Northbound at Exits 1 1D Capitol Expy.,3,3,"US-101 N, Guadalupe Fwy N, I-880 S",Clear,47.8
2017-02-01 02:00:00,61.01,Right hand shoulder blocked due to accident on I-880 Northbound at Exits 4B 4C US-101.,3,1,I-880 S,Clear,46.0
2017-02-01 03:00:00,61.04,One lane blocked due to accident on I-580 Eastbound at Lakeshore Ave.,3,1,I-580 W,Overcast,48.9
2017-02-01 04:00:00,62.38,Right hand shoulder blocked due to accident on US-101 Southbound at Exits 391A 391B Trimble Rd. | At Sand Hill Rd - Accident.,2,2,"Trimble Rd, I-280 S",Clear,46.2
2017-02-01 05:00:00,61.93,Normal traffic flow,0,0,,Clear,58.4
2017-02-01 06:00:00,43.82,Accident on I-280 Northbound at Stevens Creek Blvd.,3,1,Junipero Serra Fwy N,Clear,46.0
2017-02-01 07:00:00,25.29,At San Mateo Bridge - Accident. | At I-280/I-880 - Accident.,2,2,"CA-92 E, CA-17 S",Overcast,47.6
2017-02-01 08:00:00,24.72,Accident on US-101 Northbound before Exit 411 Holly St. | Between Montague Expy and Brokaw Rd - Accident.,2,2,"US-101 N, I-880 S",Overcast,48.4
2017-02-01 09:00:00,31.37,Accident on I-680 Southbound before Exit 16 Mission Blvd. | At Bascom Ave - Accident.,3,3,"I-680 S, I-880 N,  Lawrence Expy",Haze,49.6
2017-02-01 10:00:00,62.22,Left lane blocked due to accident on CA-92 Westbound after Toll Plaza. | Accident on I-80 Westbound before Exit 22 Pinole Valley Rd.,3,6,"J Arthur Younger Fwy W, Pinole Valley Rd, Foster City Blvd",Clear,49.6
2017-02-01 11:00:00,63.49,Accident on Sydney Way at Carlton Ave. | Right hand shoulder blocked due to accident on US-101 Southbound near Exit 392 County Hwy-G4 San Tomas Expy.,3,6,"Sydney Way, Bayshore Fwy S, W Jackson St",Mostly Cloudy,55.6
2017-02-01 12:00:00,63.18,Right hand shoulder blocked due to accident on I-880 Southbound at Exit 27 CA-92 Jackson St. | Right hand shoulder blocked due to accident on I-280 Southbound at Exits 1C 5A 5B CA-17.,3,8,"Nimitz Fwy S, I-880 S, N Bascom Ave",Mostly Cloudy,57.4
2017-02-01 13:00:00,63.52,Accident on I-238 Northbound at Exit 14 I-580. | #2 lane blocked due to accident on I-680 Southbound after Exit 26 Bernal Ave.,3,6,"I-238 N, I-680 S, John F Foran Fwy",Haze,55.4
2017-02-01 14:00:00,63.01,At Willow Pass Rd - Accident.,3,1,I-680 N,Overcast,51.1
2017-02-01 15:00:00,61.93,At Grove Way - Accident. | At Grant Ave - Accident.,2,3,"I-580 E, Washington Ave,  Via Alamitos",Partly Cloudy,61.4
2017-02-01 16:00:00,62.09,Slow lane blocked due to accident on CA-84 Westbound at CA-84 / Ravenswood. | #1&amp;#2 lane blocked due to accident on US-101 Northbound at Exits 400A 400B Rengstorff Ave.,3,8,"Bayfront Expy W, US-101 N, CA-84 E",Mostly Cloudy,55.9
2017-02-01 17:00:00,61.74,Right hand shoulder blocked due to accident on I-280 Northbound at Exit 53 Alemany Blvd. | 2 Right lane closed due to accident on I-680 Southbound at Exits 49 49A 49B 50 CA-242.,3,5,"John F Foran Fwy, I-680 S, Concord Ave",Mostly Cloudy,53.7
2017-02-01 18:00:00,62.02,Accident on Oak St at Ashbury St. | #3 lane blocked due to accident on I-580 Eastbound at Exit 37 Grove Way.,3,17,"Oak St, I-580 E, W Jackson St",Mostly Cloudy,55.3
2017-02-01 19:00:00,63.22,#3 lane blocked due to accident on I-80 Westbound at Exits 8A 8B I-880. | Accident on CA-92 Jackson St Eastbound at Exit 25A Industrial Blvd.,3,8,"I-80 W, W Jackson St, I-580 W",Mostly Cloudy,54.8
2017-02-01 20:00:00,63.14,#2&amp;#3 lane blocked due to accident on I-238 Westbound at Exit 14 I-580. | #1 lane blocked due to accident on CA-24 Eastbound at Exit 6 Caldecott Ln.,3,8,"I-238 N, CA-24 W, I-580 W",Mostly Cloudy,54.3
2017-02-01 21:00:00,62.98,Multi-vehicle accident on I-580 Westbound at Exits 26 26A 26B Mountain Blvd. | #3 lane blocked due to accident on US-101 Southbound at Exit 414A Hillsdale Blvd.,3,6,"I-580 W, Bayshore Fwy S, I-680 S",Light Rain,53.8
2017-02-01 22:00:00,62.31,#2 lane blocked due to accident on I-80 Westbound at Exit 4A Treasure Is. | Slow lane blocked due to accident on I-80 Eastbound at Exit 4A Treasure Is.,3,7,"San Francisco-Oakland Bay Brg E, I-280 S, I-580 E",Light Rain,53.7
2017-02-01 23:00:00,61.25,Right hand shoulder blocked due to accident on I-880 Southbound at Exit 39B 23rd Ave. | Right hand shoulder blocked due to accident now on the shoulder on I-880 Northbound at Exits 30 31A I-238.,3,3,"23rd Ave, I-880 N, I-680 S",Overcast,50.7
2017-02-02 00:00:00,61.17,Accident on US-101 Northbound at Exits 425B 425C 426A 426B Oyster Point Blvd. | At Scott Creek Rd - Accident.,4,2,"Oyster Point Blvd, I-680 S",Light Rain,51.1
2017-02-02 01:00:00,60.94,Slow lane blocked due to accident on I-880 Southbound at Exit 37 66th Ave. | Right hand shoulder blocked due to accident on I-80 Westbound at Exits 2 2A Harrison St.,3,2,"Nimitz Fwy S, James Lick Fwy N",Light Rain,52.6
2017-02-02 02:00:00,60.87,One lane blocked due to accident on I-680 Northbound at Exit 12 CA-262 Mission Blvd. | One lane blocked due to accident on I-680 Southbound at Exit 10 Scott Creek Rd.,3,4,"I-680 S, Scott Creek Rd, San Mateo Rd",Overcast,52.2
2017-02-02 03:00:00,61.03,At Tully Rd - Accident.,3,1,Bayshore Fwy S,Overcast,53.6
2017-02-02 04:00:00,62.58,Lane blocked on exit ramp due to accident on I-880 Southbound at Exit 23 Alvarado Niles Rd. | Right hand shoulder blocked due to accident on CA-87 Guadalupe Pkwy Northbound at Exits 4 5 6 I-280.,3,3,"Alvarado Niles Rd, Sinclair Fwy N, Nimitz Fwy S",Overcast,52.7
2017-02-02 05:00:00,65.07,Ramp to CA-85/CA-87/West Valley Fwy - Accident. | Ramp to CA-87/Guadalupe Pky Northbound - Accident.,2,3,"Chynoweth Ave, Norman Y Mineta Hwy, Nimitz Fwy S",Overcast,54.2
2017-02-02 06:00:00,46.15,At I-380/Access Rd - Accident. | At CA-84/Decoto Rd - Accident.,3,3,"Bayshore Fwy S, Nimitz Fwy S, I-880 N",Light Rain,53.7
2017-02-02 07:00:00,22.92,At Bascom Ave - Accident.,2,1,I-880 S,Light Rain,55.0
2017-02-02 08:00:00,22.92,Accident on Mathilda Ave at San Aleso Ave. | At 98th Ave/Golf Links Rd - Accident.,3,5,"N Mathilda Ave, I-580 W, Cortland Ave",Light Rain,53.8
2017-02-02 09:00:00,24.3,Right hand shoulder blocked due to accident on US-101 Northbound at I-680. | Right hand shoulder blocked due to accident on US-101 Northbound before Exits 385A 385B I-680.,3,6,"I-680 N, US-101 N, I-80 W",Mostly Cloudy,56.5
2017-02-02 10:00:00,59.18,Right hand shoulder blocked due to accident on I-580 Westbound in San Anselmo. | Accident on McDonnell Rd Southbound at Area Dr.,3,8,"Richmond-San Rafael Brg, N McDonnell Rd, Wong Way",Overcast,59.5
2017-02-02 11:00:00,62.24,Accident on I-680 Northbound before Exit 53 CA-4. | Accident on 54th St at Adeline St.,3,17,"I-680 N, Adeline St, Paseo Padre Pkwy",Overcast,61.2
2017-02-02 12:00:00,62.38,Right hand shoulder blocked due to accident on US-101 Southbound at Exit 425A Grand Ave. | #2 lane blocked heavy traffic and right hand shoulder blocked due to accident on I-80 Eastbound at Exit 22 Pinole Valley Rd.,3,10,"Bayshore Fwy S, Pinole Valley Rd, I-880 N",Overcast,62.4
2017-02-02 13:00:00,63.55,Accident on US-101 Southbound before Paul Ave. | Right hand shoulder blocked due to accident on I-280 Northbound after Exits 4 5A Meridian Ave.,3,2,"James Lick Fwy S, Sinclair Fwy N",Mostly Cloudy,62.0
2017-02-02 14:00:00,62.86,Right hand shoulder blocked due to accident on I-280 Northbound before Exit 53 Alemany Blvd. | At Branham Ln/Camden Ave - Accident.,3,3,"John F Foran Fwy, CA-85 S, I-580 E",Light Rain,62.0
2017-02-02 15:00:00,62.77,#1 lane blocked due to accident on US-101 Southbound at Exit 443 Monte Mar Dr. | Between Saratoga Ave and Winchester Blvd - Accident.,2,3,"US-101 S, I-280 S, I-680 N",Light Rain,63.0
2017-02-02 16:00:00,60.45,Right hand shoulder blocked due to accident on I-680 Southbound at Exits 45B 46A 46B CA-24. | At Airway Blvd - Accident.,3,3,"I-680 S, I-580 E, Nimitz Fwy S",Overcast,61.4
2017-02-02 17:00:00,58.88,Between Eden Canyon Rd and Grove Way - Accident. | At El Monte Rd - Accident.,2,9,"I-580 W, Junipero Serra Fwy N, Skyline Blvd N",Mostly Cloudy,59.5
2017-02-02 18:00:00,57.01,#3 lane blocked due to accident on I-680 Northbound at Exit 46 Hillside Ave. | Carpool lane blocked due to accident on I-280 Southbound at Exit 9 County Hwy-G2 Lawrence Expy.,3,15,"I-680 N, I-280 S, Cherry Ln",Overcast,58.9
2017-02-02 19:00:00,59.53,Right hand shoulder blocked due to accident on US-101 Northbound at Exit 414A Hillsdale Blvd. | Slow lane blocked due to accident on US-101 Northbound at Exits 451 451A 451B I-580.,3,9,"US-101 N, I-680 N, I-680 S",Mostly Cloudy,58.7
2017-02-02 20:00:00,60.83,Right hand shoulder blocked due to accident on I-580 Westbound at Exit 39 Eden Canyon Rd. | GP lane blocked due to accident on I-280 Northbound at Exits 43A 43B I-380.,3,3,"I-580 W, Junipero Serra Fwy N, Skyline Blvd N",Mostly Cloudy,58.9
2017-02-02 21:00:00,62.32,Accident on Moraga Ave Westbound at Red Rock Rd. | Lane blocked and queueing traffic due to accident on CA-87 Guadalupe Pkwy Southbound at Exit 8 Skyport Dr.,3,14,"Moraga Ave, Guadalupe Pkwy S, I-880 N",Mostly Cloudy,58.3
2017-02-02 22:00:00,61.85,Right hand shoulder blocked due to accident on I-280 Northbound at Exit 47A Serramonte Blvd. | Accident on I-80 Eastbound at Exits 8A 8B I-880.,3,3,"Junipero Serra Fwy N, I-80 E, E Arques Ave",Overcast,59.4
2017-02-02 23:00:00,61.91,Slow lane blocked due to accident on CA-87 Southbound at Exits 3 3A Curtner Ave. | Queueing traffic due to accident on I-80 Westbound at Exits 8A 8B I-880.,3,3,"Guadalupe Fwy S, I-80 W, S Bascom Ave",Light Rain,59.0
2017-02-03 00:00:00,61.09,Accident on CA-1 Southbound at Exits 508 508A 508B CA-35 Skyline Blvd.,2,1,Coast Hwy,Overcast,60.1
2017-02-03 01:00:00,60.95,Shoulder blocked on entry ramp due to accident on US-101 Southbound at Exits 396A 396B Mathilda Ave.,2,1,N Mathilda Ave,Light Rain,59.0
2017-02-03 02:00:00,60.84,One lane blocked due to accident on I-80 Westbound at Exits 8A 8B I-880. | Slow lane blocked due to accident on I-280 Southbound around Exits 1C 5A 5B CA-17.,3,3,"I-80 W, I-880 S, W Campbell Ave",Light Rain,58.6
2017-02-03 03:00:00,60.69,One lane blocked due to accident on I-880 Southbound at Exit 34 CA-61 Davis St.,3,1,I-880 N,Overcast,59.0
2017-02-03 04:00:00,62.02,Right lane blocked due to accident on CA-92 Eastbound at Exit 14B Chess Dr. | Two lanes blocked due to accident on I-580 Westbound at Exits 30 31A MacArthur Blvd.,3,4,"Foster City Blvd, I-580 W, CA-24 W",Light Rain,57.7
2017-02-03 05:00:00,59.41,#1 lane blocked due to accident on CA-4 Westbound before I-680. | At Grand Ave (Oakland) - Accident.,2,6,"CA-4 W, I-580 W, CA-24 W",Rain,57.4
2017-02-03 06:00:00,36.39,At Berryessa Rd - Accident. | At Eden Canyon Rd - Accident.,2,4,"I-680 S, I-580 E, W Grand Ave",Light Rain,57.9
2017-02-03 07:00:00,22.03,Accident on CA-24 Westbound before Exit 11 Acalanes Rd. On the median. | Accident on I-580 Westbound before Exit 22A MacArthur Blvd. On the median.,3,9,"CA-24 W, I-580 W, I-880 S",Overcast,57.5
2017-02-03 08:00:00,29.66,Accident on Santa Barbara Ave in South San Francisco. | #2 lane blocked and right hand shoulder blocked due to accident on US-101 Northbound before Exit 430A Mansell St.,3,15,"Santa Barbara Ave, James Lick Fwy N, Junipero Serra Fwy N",Mostly Cloudy,58.2
2017-02-03 09:00:00,53.65,#1 lane blocked due to accident on I-580 Westbound at Exit 22A MacArthur Blvd. | Three lanes blocked due to accident on I-680 Southbound at Exit 36 Crow Canyon Rd.,3,20,"I-580 W, I-680 S, Norman Y Mineta Hwy",Mostly Cloudy,58.7
2017-02-03 10:00:00,63.15,Accident on I-280 Southbound before Exit 27 Farm Hill Blvd. On the median. | Right hand shoulder blocked due to accident on I-580 Westbound before Gilman St.,3,6,"I-280 S, Eastshore Fwy W, I-880 S",Mostly Cloudy,60.7
2017-02-03 11:00:00,64.37,Accident on Castlewood Dr at Pleasanton Sunol Rd. | Right hand shoulder blocked due to accident on I-280 Southbound before Exit 25 CA-84 Woodside Rd. On the median.,3,10,"Pleasanton Sunol Rd, I-280 S, Nimitz Fwy S",Mostly Cloudy,60.7
2017-02-03 12:00:00,64.03,#2 lane blocked due to accident on I-880 Southbound at Exit 27 CA-92 Jackson St. | Right hand shoulder blocked due to accident on US-101 Southbound before Exit 414B CA-92.,3,10,"Nimitz Fwy S, Bayshore Fwy S, Scott Blvd",Mostly Cloudy,61.6
2017-02-03 13:00:00,64.16,Right hand shoulder blocked due to accident and stalled vehicle on I-880 Northbound at Exit 15 Auto Mall Pkwy. | Accident on I-580 Westbound before Exits 44B 45 I-680.,3,7,"I-880 N, I-580 W, I-280 S",Overcast,60.3
2017-02-03 14:00:00,63.67,Accident on Bridge Pkwy at Marine Pkwy. | Right hand shoulder blocked due to accident on I-880 Southbound before Coliseum Way.,3,4,"Marine Pkwy, Nimitz Fwy S, I-880 S",Light Rain,59.4
2017-02-03 15:00:00,63.02,Accident on I-680 Southbound at Exits 30A 30B I-580. | Ramp to CA-24/Grove Shafter Fwy - Accident.,3,6,"Amador Valley Blvd, CA-24 W, I-380 E",Overcast,59.7
2017-02-03 16:00:00,63.35,Middle lane blocked due to accident on US-101 Southbound at Exit 454A Hammondale Ct. | Accident on US-101 Northbound at Exits 420 421 Millbrae Ave.,2,3,"US-101 S, US-101 N, CA-85 S",Mostly Cloudy,58.5
2017-02-03 17:00:00,61.06,Right hand shoulder blocked due to accident on US-101 Northbound at Exit 430A Mansell St. | Accident on I-880 Southbound at Exit 37 66th Ave.,3,5,"James Lick Fwy N, I-880 S, Bayshore Fwy S",Overcast,58.6
2017-02-03 18:00:00,60.89,Accident on 5th Ave at Waverly Ave. | Accident on Santa Cruz Ave Westbound at Sand Hill Rd.,3,9,"Waverly Ave, Sand Hill Rd, I-380 E",Overcast,58.1
2017-02-03 19:00:00,62.13,Accident on CA-92 Westbound at Exit 9A Ralston Ave. | Middle lane blocked due to accident on CA-85 Southbound at Exit 14 Saratoga Ave.,3,5,"J Arthur Younger Fwy W, CA-85 S, I-280 S",Mostly Cloudy,56.8
2017-02-03 20:00:00,63.02,Lane blocked on exit ramp due to accident on I-80 Eastbound at Exit 4A Treasure Is. | #1 lane blocked due to accident on CA-17 Southbound at Exit 23 County Hwy-G4 Camden Ave.,3,5,"San Francisco-Oakland Bay Brg E, CA-17 S, San Pablo Dam Rd",Mostly Cloudy,56.6
2017-02-03 21:00:00,62.55,One lane blocked due to accident on I-80 I-580 Westbound at Powell St. | Right hand shoulder blocked due to accident on CA-4 Westbound at Exit 12A Pacheco Blvd.,3,8,"I-80 W, John Muir Pkwy E, Montague Expy",Overcast,57.0
2017-02-03 22:00:00,61.83,#3 lane blocked due to accident on US-101 Northbound at Exits 400B 400C San Antonio Rd. | Accident on CA-1 19th Ave Southbound at Stern Grove Ct.,3,4,"US-101 N, 19th Ave, I-280 S",Light Rain,55.6
2017-02-03 23:00:00,62.02,Normal traffic flow,0,0,,Clear,58.4
2017-02-04 00:00:00,61.75,Normal traffic flow,0,0,,Clear,58.4
2017-02-04 01:00:00,61.05,Right lane blocked due to accident on US-101 Southbound at Exit 443 Monte Mar Dr. | Right lane blocked due to accident on I-280 Northbound at Exit 57 King St.,3,4,"US-101 S, John F Foran Fwy N, I-680 N",Mostly Cloudy,55.4
2017-02-04 02:00:00,60.98,Right hand shoulder blocked due to accident on I-680 Southbound at Exit 14 Auto Mall Pkwy.,3,1,I-680 S,Partly Cloudy,55.0
2017-02-04 03:00:00,61.02,Two lanes blocked due to accident on I-580 Eastbound at Exit 48 El Charro Rd.,3,1,I-580 E,Clear,54.0
2017-02-04 04:00:00,61.46,Three lanes blocked due to accident on I-880 Southbound at Exit 36 Hegenberger Rd. | Right hand shoulder blocked and slow lane blocked due to accident on I-80 Westbound at Exit 4A Treasure Is.,3,4,"Nimitz Fwy S, San Francisco-Oakland Bay Brg E, Alhambra Ave",Overcast,55.8
2017-02-04 05:00:00,62.46,Accident on I-280 Southbound at Exit 10 Wolfe Rd. | #3 lane blocked and right hand shoulder blocked due to accident on I-580 Eastbound before Exit 25A High St.,3,2,"I-280 S, I-580 E",Clear,53.5
2017-02-04 06:00:00,62.03,Accident on I-280 Southbound at Exit 52 Bosworth St.,3,1,I-280 S,Overcast,55.9
2017-02-04 07:00:00,63.12,Normal traffic flow,0,0,,Clear,58.4
2017-02-04 08:00:00,62.37,Accident on I-880 Northbound at Exit 39B 23rd Ave.,3,1,I-880 N,Light Rain,55.9
2017-02-04 09:00:00,61.97,Normal traffic flow,0,0,,Clear,58.4
2017-02-04 10:00:00,61.58,Normal traffic flow,0,0,,Clear,58.4
2017-02-04 11:00:00,61.81,#1 lane blocked due to accident on I-80 Westbound at Exit 4A Treasure Is. | #1 lane blocked due to accident on I-80 Eastbound at Exits 8A 8B I-880.,3,4,"San Francisco-Oakland Bay Brg E, I-80 E, I-580 W",Light Rain,57.9
2017-02-04 12:00:00,61.32,Left lane blocked due to accident and stalled vehicle on I-580 Westbound at Exits 19B 19C 19D 20 I-980. | #2-3 lane blocked due to accident on I-80 I-580 Eastbound at I-580.,3,4,"Telegraph Ave, I-80 E, Nimitz Fwy S",Light Rain,58.5
2017-02-04 13:00:00,61.67,Right hand shoulder blocked due to accident on I-280 Northbound before Exits 1 1B 2 11th St. | Accident on I-680 Northbound at Exit 9 Jacklin Rd.,3,2,"S 11th St, I-680 N",Mostly Cloudy,62.1
2017-02-04 14:00:00,61.61,HOV lane blocked due to accident on I-80 Westbound at Exit 14A Central Ave.,3,1,I-80 W,Mostly Cloudy,57.9
2017-02-04 15:00:00,61.37,One lane blocked due to accident on I-280 Northbound at Exit 47A Serramonte Blvd. | Right hand shoulder blocked due to accident on I-80 Eastbound at Exit 18 San Pablo Dam Rd.,3,4,"I-280 S, I-80 E, I-680 S",Mostly Cloudy,59.0
2017-02-04 16:00:00,61.84,Right hand shoulder blocked due to accident on I-680 Southbound at Exit 14 Auto Mall Pkwy. | Right hand shoulder blocked due to accident on I-580 Westbound at Exits 44B 45 I-680.,3,3,"Auto Mall Pkwy, I-580 E, US-101 N",Mostly Cloudy,60.9
2017-02-04 17:00:00,60.75,Right hand shoulder blocked due to accident on CA-35 Skyline Blvd Southbound at Exits 54A 54B CA-1. | Accident on CA-4 Eastbound at Exits 12B 12C I-680.,2,3,"Skyline Blvd S, CA-4 E, Cabrillo Hwy",Mostly Cloudy,58.0
2017-02-04 18:00:00,58.78,Right hand shoulder blocked due to accident on CA-4 Westbound at Exit 10 Pine St. | Accident on Doolan Rd at Canyons Pkwy.,2,3,"CA-4 W, Doolan Rd, Warren Fwy N",Mostly Cloudy,55.6
2017-02-04 19:00:00,61.99,One lane blocked due to accident on US-101 Northbound at Exit 403 Bayshore Rd. | Accident on I-80 Eastbound at Exit 18 San Pablo Dam Rd.,3,2,"US-101 N, I-80 E",Scattered Clouds,57.1
2017-02-04 20:00:00,62.98,Left hand shoulder blocked due to accident on CA-84 Westbound at Exit 37 Ardenwood Blvd. | Right hand shoulder blocked due to accident on I-280 Northbound at Exits 1 1B 2 11th St.,3,3,"CA-84 W, Sinclair Fwy N, Grove Way",Scattered Clouds,55.6
2017-02-04 21:00:00,63.09,One lane blocked due to accident on I-880 Northbound at Exit 17 Mowry Ave. | Right hand shoulder blocked due to accident on I-580 Westbound at Exit 48 El Charro Rd.,3,3,"I-880 N, Fallon Rd, Viewmont Ave",Clear,51.8
2017-02-04 22:00:00,62.76,Right hand shoulder blocked due to accident on Skyline Blvd Eastbound at I-280. | Left hand shoulder blocked due to accident on I-680 Southbound at Exits 5 5B Capitol Ave.,3,3,"State Route 35, I-680 S, Airway Blvd",Clear,49.9
2017-02-04 23:00:00,62.01,Queueing traffic and right hand shoulder blocked due to accident on I-580 Westbound at Exit 23 Fruitvale Ave. | Accident on Buti Park Ct Northbound at Buti Park Dr.,3,2,"Fruitvale Ave, Buti Park Dr",Clear,51.6
2017-02-05 00:00:00,61.92,Normal traffic flow,0,0,,Clear,58.4
2017-02-05 01:00:00,61.3,Right hand shoulder blocked due to accident on US-101 Southbound before Exits 420 421 Millbrae Ave. | Lane blocked due to accident on CA-87 Guadalupe Pkwy Northbound at Exits 4 5 6 I-280.,3,4,"Millbrae Ave, Sinclair Fwy N,  S Bascom Ave",Clear,50.8
2017-02-05 02:00:00,61.08,Normal traffic flow,0,0,,Clear,58.4
2017-02-05 03:00:00,60.98,Normal traffic flow,0,0,,Clear,58.4
2017-02-05 04:00:00,61.28,Accident on I-280 Northbound at Exits 1C 5A 5B CA-17. | At Auto Mall Pky - Accident.,3,2,"I-880 S, Auto Mall Pkwy",Clear,49.1
2017-02-05 05:00:00,61.63,Entry ramp closed due to accident on I-880 Northbound at Exit 13 Cushing Pkwy.,3,1,Fremont Blvd,Mostly Cloudy,48.2
2017-02-05 06:00:00,61.97,Normal traffic flow,0,0,,Clear,58.4
2017-02-05 07:00:00,62.69,Right hand shoulder blocked due to accident on I-280 Northbound at Exits 1 1B 2 11th St.,3,1,Sinclair Fwy N,Overcast,50.0
2017-02-05 08:00:00,63.47,Accident on US-101 Northbound at Exit 422 Airport Access Rd. | Middle lane blocked due to accident on CA-92 Westbound at San Mateo-Hayward Bridge Toll Plaza.,3,3,"US-101 N, J Arthur Younger Fwy W, S 3rd St",Mostly Cloudy,50.7
2017-02-05 09:00:00,63.12,Normal traffic flow,0,0,,Clear,58.4
2017-02-05 10:00:00,64.48,Normal traffic flow,0,0,,Clear,58.4
2017-02-05 11:00:00,63.02,Normal traffic flow,0,0,,Clear,58.4
2017-02-05 12:00:00,61.53,Accident on County Hwy-G4 San Tomas Expy at Budd Ave.,2,1,San Tomas Expy,Mostly Cloudy,57.9
2017-02-05 13:00:00,61.81,Normal traffic flow,0,0,,Clear,58.4
2017-02-05 14:00:00,63.35,Normal traffic flow,0,0,,Clear,58.4
2017-02-05 15:00:00,63.8,Accident on I-80 Eastbound at Exit 16A MacDonald Ave.,3,1,MacDonald Ave,Overcast,62.1
2017-02-05 16:00:00,63.68,One lane blocked due to accident on I-80 I-580 Westbound at Exit 9 I-580. | Accident on Cervato Cir at Lunada Ln.,3,2,"I-80 W, Lunada Ln",Overcast,59.0
2017-02-05 17:00:00,61.38,Ramp to Exit 4C - Accident.,3,1,Bayshore Fwy S,Light Rain,57.0
2017-02-05 18:00:00,58.59,At Capitol Expy - Accident.,2,1,I-680 N,Overcast,57.2
2017-02-05 19:00:00,58.42,Right hand shoulder blocked due to accident on I-280 Southbound at Exits 43A 43B I-380. | One lane blocked due to accident on I-880 Northbound at Exit 41A 6th St.,3,4,"Sneath Ln, I-880 N, US-101 N",Mostly Cloudy,55.6
2017-02-05 20:00:00,53.55,Accident on Marsh Creek Rd at Russelmann Park Rd.,2,1,Russelmann Park Rd,Light Rain,57.0
2017-02-05 21:00:00,60.36,Accident on I-880 Northbound at Exit 44 Frontage Rd. | Accident on I-280 Southbound at Exit 9 Stevens Creek Blvd.,3,4,"I-880 N, I-280 S, Sinclair Fwy N",Light Rain,55.0
2017-02-05 22:00:00,61.14,Accident on Tennyson Rd Northbound at I-880. Emergency vehicles at scene. | Accident on I-280 Northbound at Exits 47 47B CA-1.,3,3,"W Tennyson Rd, I-280 S, I-80 W",Light Rain,56.6
2017-02-05 23:00:00,60.5,Accident on Santa Rita Ave Southbound at Mesa Ave. | At McKee Rd - Accident.,3,2,"Santa Rita Ave, I-680 N",Light Rain,55.8
2017-02-06 00:00:00,60.71,Accident on CA-24 Westbound at Exits 2 2B I-980. | Accident on I-280 Northbound at Exits 1C 5A 5B CA-17.,3,3,"I-580 E, I-880 S, US-101 N",Light Rain,55.7
2017-02-06 01:00:00,60.71,Lane blocked due to accident on US-101 Northbound at Exit 394 County Hwy-G2 Lawrence Expy. | Accident on CA-17 Northbound at I-880.,3,4,"Lawrence Expy, I-880 S, Dixon Landing Rd",Light Rain,53.6
2017-02-06 02:00:00,60.81,Accident on CA-238 Foothill Blvd both ways at Grove Way. | Middle lane blocked due to accident on I-80 Westbound at Exits 16 16B Barrett Ave.,3,6,"Grove Way, I-80 W, I-280 S",Overcast,56.4
2017-02-06 03:00:00,62.78,Lane blocked on entry ramp due to accident on I-80 Westbound at Exit 13 I-580.,3,1,Eastshore Fwy W,Overcast,57.9
2017-02-06 04:00:00,61.73,Lane blocked due to accident on I-580 Westbound at Exit 13 I-80.,3,1,Eastshore Fwy W,Overcast,57.9
2017-02-06 05:00:00,59.82,Accident on I-80 Eastbound after Potrero Ave.,3,1,Potrero Ave,Overcast,57.9
2017-02-06 06:00:00,42.61,At Washington St - Accident. Right lane blocked. | At US-101/Bayshore Fwy/Exit 9B - Accident. Left lane blocked.,2,3,"I-280 S, Guadalupe Pkwy N, I-580 W",Light Rain,57.3
2017-02-06 07:00:00,25.48,At CA-92/Jackson St - Accident. Left lane blocked. | At Saratoga Ave - Accident. Right lane blocked.,2,2,"Nimitz Fwy S, Norman Y Mineta Hwy",Light Rain,57.4
2017-02-06 08:00:00,28.94,Right hand shoulder blocked due to accident on CA-24 Westbound before Exit 6 Caldecott Ln. | Accident on CA-84 Vallecitos Rd Eastbound before Kalthoff Cmn.,3,5,"CA-24 W, Vallecitos Rd, I-880 N",Light Rain,56.8
2017-02-06 09:00:00,42.18,Lane blocked on exit ramp due to accident on US-101 Northbound at Exit 409 Whipple Ave. | Accident on CA-237 Eastbound before Exit 3A US-101.,2,6,"Bayshore Fwy N, Southbay Fwy, Norman Y Mineta Hwy",Light Rain,57.6
2017-02-06 10:00:00,61.63,Accident on I-880 Southbound before Exit 27 CA-92 Jackson St. On the median. | Accident on Erica Rd at CA-1 Shoreline Hwy.,3,6,"Nimitz Fwy S, Shoreline Hwy, Santa Cruz Hwy",Light Rain,57.4
2017-02-06 11:00:00,63.12,Right hand shoulder blocked due to accident on I-880 Southbound before Lewelling Blvd. | Accident on Oak Rd at Wayne Ct.,3,7,"Lewelling Blvd, Oak Rd, I-680 N",Light Rain,58.7
2017-02-06 12:00:00,62.14,#1 lane blocked due to accident on I-280 Northbound at Exit 24 Sand Hill Rd. | Accident on CA-84 Peralta Blvd Westbound at Paseo Padre Pkwy.,3,9,"Sand Hill Rd, Peralta Blvd, Bayshore Fwy S",Overcast,58.8
2017-02-06 13:00:00,63.54,Accident on I-680 Northbound after Alcosta Blvd. | Right lane blocked due to accident on I-680 Northbound before Exit 38 Sycamore Valley Rd.,3,3,"I-680 S, Sycamore Valley Rd, Junipero Serra Fwy N",Haze,58.0
2017-02-06 14:00:00,62.41,Accident on I-880 Southbound before Exit 35 98th Ave. | Accident on I-880 Southbound at Exit 19 Thornton Ave.,3,3,"Nimitz Fwy S, John F Foran Fwy",Overcast,59.6
2017-02-06 15:00:00,62.32,#1&amp;#2 lane blocked due to accident on I-580 Westbound at Exit 21B Grand Ave. | At 23rd Ave - Accident.,3,2,"Grand Ave, Nimitz Fwy S",Overcast,59.0
2017-02-06 16:00:00,61.72,Left lane blocked due to accident on I-580 Westbound at Exits 31 31B Grand Ave. | Accident on I-880 Northbound at Exits 1A 1B 1C Stevens Creek Blvd.,3,5,"I-580 W, I-880 S, CA-17 S",Light Rain,59.2
2017-02-06 17:00:00,61.64,Right hand shoulder blocked due to accident on CA-85 Northbound at Exit 14 Saratoga Ave. | Accident on I-680 Southbound at Exit 51 Sunvalley Blvd.,3,4,"Norman Y Mineta Hwy, I-680 S, I-580 W",Light Rain,58.4
2017-02-06 18:00:00,61.03,#1 lane blocked due to accident on I-580 Westbound at Exit 24 35th Ave. | 2 Middle lane blocked due to accident on I-880 Northbound at Exit 36 Hegenberger Rd.,3,8,"I-580 W, I-880 N, I-680 S",Light Rain,56.6
2017-02-06 19:00:00,62.6,Right hand shoulder blocked due to accident on I-580 Eastbound at Exit 12 I-80 I-580. | #2 lane blocked due to accident on I-880 Northbound at Exit 26 Tennyson Rd.,3,3,"I-580 W, I-880 N, US-101 N",Light Rain,57.1
2017-02-06 20:00:00,62.17,Left lane blocked due to accident on County Hwy-G4 San Tomas Expy Northbound at Hamilton Ave. | Right hand shoulder blocked due to accident on CA-92 Eastbound at Exits 13A 13B US-101.,3,9,"San Tomas Expy, CA-92 E, I-880 N",Light Rain,56.1
2017-02-06 21:00:00,61.46,Accident on US-101 Southbound at Exits 384 385 Story Rd. | Accident on US-101 Northbound at US-101/ Waldo Glade.,3,10,"Bayshore Fwy S, US-101 N, James Lick Fwy S",Rain,55.8
2017-02-06 22:00:00,61.28,Right hand shoulder blocked due to accident on CA-4 Eastbound at Exit 9 Alhambra Ave. | Accident on I-580 Westbound at Exits 26 26A 26B Mountain Blvd.,3,5,"John Muir Pkwy E, I-580 W, Keller Ave",Rain,57.0
2017-02-06 23:00:00,61.15,Normal traffic flow,0,0,,Clear,58.4
2017-02-07 00:00:00,61.02,Accident on Lake Chabot Rd at Brookdale Blvd. | Accident on Via Nube both ways around Via Dolorosa.,2,2,"Lake Chabot Rd, Via Nube",Light Rain,57.0
2017-02-07 01:00:00,60.61,Right hand shoulder blocked due to accident on US-101 Northbound at Exit 452 2nd St. | One lane blocked due to accident on I-80 Eastbound at Exit 13 I-580.,3,7,"2nd St, I-80 E, Grand Ave",Light Rain,58.1
2017-02-07 02:00:00,60.68,Lane blocked due to accident on I-580 Westbound at Exit 22A MacArthur Blvd. | Right hand shoulder blocked due to accident on I-880 Northbound at Exit 42B Market St.,3,3,"I-580 W, Market St, Grove Way",Light Rain,58.3
2017-02-07 03:00:00,60.64,Right hand shoulder blocked due to accident on US-101 Northbound at Exit 416 3rd Ave. | Accident on I-880 Northbound at Exit 41A 6th St.,3,4,"E 3rd Ave, Nimitz Fwy S, Coast Hwy",Light Rain,61.8
2017-02-07 04:00:00,61.82,One lane blocked due to accident on I-880 Northbound at Exit 39B 23rd Ave. | Right hand shoulder blocked due to accident and vehicles spun around on I-680 Southbound at Exit 34 Bollinger Canyon Rd.,3,4,"23rd Ave, I-680 S, John F Foran Fwy",Light Rain,60.8
2017-02-07 05:00:00,55.69,Slow lane blocked due to accident on US-101 Northbound at I-280. | Right hand shoulder blocked due to accident on I-580 Eastbound after University Ave.,4,9,"James Lick Fwy S, I-580 W, Nimitz Fwy S",Heavy Rain,61.5
2017-02-07 06:00:00,29.7,Accident on US-101 Northbound before Lucky Dr. | At Carlson Blvd - Accident.,3,10,"Redwood Hwy, I-80 W, Warren Fwy N",Light Rain,61.8
2017-02-07 07:00:00,25.12,#1 lane blocked due to accident on I-680 Southbound at Sycamore Valley Rd. | At Auto Mall Pky - Accident. Right lane blocked.,3,3,"I-680 S, Auto Mall Pkwy, I-580 E",Light Rain,61.6
2017-02-07 08:00:00,21.48,Accident on I-280 Northbound before Exits 49 49B CA-1. | #1 lane blocked due to accident on I-880 Northbound after Exit 41B I-980.,4,9,"John Daly Blvd, Broadway, John F Foran Fwy",Light Rain,60.3
2017-02-07 09:00:00,20.82,Right lane blocked due to accident on I-580 Eastbound after Exits 2 2B Main St. | Accident on I-680 Northbound after Exit 48 Main St.,3,4,"Main St, I-680 S, I-680 N",Light Rain,62.1
2017-02-07 10:00:00,43.05,At Redwood Hwy/Seminary Dr - Accident. Left lane blocked.,2,1,US-101 S,Mostly Cloudy,60.8
2017-02-07 11:00:00,62.35,Accident on Marsh Creek Rd Eastbound at Aspara Dr. | Accident on US-101 Northbound at Exit 383 Tully Rd.,2,9,"Marsh Creek Rd, US-101 N, CA-24 W",Overcast,62.8
2017-02-07 12:00:00,62.41,Slow lane blocked and slow traffic due to accident on I-580 Eastbound at Exit 45 Hopyard Rd. | #1 lane blocked and heavy traffic due to recovery work and accident on I-280 Northbound at Exit 27 Farm Hill Blvd.,3,6,"Hopyard Rd, Farm Hill Blvd, Cesar Chavez",Overcast,61.6
2017-02-07 13:00:00,63.52,At Lochinvar Ave - Accident. | At US-101 (San Francisco) - Accident.,2,2," Lawrence Expy, John F Foran Fwy N",Overcast,63.0
2017-02-07 14:00:00,63.62,Accident on Stevens Creek Blvd at Di Salvo Ave. | At Winton Ave - Accident.,2,2,"Stevens Creek Blvd, I-880 N",Overcast,62.0
2017-02-07 15:00:00,62.12,Accident on I-280 Northbound near Exit 20 County Hwy-G3 Page Mill Rd. | GP lane blocked due to accident on CA-24 Westbound at Exits 2 2B I-980.,4,7,"I-280 S, I-580 E, Richmond-San Rafael Brg",Overcast,61.0
2017-02-07 16:00:00,61.45,Accident on County Hwy-G2 Lawrence Expy Northbound at Lochinvar Ave. | #1 lane blocked due to accident on I-280 Southbound at Exits 54 54A 54B US-101.,3,3,"Lochinvar Ave, I-280 S, Southbay Fwy",Overcast,62.3
2017-02-07 17:00:00,61.96,#2 lane blocked due to accident on I-880 Northbound at Exit 28 Winton Ave. | One lane blocked and queueing traffic due to accident on US-101 Northbound at Exit 445A Donahue St.,3,5,"I-880 N, US-101 N, I-80 E",Overcast,58.2
2017-02-07 18:00:00,61.78,Accident on CA-24 Eastbound at Exit 6 Caldecott Ln. | #4 lane blocked due to accident on I-680 Northbound at Exits 49 49A 49B 50 CA-242.,3,5,"Grove Shafter Fwy E, CA-242 N, Sinclair Fwy N",Overcast,58.8
2017-02-07 19:00:00,63.58,Accident on Mt Diablo Blvd Eastbound at Golden Gate Way. | #4&amp;#5 lane blocked due to accident on I-680 Southbound at Exits 49 49A 49B 50 CA-242.,3,3,"Mt Diablo Blvd, I-680 S, Southbay Fwy",Clear,59.0
2017-02-07 20:00:00,62.81,#2 lane blocked due to accident on US-101 Northbound at Exit 452 2nd St. | #2 lane blocked due to accident on US-101 Northbound at Exit 393 Great America Pkwy.,2,2,"US-101 N, Great America Pkwy",Mostly Cloudy,58.6
2017-02-07 21:00:00,62.55,#1 lane blocked due to accident on I-280 Northbound at Exits 1 1B 2 11th St. | One lane blocked due to accident on CA-185 Mission Blvd at Cherry Way.,3,6,"Sinclair Fwy N, Mission Blvd, I-680 S",Mostly Cloudy,59.0
2017-02-07 22:00:00,62.23,Lane blocked on exit ramp due to accident on CA-87 Southbound at Exits 3 3A Curtner Ave.,2,1,Guadalupe Fwy S,Mostly Cloudy,59.0
2017-02-07 23:00:00,61.58,Normal traffic flow,0,0,,Clear,58.4
2017-02-08 00:00:00,61.21,Accident on I-880 Northbound at Exit 39B 23rd Ave.,3,1,I-880 N,Light Rain,59.0
2017-02-08 01:00:00,60.67,Normal traffic flow,0,0,,Clear,58.4
2017-02-08 02:00:00,60.77,Right hand shoulder blocked due to accident on CA-242 Northbound at Exit 3A Olivera Rd.,2,1,CA-242 N,Light Rain,57.9
2017-02-08 03:00:00,61.0,Lane blocked due to accident on I-880 Southbound at Exit 24 Whipple Rd.,3,1,I-880 N,Overcast,61.0
2017-02-08 04:00:00,62.12,Lane blocked due to accident on I-580 Eastbound at Exit 37 Grove Way. | Lane blocked due to accident on I-680 Northbound at Exits 21 21A 21B CA-84.,3,2,"Grove Way, CA-84",Overcast,58.4
2017-02-08 05:00:00,57.42,At Branham Ln/Camden Ave - Accident. | Ramp to CA-13/Ashby Ave/Bay St - Accident.,2,2,"CA-85 S, Eastshore Fwy W",Light Rain,61.4
2017-02-08 06:00:00,33.38,Right hand shoulder blocked due to accident on I-80 Eastbound before Treasure Island. | Between Alemany Blvd and US-101 (San Francisco) - Accident.,3,4,"San Francisco-Oakland Bay Brg E, John F Foran Fwy, I-80 W",Light Rain,60.6
2017-02-08 07:00:00,22.94,Accident on I-880 Southbound at Exit 17 Mowry Ave. | At Monument Blvd - Accident.,3,4,"Mowry Ave, I-680 S, I-580 E",Overcast,61.4
2017-02-08 08:00:00,24.77,Slow lane blocked due to accident on I-80 I-580 Westbound before Exit 11 I-580. | Accident on I-880 Southbound at Exit 44 Frontage Rd.,3,10,"I-580 W, I-880 S, Nimitz Fwy S",Light Rain,62.0
2017-02-08 09:00:00,24.05,#1 lane blocked due to accident on I-280 Northbound before Exit 53 Alemany Blvd. | Right hand shoulder blocked due to accident on US-101 Northbound before Exit 383 Tully Rd.,3,4,"John F Foran Fwy, Bayshore Fwy S, US-101 N",Light Rain,62.9
2017-02-08 10:00:00,58.78,Accident on I-580 Eastbound before Exit 39 Eden Canyon Rd. | Accident on McKee Rd at Cragmont Ave.,3,7,"I-580 E, N Cragmont Ave, Junipero Serra Fwy N",Light Rain,62.8
2017-02-08 11:00:00,63.92,Accident on I-680 Northbound before Exit 53 CA-4. | Accident on CA-1 Cabrillo Hwy Southbound at Coronado St.,3,8,"I-680 S, Cabrillo Hwy N, I-280 S",Light Rain,62.4
2017-02-08 12:00:00,62.53,#2 lane blocked due to accident on I-880 Northbound at Exit 13 Cushing Pkwy. | Accident on I-880 Northbound before Exit 4A 1st St.,3,9,"I-880 N, Half Moon Bay Rd, John F Foran Fwy N",Light Rain,63.8
2017-02-08 13:00:00,63.64,Accident on CA-242 Southbound after Exit 1C Concord Ave.,2,1,CA-242 S,Light Rain,64.9
2017-02-08 14:00:00,63.17,Accident on US-101 Northbound before University Ave. | Accident on CA-84 Vallecitos Rd Southbound at Old Vallecitos Rd.,2,4,"US-101 N, Vallecitos Rd, Nimitz Fwy S",Overcast,65.2
2017-02-08 15:00:00,61.98,#1 lane blocked due to accident on I-280 Northbound at Exit 55 Indiana St. | Accident on CA-35 Half Moon Bay Rd Westbound at CA-92 San Mateo Rd.,3,6,"John F Foran Fwy N, Half Moon Bay Rd, CA-85 S",Overcast,63.2
2017-02-08 16:00:00,62.82,At CR-G8/Almaden Expy/Exit 3B - Accident. | At Livorna Rd - Accident.,2,3,"Guadalupe Fwy S, I-680 N, I-280 S",Overcast,63.7
2017-02-08 17:00:00,62.35,Lane blocked on entry ramp due to accident on US-101 Northbound at Exits 400B 400C San Antonio Rd. | Accident on I-880 Southbound at Exit 28 Winton Ave.,3,4,"US-101 N, Nimitz Fwy S, Bayshore Fwy S",Overcast,64.2
2017-02-08 18:00:00,62.04,Accident on CA-85 Southbound at Exit 16 De Anza Blvd. | #1 lane blocked due to accident on CA-4 Westbound at Exit 11 Morello Ave.,2,7,"CA-85 S, CA-4 W, Guadalupe Pkwy S",Overcast,64.1
2017-02-08 19:00:00,63.52,Left lane blocked due to accident on I-280 Southbound at Exits 43A 43B I-380. | Accident on CA-185 Mission Blvd at Mattox Rd.,3,3,"Junipero Serra Fwy N, Mattox Rd, I-680 N",Overcast,63.7
2017-02-08 20:00:00,63.68,Multi-vehicle accident on I-880 Southbound at Exit 19 Thornton Ave. | #1 lane blocked due to accident on I-280 Northbound at Exits 1C 5A 5B CA-17.,3,2,"Nimitz Fwy S, Sinclair Fwy N",Mostly Cloudy,63.3
2017-02-08 21:00:00,62.84,#1 lane blocked due to accident on CA-87 Guadalupe Pkwy Southbound at CA-87 Guadalupe Pkwy. | #3 lane blocked due to accident on CA-17 Southbound before Exit 22 CA-85.,3,7,"Guadalupe Pkwy S, CA-17 S, CA-85 S",Mostly Cloudy,63.4
2017-02-08 22:00:00,62.48,Accident on I-880 Southbound at Exit 44 Frontage Rd.,3,1,I-880 S,Overcast,62.1
2017-02-08 23:00:00,61.77,1st lane blocked and right hand shoulder blocked due to multi-vehicle accident on US-101 Northbound at Exit 402 Embarcadero Rd. On the median. | At I-238/Washington Ave - Accident.,3,2,"US-101 N, I-880 N",Mostly Cloudy,63.3
2017-02-09 00:00:00,61.17,Normal traffic flow,0,0,,Clear,58.4
2017-02-09 01:00:00,60.98,One lane blocked due to accident on I-880 Northbound at Exit 31B Washington Ave.,3,1,I-880 N,Mostly Cloudy,63.0
2017-02-09 02:00:00,61.0,Lane blocked on exit ramp due to accident on US-101 Presidio Pkwy Northbound around Exits 237 473 Marina Blvd. | Right hand shoulder blocked due to accident on I-680 Southbound at Exits 18 18A Vargas Rd.,3,3,"Presidio Pkwy, I-680 S, Fallon Rd",Clear,61.7
2017-02-09 03:00:00,61.2,Normal traffic flow,0,0,,Clear,58.4
2017-02-09 04:00:00,62.89,Right hand shoulder blocked due to accident on US-101 Southbound at Exit 383 Tully Rd.,2,1,Bayshore Fwy S,Overcast,62.6
2017-02-09 05:00:00,63.08,At CA-84 - Accident. Right lane blocked.,2,1,I-680 S,Overcast,60.1
2017-02-09 06:00:00,42.88,At 12th Street/17th St - Accident. Left lane blocked. | Ramp to I-580 - Accident. Right lane blocked.,2,4,"I-980 W, I-580 W, Bayshore Fwy S",Overcast,61.4
2017-02-09 07:00:00,20.87,Accident on Lawrence Expy Westbound at CA-237. | At Sausalito Lateral Rd - Accident. Left lane blocked.,2,2,"Lawrence Expy, Robin Williams Tunnel",Light Rain,61.6
2017-02-09 08:00:00,29.55,Accident on I-680 Southbound before CA-84. | At Capitol Expy Auto Mall/Exit 1 - Accident. Left lane blocked.,3,3,"CA-84, Guadalupe Fwy N,  Junipero Serra Blvd",Overcast,63.2
2017-02-09 09:00:00,59.28,Accident on I-980 Westbound before 12th St. | Accident on I-80 Westbound before Exit 21 Appian Way.,3,5,"I-980 W, I-80 E, E Calaveras Blvd",Light Rain,62.4
2017-02-09 10:00:00,62.09,#2 lane blocked due to accident on US-101 Southbound at University Ave. | Accident on CA-1 Cabrillo Hwy Northbound after Bean Hollow Rd.,2,7,"Bayshore Fwy S, Cabrillo Hwy, I-280 S",Light Rain,61.0
2017-02-09 11:00:00,60.73,Accident on Crow Canyon Rd at Crow Creek Rd. | Accident on I-880 Northbound after Exit 31B Washington Ave.,3,10,"Crow Canyon Rd, I-880 N, Southbay Fwy",Rain,61.2
2017-02-09 12:00:00,59.28,Accident on Coehlo Dr both ways near Mooney Ave. | Multi-vehicle accident on CA-1 Southbound at I-280.,3,10,"Bayfair Dr, John Daly Blvd, I-280 S",Rain,61.0
2017-02-09 13:00:00,56.6,#1 lane blocked due to accident on I-80 Westbound at Exits 1 1C Bryant St. | Accident on I-880 Northbound before Exit 24 Whipple Rd.,3,8,"I-80 W, I-880 N, I-580 W",Light Rain,60.5
2017-02-09 14:00:00,56.91,Accident on I-280 Northbound before Exit 53 Alemany Blvd. | Right hand shoulder blocked due to accident on I-280 Northbound after Exits 43A 43B I-380.,3,7,"John F Foran Fwy, Junipero Serra Fwy N, CA-242 S",Light Rain,60.1
2017-02-09 15:00:00,56.61,#1&amp;#2 lane blocked due to accident on US-101 Southbound at Exits 419A 419B Rollins Rd. | #1 lane blocked due to accident on CA-92 Southbound at Exits 8 8A 8B I-280.,3,11,"Bayshore Fwy S, I-280 S, I-580 W",Light Rain,59.9
2017-02-09 16:00:00,55.22,Connecting roadway blocked due to accident on I-280 Northbound at Exits 43A 43B I-380. | #1 lane blocked due to accident on I-280 Northbound at Vista Point.,3,12,"Junipero Serra Fwy N, I-680 N, Throckmorton Ave",Rain,60.1
2017-02-09 17:00:00,55.65,#2 lane blocked due to accident on US-101 Southbound at Exits 433 433B 433C San Francisco-Oakland Bay Bridge. | #2 lane blocked due to accident on I-80 Eastbound at Exit 4A Treasure Is.,3,4,"Brannan St, San Francisco-Oakland Bay Brg E, Norman Y Mineta Hwy",Light Rain,60.8
2017-02-09 18:00:00,52.3,At Willow Pass Rd - Accident. | At Paseo Padre Pky/Thornton Ave - Accident.,2,4,"I-680 N, Bayfront Expy E, Eastshore Fwy W",Light Rain,60.0
2017-02-09 19:00:00,57.25,Multi-vehicle accident on CA-13 Warren Fwy Southbound at Exits 1A 1B I-580. | Accident on CA-87 Northbound at Exits 1 1D Capitol Expy.,2,8,"Warren Fwy S, Guadalupe Fwy N, I-680 S",Overcast,59.2
2017-02-09 20:00:00,61.07,#2&amp;#3 lane blocked due to accident on I-580 Eastbound at Exit 27A Edwards Ave.,3,1,I-580 E,Light Rain,57.9
2017-02-09 21:00:00,60.32,Right hand shoulder blocked due to accident on I-80 I-580 Westbound after Exit 9 I-580. | Accident on I-680 Northbound at Exits 42A 42B Stone Valley Rd.,3,6,"Eastshore Fwy W, I-680 N, CA-24 W",Overcast,58.8
2017-02-09 22:00:00,60.58,Accident on CA-85 Southbound at Exit 23 Central Expy. | #1 lane blocked due to accident on I-680 Southbound at Exit 36 Crow Canyon Rd.,3,5,"CA-85 S, I-680 S, Sinclair Fwy N",Overcast,56.7
2017-02-09 23:00:00,61.18,Right hand shoulder blocked due to accident now on the shoulder on US-101 Northbound at Exits 447 447B CA-131 Blithedale Ave. | Accident on I-80 I-580 Eastbound at Exit 9 / Powell St.,3,5,"Tiburon Blvd, I-80 W, US-101 N",Overcast,57.5
2017-02-10 00:00:00,61.19,Normal traffic flow,0,0,,Clear,58.4
2017-02-10 01:00:00,61.08,Lane blocked due to accident and vehicles spun around on I-580 Westbound at Exits 34 35 I-238. | Accident and vehicles spun around on US-101 Southbound at Exits 429B 429C 3rd St.,3,3,"I-238 N, James Lick Fwy S, Norman Y Mineta Hwy",Overcast,57.3
2017-02-10 02:00:00,60.61,Lane blocked due to accident on US-101 Southbound at Exits 390 391 CA-87 Guadalupe Pkwy. | Lane blocked due to accident on US-101 Southbound at Exit 432 Potrero Ave.,3,3,"Bayshore Fwy S, Bay Shore Blvd, Alvarado Niles Rd",Overcast,57.0
2017-02-10 03:00:00,60.81,Normal traffic flow,0,0,,Clear,58.4
2017-02-10 04:00:00,60.8,One lane blocked due to accident and vehicles spun around on I-880 Northbound at Exit 39A Elmwood Ave. | Lane blocked on exit ramp due to accident on US-101 Northbound at Exits 381 382 Yerba Buena Rd.,3,2,"I-880 N, Yerba Buena Rd",Light Rain,57.1
2017-02-10 05:00:00,57.78,At Marina Blvd - Accident. | At Treat Blvd - Accident.,2,2,"Nimitz Fwy S, I-680 S",Light Rain,57.0
2017-02-10 06:00:00,36.22,#1 lane blocked due to accident on I-80 Eastbound at Treasure Island. | Accident on Bunker Hill Dr both ways at Yorktown Rd.,3,3,"San Francisco-Oakland Bay Brg E, Bunker Hill Dr, I-680 S",Overcast,56.5
2017-02-10 07:00:00,22.85,Normal traffic flow,0,0,,Clear,58.4
2017-02-10 08:00:00,26.92,Delays due to accident on I-80 I-580 Eastbound at Exit 10 I-580. | Delays due to accident on I-680 Southbound before Treat Blvd.,3,2,"I-580 W, N Main St",Mostly Cloudy,56.4
2017-02-10 09:00:00,55.88,Accident on I-880 Northbound after Exit 27 CA-92 Jackson St. | Accident on I-880 Southbound before Exit 21 Decoto Rd.,3,4,"I-880 N, Nimitz Fwy S, Jacklin Rd",Mostly Cloudy,58.0
2017-02-10 10:00:00,61.37,Accident on 5th Ave at Middlefield Rd.,2,1,Middlefield Rd,Mostly Cloudy,59.0
2017-02-10 11:00:00,62.58,Accident on CA-87 Southbound before County Hwy-G8 Almaden Expy. | #1 lane blocked due to accident on I-80 Westbound before Exits 16 16B Barrett Ave.,3,3,"Guadalupe Fwy S, I-80 W",Mostly Cloudy,60.7
2017-02-10 12:00:00,62.16,Accident on CA-92 Westbound before Exits 13A 13B US-101. | Accident on I-880 Northbound before Exit 3 Airport Blvd.,3,3,"J Arthur Younger Fwy W, Guadalupe Pkwy N, I-680 N",Mostly Cloudy,59.4
2017-02-10 13:00:00,61.86,Lane blocked on exit ramp due to accident on US-101 Southbound at Exit 402 Embarcadero Rd.,2,1,Embarcadero Rd,Light Rain,57.2
2017-02-10 14:00:00,62.14,Accident on I-880 Northbound near Exits 33A 33B Marina Blvd. | #3 lane blocked due to accident on I-580 Eastbound after Exit 50 CA-84 Airway Blvd.,3,6,"Nimitz Fwy S, I-580 E, I-280 S",Mostly Cloudy,61.2
2017-02-10 15:00:00,60.8,Ramp to I-280/US-101 - Accident. | At Paul Ave - Accident.,3,6,"I-280 S, James Lick Fwy N, James Lick Fwy S",Mostly Cloudy,61.3
2017-02-10 16:00:00,61.73,Accident on I-880 Northbound at Exit 26 Tennyson Rd. | At Golden Gate Brg (San Francisco) - Accident.,3,4,"I-880 N, Golden Gate Bridge, I-680 N",Clear,58.7
2017-02-10 17:00:00,61.52,#1 lane blocked due to accident on I-80 Eastbound at Exit 15 Potrero Ave. | Right hand shoulder blocked due to accident on Sir Francis Drake Blvd at La Cuesta Dr.,3,5,"I-80 W, La Cuesta Dr, I-880 N",Mostly Cloudy,57.8
2017-02-10 18:00:00,60.15,Slow lane blocked due to accident on I-680 Southbound at Exits 1B 1C King Rd. | Center lane blocked due to accident on US-101 Northbound at Exit 430A Mansell St.,3,11,"I-680 S, James Lick Fwy N, Pacific Ave",Mostly Cloudy,55.6
2017-02-10 19:00:00,61.46,2 Center lane blocked due to accident on I-280 Southbound at Exit 9 County Hwy-G2 Lawrence Expy. | #1 lane blocked due to accident on I-80 Westbound at Exit 4A Treasure Is.,3,4,"I-280 S, San Francisco-Oakland Bay Brg E, I-580 W",Mostly Cloudy,55.5
2017-02-10 20:00:00,62.42,#5 lane blocked due to accident on US-101 Southbound at Exits 447 447B CA-131 Blithedale Ave.,2,1,US-101 S,Clear,53.6
2017-02-10 21:00:00,62.32,Accident on CA-1 Northbound at Exit 507 Oceana Blvd. | Accident on Alameda de Las Pulgas at Edgewood Rd.,3,6,"Cabrillo Hwy N, Edgewood Rd, I-880 N",Mostly Cloudy,53.7
2017-02-10 22:00:00,62.18,Accident on I-580 Eastbound at Exits 8B 19A I-80 I-580. | Lane blocked on entry ramp due to accident on US-101 Northbound at Exit 382 Capitol Expy.,3,3,"I-580 E, US-101 N, Eastshore Fwy W",Partly Cloudy,53.9
2017-02-10 23:00:00,61.82,Normal traffic flow,0,0,,Clear,58.4
2017-02-11 00:00:00,61.51,Normal traffic flow,0,0,,Clear,58.4
2017-02-11 01:00:00,61.13,At 13th St - Accident.,2,1,US-101 S,Partly Cloudy,48.9
2017-02-11 02:00:00,61.08,Accident on I-680 Northbound at Exit 10 Scott Creek Rd.,3,1,Scott Creek Rd,Clear,48.0
2017-02-11 03:00:00,61.15,Accident on US-101 Southbound at Exit 402 Embarcadero Rd.,3,1,Embarcadero Rd,Mostly Cloudy,48.2
2017-02-11 04:00:00,61.28,Accident on I-80 Eastbound at Fitzgerald Dr. | Accident on US-101 Van Ness Ave Southbound at Van Ness Ave.,3,3,"Richmond Pkwy, S Van Ness Ave, San Bruno Ave",Scattered Clouds,48.2
2017-02-11 05:00:00,62.54,Accident on I-80 Westbound at Exit 18 San Pablo Dam Rd. | Accident on US-101 Southbound at Exits 386A 386B McKee Rd.,3,2,"I-80 E, Bayshore Fwy S",Mostly Cloudy,46.2
2017-02-11 06:00:00,62.18,Normal traffic flow,0,0,,Clear,58.4
2017-02-11 07:00:00,63.34,Normal traffic flow,0,0,,Clear,58.4
2017-02-11 08:00:00,62.52,Normal traffic flow,0,0,,Clear,58.4
2017-02-11 09:00:00,61.35,Normal traffic flow,0,0,,Clear,58.4
2017-02-11 10:00:00,60.24,Normal traffic flow,0,0,,Clear,58.4
2017-02-11 11:00:00,60.36,Normal traffic flow,0,0,,Clear,58.4
2017-02-11 12:00:00,59.52,Normal traffic flow,0,0,,Clear,58.4
2017-02-11 13:00:00,59.64,Normal traffic flow,0,0,,Clear,58.4
2017-02-11 14:00:00,58.46,Normal traffic flow,0,0,,Clear,58.4
2017-02-11 15:00:00,55.39,Right hand shoulder blocked due to multi-vehicle accident on I-280 Southbound at Exit 47A Serramonte Blvd. | Accident on I-880 Northbound at Exits 33A 33B Marina Blvd.,3,4,"Junipero Serra Fwy N, I-880 N, Sinclair Fwy N",Clear,59.6
2017-02-11 16:00:00,59.98,Accident on US-101 Southbound at Exit 422 Airport Access Rd. | Accident on US-101 Northbound at Exits 384 385 Story Rd.,2,2,"Bayshore Fwy S, US-101 N",Clear,58.4
2017-02-11 17:00:00,59.19,Accident on I-280 Southbound at US-101.,3,1,I-680 S,Clear,55.4
2017-02-11 18:00:00,58.25,Right hand shoulder blocked due to accident on I-280 Northbound at Exits 47 47B CA-1. | One lane blocked due to accident on I-880 Northbound at Exit 24 Whipple Rd.,3,8,"I-280 S, I-880 N, Alhambra Ave",Clear,55.4
2017-02-11 19:00:00,60.9,Accident on I-580 Eastbound at Exit 2A Sir Francis Drake Blvd. | Accident on I-80 Westbound at Exits 8A 8B I-880.,3,3,"I-580 W, I-80 W, Montague Expy",Clear,51.7
2017-02-11 20:00:00,62.32,Accident on Tunitas Creek Rd at CA-35 Skyline Blvd.,2,1,Skyline Blvd,Clear,50.0
2017-02-11 21:00:00,61.78,Normal traffic flow,0,0,,Clear,58.4
2017-02-11 22:00:00,61.04,Normal traffic flow,0,0,,Clear,58.4
2017-02-11 23:00:00,61.81,Accident on US-101 Northbound at Exits 454 454B San Pedro Rd.,2,1,N San Pedro Rd,Clear,48.2
2017-02-12 00:00:00,61.56,Normal traffic flow,0,0,,Clear,58.4
2017-02-12 01:00:00,61.24,Normal traffic flow,0,0,,Clear,58.4
2017-02-12 02:00:00,61.01,Lane blocked due to accident on I-680 Northbound at Exit 20 Andrade Rd. | Accident on I-280 Northbound near Exits 1 1B 2 11th St.,3,4,"Andrade Rd, Sinclair Fwy N, McLaughlin Ave",Clear,43.3
2017-02-12 03:00:00,60.9,Between CA-262/Mission Blvd/Warren Ave and Gateway Blvd - Accident.,3,1,Nimitz Fwy S,Clear,42.8
2017-02-12 04:00:00,61.18,Normal traffic flow,0,0,,Clear,58.4
2017-02-12 05:00:00,61.5,Normal traffic flow,0,0,,Clear,58.4
2017-02-12 06:00:00,61.78,Accident on I-80 Eastbound at Exits 1 1C Bryant St. | Accident on US-101 Southbound at Paul Ave.,3,3,"I-80 W, James Lick Fwy S, Nimitz Fwy S",Clear,44.9
2017-02-12 07:00:00,61.98,Accident on US-101 Northbound at Exit 432 Potrero Ave. | Accident on I-280 Northbound at Exit 55 Pennsylvania Ave.,3,4,"James Lick Fwy N, I-280 S, Cesar Chavez",Partly Cloudy,46.2
2017-02-12 08:00:00,62.36,Accident on La Cuesta Dr at Aliso Way.,2,2,La Cuesta Dr,Clear,44.6
2017-02-12 09:00:00,62.08,Accident on CA-1 Southbound at Exits 505 505A 505B Sharp Park Rd.,3,1,CA-1 S,Partly Cloudy,54.0
2017-02-12 10:00:00,62.28,Normal traffic flow,0,0,,Clear,58.4
2017-02-12 11:00:00,61.35,Normal traffic flow,0,0,,Clear,58.4
2017-02-12 12:00:00,59.42,Normal traffic flow,0,0,,Clear,58.4
2017-02-12 13:00:00,59.98,Normal traffic flow,0,0,,Clear,58.4
2017-02-12 14:00:00,60.69,Accident on Alpine Rd at Junipero Serra Blvd. | Accident on Stevens Canyon Rd in Monte Vista.,3,3,"Junipero Serra Blvd, Stevens Canyon Rd, I-280 S",Clear,65.3
2017-02-12 15:00:00,60.12,#3 lane blocked due to accident on I-680 Southbound at Exit 16 Mission Blvd. | Accident on I-80 Westbound at Exit 4 Hillcrest Rd.,3,2,"I-680 S, I-80 W",Clear,62.1
2017-02-12 16:00:00,59.81,Normal traffic flow,0,0,,Clear,58.4
2017-02-12 17:00:00,61.85,Lane blocked due to accident on CA-84 La Honda Rd Westbound at La Honda Rd.,2,1,La Honda Rd,Scattered Clouds,51.8
2017-02-12 18:00:00,61.51,Accident on I-880 Southbound at Exit 28 Winton Ave.,3,1,Nimitz Fwy S,Clear,54.0
2017-02-12 19:00:00,61.86,Accident on Bascom Ave at Elliott St.,2,1,Elliott St,Scattered Clouds,55.0
2017-02-12 20:00:00,61.5,Between CA-262/Mission Blvd and Scott Creek Rd - Accident.,3,1,I-680 S,Clear,51.1
2017-02-12 21:00:00,61.79,Lane blocked due to accident on I-580 Westbound at Exit 7A Western Dr. | Accident on Pacheco Blvd at CA-4.,3,5,"Richmond-San Rafael Brg, Pacheco Blvd, I-80 W",Clear,51.6
2017-02-12 22:00:00,61.97,Lane blocked on exit ramp due to accident on I-680 Southbound at Exit 12 CA-262 Mission Blvd. | Lane blocked on exit ramp due to accident on I-280 Northbound at Exit 40 Skyline Blvd.,3,2,"I-680 S, I-280 S",Clear,45.8
2017-02-12 23:00:00,61.62,Normal traffic flow,0,0,,Clear,58.4
2017-02-13 00:00:00,59.96,Accident on I-580 Westbound at Exits 19B 19C 19D 20 I-980. | Accident on I-680 Northbound at Exit 52 Contra Costa Blvd.,3,3,"I-580 E, Concord Ave, Meridian Ave",Clear,46.3
2017-02-13 01:00:00,59.2,Shoulder blocked on exit ramp due to accident on US-101 Southbound at Exit 414B CA-92. | #4 lane blocked due to accident on US-101 Southbound at Exits 404A 404B CA-114 Willow Rd. SigAlert issued.,2,2,"CA-92 E, Bayshore Fwy S",Clear,46.4
2017-02-13 02:00:00,59.2,Normal traffic flow,0,0,,Clear,58.4
2017-02-13 03:00:00,57.47,Right hand shoulder blocked due to accident on County Hwy-G4 San Tomas Expy Southbound at CA-82 El Camino Real.,2,1,San Tomas Expy,Clear,45.0
2017-02-13 04:00:00,62.12,Normal traffic flow,0,0,,Clear,58.4
2017-02-13 05:00:00,60.14,Normal traffic flow,0,0,,Clear,58.4
2017-02-13 06:00:00,41.98,At Oakland Rd - Accident.,2,1,US-101 N,Fog,42.1
2017-02-13 07:00:00,21.01,Normal traffic flow,0,0,,Clear,58.4
2017-02-13 08:00:00,20.62,Accident on I-680 Southbound after Exit 20 Andrade Rd.,3,1,Andrade Rd,Clear,45.0
2017-02-13 09:00:00,24.07,Accident on I-880 Southbound before Exit 29 A St. | Accident on Yerba Buena Rd at US-101.,3,4,"Nimitz Fwy S, Yerba Buena Rd, CA-85 N",Clear,47.8
2017-02-13 10:00:00,57.14,Right hand shoulder blocked due to accident on I-680 Southbound before Exit 48 Main St. | Accident on County Hwy-G4 San Tomas Expy Southbound at Cabrillo Ave.,3,4,"I-680 S, Cabrillo Ave, Nimitz Fwy S",Clear,53.0
2017-02-13 11:00:00,61.91,Right hand shoulder blocked due to accident on I-280 Northbound before Exits 12A 12B CA-85. | Accident on Pleasanton Sunol Rd at Koopman Rd.,3,2,"Norman Y Mineta Hwy, Pleasanton Sunol Rd",Clear,55.5
2017-02-13 12:00:00,61.18,Shoulder blocked on entry ramp due to accident on I-80 I-580 Westbound at Gilman St. | Right hand shoulder blocked due to multi-vehicle accident on I-680 Northbound at Exit 31 Alcosta Blvd.,3,4,"I-580 W, I-680 S, W Tennyson Rd",Mostly Cloudy,53.4
2017-02-13 13:00:00,62.09,Accident on CA-84 Bayfront Expy Westbound between Quarry Rd and CA-114 Willow Rd.,2,1,Willow Rd,Mostly Cloudy,55.4
2017-02-13 14:00:00,61.66,At CA-84 - Accident. | At I-880 - Accident.,2,2,"I-680 S, Bayshore Fwy S",Clear,61.1
2017-02-13 15:00:00,60.52,Accident on Castro Valley Blvd at Redwood Rd. | At Homestead Rd - Accident.,2,3,"Redwood Rd,  San Tomas Expy, I-680 S",Clear,61.1
2017-02-13 16:00:00,61.12,Right hand shoulder blocked due to accident on I-680 Northbound at Exit 52 Contra Costa Blvd. | At San Antonio Rd/Exit 400B/Exit 400C - Accident.,3,3,"I-680 N, Bayshore Fwy S, I-80 E",Clear,61.7
2017-02-13 17:00:00,60.9,Serious accident on Forest Ave at Monroe St. | Shoulder blocked on entry ramp from right due to accident on US-101 Northbound at Exit 426 Sierra Point Pkwy.,2,5,"Forest Ave, US-101 N, Rincon Rd",Mostly Cloudy,58.4
2017-02-13 18:00:00,59.45,#1 lane blocked due to accident on I-680 Southbound after CA-24 @ Main St. | Accident motorcycle involved on I-280 Southbound after Exit 9 County Hwy-G2 Lawrence Expy.,3,6,"I-680 S, I-280 S, I-880 N",Mostly Cloudy,58.2
2017-02-13 19:00:00,61.75,Slow lane blocked and right hand shoulder blocked due to accident on I-80 I-580 Eastbound after Exit 11 / University Ave. | #1 lane blocked due to accident on I-80 Eastbound before Exit 19B Hilltop Dr.,3,12,"I-580 W, I-80 E, Norman Y Mineta Hwy",Mostly Cloudy,55.8
2017-02-13 20:00:00,61.63,Right hand shoulder blocked due to serious accident on I-580 Eastbound before Exit 44A / Foothill Rd. | #2 lane blocked and gore point obstructed due to multi-vehicle accident on I-80 Westbound before Exit 10 / CA-13 Ashby Ave.,3,7,"I-580 E, I-680 N, I-680 S",Clear,56.0
2017-02-13 21:00:00,61.25,Exit lane blocked due to accident on US-101 Northbound at Exit 411 Holly St. | #1 lane blocked due to accident on Central Expy at Lafayette St.,2,6,"Bayshore Fwy S, Lafayette St, Concord Ave",Clear,54.8
2017-02-13 22:00:00,61.8,Slow lane blocked due to accident on US-101 Northbound at Exit 414A Hillsdale Blvd. | Multi-vehicle accident on US-101 Northbound at Exit 411 Holly St.,3,4,"US-101 N, CA-85 S, I-680 N",Clear,54.4
2017-02-13 23:00:00,61.45,At 150th Ave - Accident.,3,1,I-580 E,Clear,55.9
2017-02-14 00:00:00,60.64,Normal traffic flow,0,0,,Clear,58.4
2017-02-14 01:00:00,60.88,#1 and #2 lane blocked due to accident on I-580 Westbound at Exit 32 Foothill Blvd. | #1 lane blocked due to accident on I-580 Eastbound at Exit 32 Foothill Blvd. Emergency vehicles at scene.,3,2,I-580 E,Clear,52.0
2017-02-14 02:00:00,60.78,At Hacienda Dr - Accident.,2,1,I-580 W,Clear,46.0
2017-02-14 03:00:00,61.08,Normal traffic flow,0,0,,Clear,58.4
2017-02-14 04:00:00,62.55,#1 lane blocked due to recovery work and accident on I-580 Westbound at Exit 46 Hacienda Dr. SigAlert issued.,3,1,Hacienda Dr,Clear,42.1
2017-02-14 05:00:00,64.22,At Andrade Rd/Mission Rd - Accident. | At US-101 (San Francisco) - Accident. Right lane blocked.,2,2,"I-680 S, John F Foran Fwy",Clear,44.4
2017-02-14 06:00:00,42.28,Accident on CA-237 Eastbound before Exits 1A 1B CA-85. On the median. | At CR-G8/Almaden Expy/Exit 6 - Accident.,2,3,"Norman Y Mineta Hwy, Nimitz Fwy S",Clear,45.8
2017-02-14 07:00:00,25.71,#2 lane blocked due to accident on I-980 Westbound before Exits 1A 1B 1C 1D Brush St. | At Alvarado Blvd/Fremont Blvd - Accident.,3,2,"I-980 W, Nimitz Fwy S",Scattered Clouds,49.0
2017-02-14 08:00:00,23.1,Accident on 5th St Westbound at Clara St. | Left hand shoulder blocked due to accident on CA-242 Southbound at Exit 1B I-680.,3,8,"Clara St, CA-242 S, Pruneridge Ave",Clear,50.9
2017-02-14 09:00:00,24.07,Accident on CA-85 Northbound at Exit 6 Almaden Expy. | Accident on I-580 Westbound at Exits 7B 8 Canal Blvd.,3,5,"Almaden Expy, Canal Blvd, I-880 N",Clear,56.0
2017-02-14 10:00:00,45.88,Accident on Goettingen St at Mansell St. | Left hand shoulder blocked due to accident on I-80 Westbound after Exits 8A 8B I-880.,3,8,"Mansell St, I-80 W, Norman Y Mineta Hwy",Clear,59.7
2017-02-14 11:00:00,62.39,Accident on I-880 Northbound at High St. | #2 lane blocked due to accident on US-101 Northbound at Exits 398 398A Moffett Blvd.,3,8,"I-880 N, US-101 N, I-580 E",Clear,61.1
2017-02-14 12:00:00,61.57,Accident on US-101 Southbound at Exits 450A 450B Redwood Hwy.,2,1,US-101 S,Clear,60.8
2017-02-14 13:00:00,61.97,Accident on US-101 Southbound at Exit 449B Madera Blvd. | At Mowry Ave - Accident.,2,2,"US-101 S, I-880 N",Clear,63.5
2017-02-14 14:00:00,62.02,Normal traffic flow,0,0,,Clear,58.4
2017-02-14 15:00:00,60.37,At I-580/I-80/Eastshore Fwy - Accident. | Between Sand Hill Rd and CA-84/Woodside Rd - Accident.,2,2," Ashby Ave, Junipero Serra Fwy N",Partly Cloudy,64.6
2017-02-14 16:00:00,61.01,Accident on I-80 Eastbound at Exit 4A Treasure Is. | Accident on I-280 Southbound at Exit 11 De Anza Blvd.,3,9,"San Francisco-Oakland Bay Brg E, N De Anza Blvd, Maywood Ave",Scattered Clouds,65.1
2017-02-14 17:00:00,60.92,Accident on I-280 Southbound at San Pedro Rd. | At CA-238 - Accident.,3,2,"I-280 S, I-580 E",Clear,61.0
2017-02-14 18:00:00,59.96,#1 lane blocked due to accident on I-280 Northbound at Exit 24 Sand Hill Rd. | Lane blocked due to accident on CA-85 Southbound at Exits 18 19 Stevens Creek Blvd.,3,7,"Sand Hill Rd, CA-85 S, US-101 N",Clear,59.4
2017-02-14 19:00:00,62.06,Accident on Hesperian Blvd at I-880. | Lane blocked due to accident on US-101 Northbound at Exits 424 425A Airport Blvd.,3,5,"Hesperian Blvd, S Airport Blvd, I-880 N",Partly Cloudy,58.2
2017-02-14 20:00:00,61.79,Lane blocked on exit ramp due to accident on CA-237 Westbound at Exit 5 County Hwy-G2 Lawrence Expy. | #1 lane blocked due to accident on I-280 Northbound at Exits 3A 3B Bird Ave.,3,6,"CA-237 W, Sinclair Fwy N, I-880 N",Clear,56.2
2017-02-14 21:00:00,61.72,Accident on I-880 Northbound at Exit 27 CA-92 Jackson St. | #3 lane blocked due to accident on CA-87 Southbound before Santa Teresa Blvd.,3,5,"I-880 N, Guadalupe Fwy S, Warren Fwy S",Clear,55.5
2017-02-14 22:00:00,61.77,#2&amp;#3 lane blocked due to accident on US-101 Northbound at Exit 414A Hillsdale Blvd. | #2 lane blocked due to accident on I-880 Northbound at Exits 8A 8B 8C CA-237.,3,7,"US-101 N, I-880 N, McLaughlin Ave",Clear,54.4
2017-02-14 23:00:00,61.39,1st lane blocked due to accident on CA-85 Southbound at Exit 6 Almaden Expy.,2,1,CA-85 S,Clear,53.6
2017-02-15 00:00:00,61.22,Right hand shoulder blocked due to accident on CA-24 Eastbound at Exit 9 Camino Pablo. | 1st lane blocked due to accident and people on the road on I-580 Eastbound at Exit 10A 23rd St. Approach with care.,3,5,"CA-24 E, I-580 E, Bayshore Fwy S",Clear,52.4
2017-02-15 01:00:00,61.13,Slow lane blocked due to accident on I-880 Northbound at Exit 2 CA-82 The Alameda.,3,1,I-880 S,Clear,54.0
2017-02-15 02:00:00,60.81,Lane blocked due to accident on I-880 Northbound at Exit 24 Whipple Rd.,3,1,I-880 N,Clear,51.1
2017-02-15 03:00:00,61.18,Lane blocked due to accident on US-101 Southbound at Exits 396A 396B Mathilda Ave.,2,1,N Mathilda Ave,Clear,52.0
2017-02-15 04:00:00,62.31,Normal traffic flow,0,0,,Clear,58.4
2017-02-15 05:00:00,60.51,One lane blocked due to accident on I-80 Eastbound at Exit 21 Appian Way. | At Mission Blvd - Accident. Right lane blocked.,3,3,"I-80 E, I-680 S, I-80 W",Mostly Cloudy,51.0
2017-02-15 06:00:00,39.29,Between Bay Bridge Toll Plz and Hillcrest Rd - Accident. | Between Dumbarton Brg Toll Plaza and Dumbarton Brg (Menlo Park) - Accident.,2,4,"I-80 W, Bayfront Expy W, I-580 W",Mostly Cloudy,54.0
2017-02-15 07:00:00,23.05,Earlier accident on US-101 Van Ness Ave at Eddy St. Emergency vehicles at scene. | At A St - Accident.,2,2,"Eddy St, I-880 N",Overcast,55.0
2017-02-15 08:00:00,25.96,Accident on CA-242 Southbound at Exit 1 Clayton Rd. On the median. | #1 lane blocked due to accident on I-80 Eastbound before Exits 8A 8B I-880.,3,7,"CA-242 S, I-80 E, Pinole Valley Rd",Overcast,54.7
2017-02-15 09:00:00,36.41,#9 &amp; #4 lane blocked due to accident on I-80 Westbound before Exits 8A 8B I-880. | Accident on I-80 I-580 Westbound at I-580.,3,7,"I-80 W, Washington St, I-580 W",Overcast,58.5
2017-02-15 10:00:00,59.38,Right hand shoulder blocked due to accident on I-80 Westbound at Exit 17 McBryde Ave. | Right hand shoulder blocked due to accident on US-101 Southbound before Exits 404A 404B CA-114 Willow Rd.,3,7,"McBryde Ave, Bayshore Fwy S, I-880 N",Overcast,58.9
2017-02-15 11:00:00,62.28,Accident on I-80 Westbound after Exits 8A 8B I-880. | Accident on Stanton Ave at Somerset Ave.,3,10,"I-80 W, Somerset Ave, Bayshore Fwy S",Overcast,60.8
2017-02-15 12:00:00,65.29,#6 toll lane blocked due to accident on I-80 Westbound at Exits 8A 8B I-880. | Right hand shoulder blocked due to accident on I-280 Northbound after Exit 10 Wolfe Rd.,3,5,"I-80 W, Junipero Serra Fwy N, I-580 W",Mostly Cloudy,60.4
2017-02-15 13:00:00,63.0,Accident on I-580 Westbound after Center St. On the median. | Accident on I-880 Southbound at Exit 2 CA-82 The Alameda.,3,4,"Grove Way, I-880 S, Nimitz Fwy S",Mostly Cloudy,62.8
2017-02-15 14:00:00,62.27,#3 lane blocked due to accident on I-80 Westbound after Exits 8A 8B I-880. | Accident on Coast Hwy in Half Moon Bay.,3,8,"I-80 W, Coast Hwy, San Bruno Ave",Mostly Cloudy,62.8
2017-02-15 15:00:00,61.65,Right hand shoulder blocked due to accident on CA-17 Southbound at Exits 21 22 Lark Ave.,2,1,CA-17 S,Mostly Cloudy,70.0
2017-02-15 16:00:00,61.31,Right hand shoulder blocked due to accident on CA-87 Southbound at Exits 1A 1B 1C CA-85. | Right hand shoulder blocked due to accident on I-880 Southbound at Exit 24 Whipple Rd.,3,5,"CA-85 S, Nimitz Fwy S, US-101 N",Mostly Cloudy,63.5
2017-02-15 17:00:00,60.86,Accident on I-280 Southbound at Exits 1 1B 2 11th St. | Accident on I-280 Northbound at Exits 1 1B 2 11th St.,3,14,"Sinclair Fwy N, Nimitz Fwy S, I-80 W",Mostly Cloudy,64.2
2017-02-15 18:00:00,60.27,Accident on I-880 Southbound at Exits 4B 4C US-101. | Accident on I-80 Eastbound at Exit 21 Appian Way.,3,3,"I-880 S, I-80 E, I-680 S",Scattered Clouds,61.3
2017-02-15 19:00:00,62.55,Left lane blocked due to accident on US-101 Southbound between Exit 442 Sausalito Lateral and Exit 439 Transit Transfer Facility. | Accident on I-280 Northbound at Exit 29 Edgewood Rd.,3,8,"US-101 S, Junipero Serra Fwy N, Berryessa Rd",Mostly Cloudy,61.7
2017-02-15 20:00:00,62.57,Accident on I-880 Northbound at Exit 10 Dixon Landing Rd. | Lane blocked on exit ramp due to accident on I-880 Northbound at Exit 10 Dixon Landing Rd.,3,5,"I-880 N, Dixon Landing Rd, Guadalupe Pkwy N",Mostly Cloudy,60.8
2017-02-15 21:00:00,61.87,Accident on US-101 Southbound at Exit 416 3rd Ave. | Right hand shoulder blocked due to accident on CA-85 Southbound before El Camino Real.,3,8,"Bayshore Fwy S, Norman Y Mineta Hwy, James Lick Fwy N",Mostly Cloudy,59.9
2017-02-15 22:00:00,61.43,Slow lane blocked due to accident on Nova Albion Way at Golden Hinde Blvd. | Multi-vehicle accident on CA-85 Southbound at Exits 10 11A CA-17.,3,5,"Nova Albion Way, CA-85 S, I-580 E",Mostly Cloudy,60.9
2017-02-15 23:00:00,61.32,Right hand shoulder blocked due to accident now on the shoulder on San Bruno Ave Northbound at US-101.,2,1,San Bruno Ave,Mostly Cloudy,59.0
2017-02-16 00:00:00,61.12,8th lane blocked due to accident on I-80 Westbound at Exits 8A 8B I-880. | Accident on Harbor View Ave at Barth Ave.,3,2,"I-80 W, Barth Ave",Overcast,60.6
2017-02-16 01:00:00,60.84,Right hand shoulder blocked due to accident on I-580 Eastbound at Exit 44A San Ramon Rd.,3,1,San Ramon Rd,Overcast,61.0
2017-02-16 02:00:00,60.78,Normal traffic flow,0,0,,Clear,58.4
2017-02-16 03:00:00,60.97,Accident on 51st St both ways at Shattuck Ave.,2,1,Shattuck Ave,Overcast,61.0
2017-02-16 04:00:00,61.11,At Oak St - Accident. | At Curtner Ave/Exit 3 - Accident.,3,3,"Nimitz Fwy S, Guadalupe Fwy S, I-880 N",Heavy Rain,59.7
2017-02-16 05:00:00,50.38,Accident on Gloria Ave both ways at Hills Dr. | At I-580 - Accident.,4,3,"E Hills Dr, I-680 S, I-580 W",Light Rain,55.2
2017-02-16 06:00:00,32.05,Slow lane blocked due to accident on CA-87 Southbound before Curtner Ave. | #1 lane blocked and left hand shoulder blocked due to accident on I-280 Northbound at CA-1.,3,7,"Guadalupe Fwy S, John Daly Blvd, Junipero Serra Fwy N",Light Rain,56.9
2017-02-16 07:00:00,27.62,Accident on I-80 Westbound at Buchanan St. On the median. | Accident on I-80 I-580 Westbound before Gilman St.,3,17,"Eastshore Fwy W, I-580 E, I-580 W",Mostly Cloudy,58.2
2017-02-16 08:00:00,23.18,Right hand shoulder blocked due to accident on I-580 Westbound before Exit 10A 23rd St. | Accident on US-101 Northbound near Peninsula Ave. On the median.,3,15,"I-580 W, US-101 N, I-580 E",Mostly Cloudy,58.8
2017-02-16 09:00:00,28.99,Right hand shoulder blocked due to accident on US-101 Northbound before Exit 414B CA-92. | Accident on I-580 Westbound at Exit 10A 23rd St. On the median.,4,7,"US-101 N, I-580 W, I-580 E",Mostly Cloudy,60.1
2017-02-16 10:00:00,52.12,Right hand shoulder blocked due to accident on I-680 Southbound at Exits 18 18A Vargas Rd. | Accident on Mountain View Way at Handley Trl.,3,7,"I-680 S, Mountain View Way, US-101 N",Mostly Cloudy,61.4
2017-02-16 11:00:00,62.43,Accident on CA-92 Eastbound at Exit 11 Alameda de Las Pulgas. On the median. | #2-3 lane blocked and right hand shoulder blocked due to accident on CA-17 Southbound before I-880.,3,14,"CA-92 E, I-280 S, I-880 S",Scattered Clouds,63.1
2017-02-16 12:00:00,59.39,Right hand shoulder blocked due to accident on CA-1 Northbound after Serramonte Blvd. | Accident on I-80 I-580 Eastbound after Exits 12 13A I-580.,3,6,"Cabrillo Hwy N, I-580 W, CA-24 W",Mostly Cloudy,63.3
2017-02-16 13:00:00,60.85,Accident on I-880 Northbound at 29th Ave. | Accident on CA-185 Mission Blvd at Medford Ave.,3,7,"I-880 N, Medford Ave, I-680 S",Partly Cloudy,63.3
2017-02-16 14:00:00,63.0,Accident on US-101 Northbound at Exit 411 Holly St. | Accident on Andrade Rd at Mission Rd.,3,4,"Holly St, Andrade Rd, Nimitz Fwy S",Partly Cloudy,63.6
2017-02-16 15:00:00,62.18,#4 lane blocked due to accident on I-80 Eastbound at Exit 18 San Pablo Dam Rd. | At I-880/CA-17 - Accident.,3,3,"I-80 E, I-280 S, Spear St",Scattered Clouds,63.7
2017-02-16 16:00:00,62.09,Slow lane blocked due to accident on I-280 Southbound at Exits 1 1B 2 11th St. | Accident on Pineville Cir at Princeton Pl.,3,3,"I-280 S, Pineville Cir, I-580 W",Scattered Clouds,62.4
2017-02-16 17:00:00,63.36,Lane blocked on exit ramp due to accident on I-880 Northbound at Exit 39A Elmwood Ave. | Lane blocked on exit ramp due to accident on CA-13 Warren Fwy Southbound at Exits 5B 5C CA-24.,3,7,"I-880 N, Broadway, Nimitz Fwy S",Scattered Clouds,58.4
2017-02-16 18:00:00,60.68,Lane blocked on entry ramp due to accident on CA-17 Southbound at I-880. | Lane blocked on entry ramp due to accident on CA-87 Northbound at County Hwy-G8 Almaden Expy.,3,8,"I-280 S, Highway 87 Bikeway, I-80 W",Scattered Clouds,57.7
2017-02-16 19:00:00,62.92,Lane blocked on exit ramp due to accident on I-80 I-580 Eastbound at Exits 12 13A I-580. | #3 lane blocked due to accident on I-580 Eastbound at Exit 12 I-80 I-580.,3,10,"I-580 W, US-101 S, MacDonald Ave",Clear,56.4
2017-02-16 20:00:00,63.53,Right hand shoulder blocked due to accident on I-880 Northbound at Scales. | Lane blocked on exit ramp due to accident on I-880 Southbound at Exit 40 Embarcadero.,3,4,"I-880 N, Nimitz Fwy S, CA-85 S",Mostly Cloudy,56.3
2017-02-16 21:00:00,62.93,Slow lane blocked due to accident on I-80 Eastbound at Exit 15 Potrero Ave. | Accident on I-880 Southbound before Exit 19 Thornton Ave.,3,4,"I-80 E, Nimitz Fwy S, I-680 S",Clear,54.2
2017-02-16 22:00:00,62.59,Accident on Hesperian Blvd at Lewelling Blvd.,2,1,Lewelling Blvd,Overcast,55.0
2017-02-16 23:00:00,61.62,1st lane blocked due to accident on I-880 Southbound at Exit 40 Embarcadero. | Accident now on the shoulder on I-680 Northbound at Exit 34 Bollinger Canyon Rd.,3,2,"Nimitz Fwy S, I-680 N",Overcast,53.5
2017-02-17 00:00:00,61.12,Normal traffic flow,0,0,,Clear,58.4
2017-02-17 01:00:00,61.03,Normal traffic flow,0,0,,Clear,58.4
2017-02-17 02:00:00,60.79,Lane blocked due to accident on I-580 Westbound at Exits 29 29A 98th Ave.,3,1,I-580 E,Light Rain,55.9
2017-02-17 03:00:00,61.02,Left hand shoulder blocked due to accident on I-880 Northbound at Exit 13 Cushing Pkwy.,3,1,Fremont Blvd,Rain,55.4
2017-02-17 04:00:00,61.89,Lane blocked due to accident on I-80 Eastbound at Exits 2B 2C Harrison St. | Lane blocked due to accident and vehicles spun around on I-80 I-580 Eastbound at I-580.,3,4,"James Lick Fwy N, I-580 E, Claremont Ave",Rain,55.4
2017-02-17 05:00:00,61.19,At 12th Street/17th St - Accident. | At Treasure Island Rd - Accident.,3,4,"I-980 W, I-80 W, I-280 S",Rain,55.0
2017-02-17 06:00:00,47.62,Slow lane blocked due to accident on I-680 Southbound at Sheridan Rd. | At 7th St - Accident.,3,2,"Sheridan Rd, I-880 N",Overcast,54.0
2017-02-17 07:00:00,26.31,Accident on US-101 Southbound before Broadway. | Fast lane blocked due to accident on US-101 Southbound before Exit 417 Poplar Ave.,3,9,"Broadway, Bayshore Fwy S, CA-85 S",Light Rain,55.2
2017-02-17 08:00:00,28.57,Accident on US-101 Northbound at Exits 450A 450B Redwood Hwy. | #1 lane blocked due to accident on I-580 Westbound near Exits 2 2B Main St. SigAlert issued.,3,6,"US-101 N, I-580 W, I-980 W",Light Rain,55.2
2017-02-17 09:00:00,27.58,Accident on I-580 Westbound near Exit 7A Western Dr. | Accident on Bockman Rd at Hesperian Blvd.,3,7,"Richmond-San Rafael Brg, Hesperian Blvd, Bayshore Fwy S",Light Rain,57.7
2017-02-17 10:00:00,39.96,#2 lane blocked due to accident on US-101 Southbound at I-280. | #2 lane blocked due to accident on US-101 Southbound before Exit 433A Vermont St.,3,7,"John F Foran Fwy, James Lick Fwy S, Junipero Serra Fwy N",Light Rain,58.6
2017-02-17 11:00:00,57.13,Accident on I-980 Westbound before 18th St. | Accident on I-280 Northbound after Sneath Ln.,3,12,"I-980 W, I-280 S, CA-92 E",Light Rain,57.4
2017-02-17 12:00:00,57.05,Right hand shoulder blocked due to accident on US-101 Northbound at Exit 439 Transit Transfer Facility. | #2 lane blocked due to accident on CA-85 Northbound at Exits 22A 22C 23 CA-237.,2,3,"Golden Gate Brg S, Norman Y Mineta Hwy, I-880 N",Light Rain,56.9
2017-02-17 13:00:00,60.09,Accident on I-280 Northbound before Exit 33 CA-92. | At Richmond-San Rafael Brg - Accident.,3,3,"Junipero Serra Fwy N, Richmond-San Rafael Brg",Overcast,57.2
2017-02-17 14:00:00,59.95,Accident on Delaware St Northbound at Pacific Blvd. | Between Bacon St and I-280/Alemany Blvd - Accident.,2,3,"S Delaware St, James Lick Fwy N, Junipero Serra Fwy N",Light Rain,57.7
2017-02-17 15:00:00,55.31,Right lane blocked due to accident on I-80 Eastbound at Exits 2B 2C Harrison St. | Accident on CA-185 Mission Blvd at Blossom Way.,3,4,"James Lick Fwy N, Blossom Way,  San Tomas Expy",Light Rain,57.5
2017-02-17 16:00:00,54.78,#1 lane blocked due to accident on CA-17 Southbound at Exits 21 22 Lark Ave. | #1 lane blocked due to accident on US-101 Southbound at Exits 398B 399 399A 399B CA-85.,2,6,"CA-17 S, Bayshore Fwy S,  E Castro Valley Blvd",Light Rain,56.0
2017-02-17 17:00:00,57.62,Left lane blocked due to accident on US-101 Southbound at Exits 400A 400B Rengstorff Ave. | #3 &amp; #4 lane blocked due to accident on US-101 Northbound at Exits 430A 430B 431 I-280.,2,4,"US-101 N, James Lick Fwy N, Redwood Hwy",Light Rain,55.1
2017-02-17 18:00:00,56.18,Slow lane blocked due to accident on CA-24 Westbound at Exits 5 5A 5B CA-13 Warren Fwy. | Accident on US-101 Southbound at Exit 408 Woodside Rd.,3,9,"CA-24 W, Woodside Rd, I-280 S",Light Rain,55.3
2017-02-17 19:00:00,56.27,#1 lane blocked due to accident on I-280 Northbound at Exit 33 CA-92. | Accident on Washington St near Homestead Rd.,3,7,"Junipero Serra Fwy N, Homestead Rd, US-101 N",Rain,55.1
2017-02-17 20:00:00,56.72,Left lane blocked due to accident on I-280 Southbound at Exits 1C 5A 5B CA-17. | Accident on I-680 Northbound at Exits 30A 30B I-580.,3,7,"I-280 S, I-680 N, I-580 W",Light Rain,54.5
2017-02-17 21:00:00,58.72,Right lane blocked due to accident on I-880 Northbound at Exits 46A 46B Grand Ave. | Accident on I-280 Southbound at Exit 29 Edgewood Rd.,3,8,"W Grand Ave, Junipero Serra Fwy N, Auto Mall Pkwy",Overcast,55.0
2017-02-17 22:00:00,59.93,Lane blocked on exit ramp due to accident on I-280 Northbound near exit 39. | Lane blocked on exit ramp due to accident on I-680 Southbound at exit 12.,3,5,"Junipero Serra Fwy N, I-680 S, Peralta Blvd",Overcast,54.5
2017-02-17 23:00:00,61.09,Accident on I-280 Southbound at Exit 56 Pennsylvania Ave. | Queueing traffic and 5th &amp; 6th lane blocked due to serious accident on I-80 I-580 Eastbound at Exits 12 13A I-580.,3,5,"I-280 S, I-580 W, I-680 S",Overcast,55.2
2017-02-18 00:00:00,61.93,Normal traffic flow,0,0,,Clear,58.4
2017-02-18 01:00:00,60.92,Normal traffic flow,0,0,,Clear,58.4
2017-02-18 02:00:00,60.91,Slow lane blocked due to accident on I-280 Southbound at Exits 2B 3A 3B CA-87 Guadalupe Pkwy. | One lane blocked due to accident on I-280 Northbound at Exits 1 1B 2 11th St.,3,2,"Guadalupe Pkwy S, Sinclair Fwy N",Light Rain,53.4
2017-02-18 03:00:00,60.93,One lane blocked due to accident on US-101 Northbound at Exits 433 433B 433C San Francisco-Oakland Bay Bridge. | At Peninsula Ave/Exit 417B - Accident.,2,2,"San Francisco-Oakland Bay Bridge, Peninsula Ave",Overcast,53.1
2017-02-18 04:00:00,60.38,One lane blocked due to accident on US-101 Northbound at Exit 422 Airport Access Rd. | One lane blocked due to accident on US-101 Southbound at Exits 419A 419B Rollins Rd.,2,2,"US-101 N, Bayshore Fwy S",Overcast,53.1
2017-02-18 05:00:00,57.73,Accident on I-80 Westbound near Exits 2B 2C Harrison St. | #3 and #4 lane blocked due to accident on US-101 Northbound at Exit 417B Airport Blvd.,3,2,"James Lick Fwy N, US-101 N",Overcast,53.4
2017-02-18 06:00:00,60.07,One lane blocked due to accident on I-80 Eastbound at Exits 2 2A Harrison St.,3,1,James Lick Fwy N,Overcast,53.1
2017-02-18 07:00:00,62.64,Normal traffic flow,0,0,,Clear,58.4
2017-02-18 08:00:00,61.27,Normal traffic flow,0,0,,Clear,58.4
2017-02-18 09:00:00,57.58,Lane blocked due to accident on I-880 Southbound at Exit 24 Whipple Rd. | Accident on I-80 I-580 Westbound at Exit 9 I-580.,3,3,"I-880 N, Eastshore Fwy W, I-580 W",Mostly Cloudy,54.9
2017-02-18 10:00:00,60.18,Normal traffic flow,0,0,,Clear,58.4
2017-02-18 11:00:00,60.13,Right hand shoulder blocked due to accident on US-101 Northbound at Exits 419A 419B Rollins Rd. | Accident on I-880 Northbound in Fremont.,2,2,"US-101 N, I-880 N",Mostly Cloudy,56.5
2017-02-18 12:00:00,59.79,Lane blocked due to accident on US-101 Northbound before Exits 449 449A Tamalpais Dr. | Accident on US-101 Northbound before Exit 417B Airport Blvd.,2,3,"US-101 N, Bayshore Fwy S, CA-242 S",Mostly Cloudy,56.1
2017-02-18 13:00:00,60.12,Right hand shoulder blocked due to accident on CA-24 Westbound at Exits 2 2B I-980. | Right hand shoulder blocked due to accident on I-880 Southbound at I-880 Exits 30 31A / Hesperian Blvd.,2,2,"I-580 E, Nimitz Fwy S",Mostly Cloudy,58.4
2017-02-18 14:00:00,61.49,Accident on I-80 Eastbound at Exit 20 Blume Dr. | Lane blocked due to accident on I-80 Eastbound at Exit 21 Appian Way.,3,2,I-80 E,Mostly Cloudy,61.0
2017-02-18 15:00:00,60.76,One lane blocked due to accident on I-680 Northbound at Exits 1B 1C King Rd.,3,1,I-680 N,Overcast,55.4
2017-02-18 16:00:00,60.04,Accident on Bryant St Northbound at I-80.,2,1,Bryant St,Mostly Cloudy,57.0
2017-02-18 17:00:00,60.19,Normal traffic flow,0,0,,Clear,58.4
2017-02-18 18:00:00,58.97,One lane blocked due to accident on I-880 Northbound at Exit 38 CA-77 42nd Ave. | One lane blocked due to accident on I-680 Northbound at Exit 8 CA-237 Calaveras Blvd.,3,4,"I-880 N, I-680 N, Nimitz Fwy S",Mostly Cloudy,52.2
2017-02-18 19:00:00,62.04,Accident on Appian Way Northbound at Sobrante Ave. | Accident on I-80 Eastbound at El Portal Dr.,3,4,"Appian Way, I-80 E, Paseo Grande",Overcast,51.6
2017-02-18 20:00:00,63.1,Between I-580 and Stoneridge Dr - Accident.,3,1,I-680 S,Clear,48.0
2017-02-18 21:00:00,62.51,One lane blocked due to accident on US-101 Van Ness Ave Southbound at Otis St. | One lane blocked due to accident on CA-24 Westbound at Exits 2 2B I-980.,3,6,"Mission St, I-580 W, E Duane Ave",Overcast,50.5
2017-02-18 22:00:00,62.92,One lane blocked due to accident on I-80 I-580 Westbound at I-580. | One lane blocked due to accident on I-880 Southbound at Exit 41B I-980.,3,4,"I-80 W, Nimitz Fwy S, I-880 S",Overcast,53.1
2017-02-18 23:00:00,62.24,Accident on Davona Dr Westbound at Wicklow Ln.,2,1,Davona Dr,Partly Cloudy,48.0
2017-02-19 00:00:00,61.66,Accident on I-880 Southbound at Exits 33A 33B Marina Blvd. | Accident on I-880 Southbound at Exit 22 Fremont Blvd.,3,5,"Marina Blvd, I-880 N, Mowry Ave",Overcast,50.6
2017-02-19 01:00:00,61.31,Accident on I-80 Eastbound at Exits 1 1C Bryant St. | Accident on I-580 Eastbound at Exit 35 Strobridge Ave.,3,2,"I-80 W, I-580 E",Overcast,52.0
2017-02-19 02:00:00,61.07,Accident on US-101 Southbound at Lincoln Ave.,2,1,US-101 N,Overcast,48.2
2017-02-19 03:00:00,61.05,Normal traffic flow,0,0,,Clear,58.4
2017-02-19 04:00:00,61.24,Normal traffic flow,0,0,,Clear,58.4
2017-02-19 05:00:00,61.61,Accident on Page Mill Rd at CA-35 Skyline Blvd. | Accident on I-880 Northbound at Alvarado Blvd.,3,3,"Page Mill Rd, I-880 N",Overcast,50.0
2017-02-19 06:00:00,61.94,Accident on I-580 Eastbound at CA-24 Exits 2 2B. | Accident on US-101 Northbound at Exits 381 382 Yerba Buena Rd.,3,2,"I-580 E, Yerba Buena Rd",Mostly Cloudy,50.6
2017-02-19 07:00:00,62.23,Accident on US-101 Northbound near Exit 442 Sausalito Lateral.,2,1,Golden Gate Brg N,Overcast,50.0
2017-02-19 08:00:00,62.47,Accident on US-101 Northbound at Exits 447 447B CA-131 Blithedale Ave. | At Central Ave - Accident.,3,2,"Tiburon Blvd, I-80 E",Mostly Cloudy,52.0
2017-02-19 09:00:00,62.75,Normal traffic flow,0,0,,Clear,58.4
2017-02-19 10:00:00,64.75,#1 lane blocked due to accident on I-580 Westbound at Exits 8B 19A I-80 I-580.,3,1,I-580 W,Light Rain,54.0
2017-02-19 11:00:00,61.25,Normal traffic flow,0,0,,Clear,58.4
2017-02-19 12:00:00,59.12,Right hand shoulder blocked due to multi-vehicle accident on I-80 Eastbound at Exit 13 I-580.,2,1,I-80 E,Light Rain,54.0
2017-02-19 13:00:00,61.41,Accident on I-80 Eastbound at Exits 8A 8B I-880. | Accident on I-680 Southbound at Exits 1B 1C King Rd.,3,2,"I-80 E, I-680 S",Overcast,57.1
2017-02-19 14:00:00,61.52,Multi-vehicle accident on US-101 Northbound at Exits 447 447B CA-131 Blithedale Ave. | Multi-vehicle accident on I-880 Northbound at Exit 5 Brokaw Rd.,3,2,"US-101 N, E Brokaw Rd",Light Rain,53.4
2017-02-19 15:00:00,60.92,Right hand shoulder blocked due to accident on CA-87 Guadalupe Pkwy Northbound at Exits 9A 9B US-101.,2,1,Bayshore Fwy S,Light Rain,55.0
2017-02-19 16:00:00,60.46,Right hand shoulder blocked due to accident on I-880 Southbound at Exit 36 Hegenberger Rd.,3,1,Nimitz Fwy S,Overcast,57.0
2017-02-19 17:00:00,63.72,Accident on US-101 Northbound at Exit 439 Transit Transfer Facility. | Accident on Marsh Creek Rd in Blackhawk.,3,4,"US-101 N, Marsh Creek Rd, CA-242 S",Light Rain,54.8
2017-02-19 18:00:00,63.48,Accident on County Hwy-G2 Lawrence Expy at Arques Ave.,2,1,E Arques Ave,Overcast,53.1
2017-02-19 19:00:00,63.09,Lane blocked due to accident on US-101 Southbound at Exit 439 Transit Transfer Facility. | Right hand shoulder blocked due to accident on I-580 Westbound at Exit 32B Fairmont Dr.,3,5,"US-101 S, Fairmont Dr, I-580 W",Overcast,56.0
2017-02-19 20:00:00,62.7,Normal traffic flow,0,0,,Clear,58.4
2017-02-19 21:00:00,62.83,Accident on I-80 Westbound at Exit 4A Treasure Is.,3,1,San Francisco-Oakland Bay Brg E,Overcast,57.0
2017-02-19 22:00:00,62.42,Accident on I-80 Westbound at Exits 2B 2C Harrison St. | Accident on Hesperian Blvd at Paseo Grande.,3,2,"I-80 W, Paseo Grande",Overcast,57.0
2017-02-19 23:00:00,62.62,Accident on US-101 Northbound at Exits 423A 423B 423C I-380. | Accident on I-280 Southbound at Exit 6 Winchester Blvd.,3,4,"Bayshore Fwy S, S Winchester Blvd, I-880 S",Light Rain,54.7
2017-02-20 00:00:00,62.05,Normal traffic flow,0,0,,Clear,58.4
2017-02-20 01:00:00,61.83,Lane blocked due to accident on Conestoga Way both ways at Buckboard Way. | Lane blocked due to accident on US-101 Southbound at Exits 419A 419B Rollins Rd.,2,2,"Buckboard Way, Bayshore Fwy S",Light Rain,56.9
2017-02-20 02:00:00,61.92,Right hand shoulder blocked due to accident on I-380 Westbound at Exit 5 CA-82 El Camino Real. | Right hand shoulder blocked due to accident on CA-24 Westbound at Exit 9 Camino Pablo.,3,2,"I-380 W, Camino Pablo",Heavy Rain,56.0
2017-02-20 03:00:00,61.7,One lane blocked due to accident on I-80 Eastbound at Exit 19B Hilltop Dr.,3,1,I-80 W,Rain,57.0
2017-02-20 04:00:00,61.47,Lane blocked due to accident on I-580 Eastbound at Exit 44A San Ramon Rd. | Lane blocked due to accident on I-880 Northbound at Exit 13 Cushing Pkwy.,4,5,"San Ramon Rd, Fremont Blvd, I-880 N",Light Rain,55.9
2017-02-20 05:00:00,60.36,Middle lane blocked due to accident on I-80 Eastbound before 7th St. | Accident on I-680 Southbound at EB I-580.,3,8,"James Lick Fwy N, I-580 W, I-238 N",Light Rain,56.4
2017-02-20 06:00:00,56.95,Two lanes blocked due to accident on I-880 Northbound before Oak St. | #1 lane blocked and left hand shoulder blocked due to accident on I-580 Westbound before Lake Park Ave.,3,13,"I-880 N, I-580 W, Norman Y Mineta Hwy",Light Rain,56.2
2017-02-20 07:00:00,58.7,Accident on US-101 Van Ness Ave Westbound at Octavia St. | #1 lane blocked due to accident on I-380 Eastbound at Exit 6A US-101.,3,13,"S Van Ness Ave, US-101 N, Richmond-San Rafael Brg",Light Rain,57.2
2017-02-20 08:00:00,58.25,#1 lane blocked due to accident on I-280 Northbound at Exit 33 CA-92. | Slow traffic and right lane blocked due to multi-vehicle accident on I-580 Westbound at Exit 22A MacArthur Blvd.,3,11,"Junipero Serra Fwy N, I-580 W, Warren Fwy N",Light Rain,57.2
2017-02-20 09:00:00,57.72,Right hand shoulder blocked due to accident on I-880 Northbound at Exit 29 A St. | Accident on CA-17 Northbound at Exit 25 Creekside Way.,3,13,"I-880 N, CA-17 N, I-580 E",Light Rain,57.2
2017-02-20 10:00:00,57.12,Left lane blocked due to accident on I-280 Southbound at Exits 2B 3A 3B CA-87 Guadalupe Pkwy. | #1 #2 lane blocked due to accident on US-101 Northbound at Exits 390 391 CA-87 Guadalupe Pkwy.,3,15,"Sinclair Fwy N, US-101 N, I-280 S",Light Rain,57.3
2017-02-20 11:00:00,57.01,Accident on I-580 Westbound at Exits 34 35 I-238. | Accident on US-101 Northbound at Exits 400A 400B Rengstorff Ave.,3,11,"I-580 W, I-238 N, US-101 N",Light Rain,57.5
2017-02-20 12:00:00,57.58,Slow lane blocked due to accident on I-580 Eastbound at Exit 39 Eden Canyon Rd. | Right hand shoulder blocked due to accident on I-280 Northbound at San Bruno Ave.,3,9,"Paloverde Rd, I-280 S, Southbay Fwy",Light Rain,57.3
2017-02-20 13:00:00,55.82,Accident on I-680 Northbound at Exit 5A Hostetter Rd. | Accident on US-101 Northbound at Exit 406 CA-84 Marsh Rd.,3,19,"I-680 N, US-101, CA-17 N",Rain,57.0
2017-02-20 14:00:00,54.91,Accident on US-101 Northbound at Exits 454 454B San Pedro Rd. | #1 lane blocked due to accident on I-80 Eastbound at Exit 4A Treasure Is.,3,17,"N San Pedro Rd, San Francisco-Oakland Bay Brg E, John F Foran Fwy",Rain,55.9
2017-02-20 15:00:00,54.12,Accident on US-101 Northbound at Exits 396A 396B Mathilda Ave. | #1 lane blocked due to accident on CA-92 Southbound at Exits 8 8A 8B I-280.,2,8,"US-101 N, Junipero Serra Fwy N, CA-237 E",Light Rain,55.1
2017-02-20 16:00:00,58.65,#2 lane blocked due to accident on I-880 Northbound at Exit 23 Alvarado Niles Rd. | Slow lane blocked due to accident on US-101 Northbound at Exit 450B Sir Francis Drake Blvd.,3,12,"I-880 N, US-101 N, Norman Y Mineta Hwy",Heavy Rain,56.5
2017-02-20 17:00:00,57.58,Lane blocked on entry ramp due to accident on I-880 Southbound at Exit 41B I-980. | Lane blocked due to accident on I-580 Eastbound at Exits 19B 19C 19D 20 I-980.,3,17,"Nimitz Fwy S, Grove Shafter Fwy E, I-580 W",Light Rain,57.3
2017-02-20 18:00:00,56.33,2 left lane blocked due to accident on I-880 Northbound at Exit 39A Elmwood Ave. | Lane blocked on exit ramp due to accident on CA-237 Westbound at Exit 6 Great America Pkwy.,3,18,"I-880 N, CA-237 W, US-101 N",Light Rain,58.2
2017-02-20 19:00:00,57.63,#2 &amp; #3 lane blocked due to accident on I-880 Northbound at Exits 4B 4C US-101. | Accident on I-280 Northbound at Exit 40 Skyline Blvd.,3,11,"I-880 N, Hillcrest Blvd, US-101 S",Light Rain,58.0
2017-02-20 20:00:00,58.19,Lane blocked due to accident on CA-1 Northbound at I-280. | Lane blocked due to accident on I-680 Northbound at Exit 36 Crow Canyon Rd.,3,8,"I-280 N, I-680 N, Canal Blvd",Light Rain,58.2
2017-02-20 21:00:00,60.74,Accident on US-101 Northbound at Exit 408 Woodside Rd. | Accident on US-101 Northbound at Exit 406 CA-84 Marsh Rd.,2,4,"US-101 N, Bayshore Fwy S, James Lick Fwy N",Light Rain,59.0
2017-02-20 22:00:00,62.07,At US-101/Bayshore Fwy/Exit 9B - Accident.,3,1,Guadalupe Pkwy N,Light Rain,60.1
2017-02-20 23:00:00,62.02,Lane blocked and queueing traffic due to accident on I-880 Northbound at Exit 10 Dixon Landing Rd.,3,1,Nimitz Fwy N,Light Rain,57.9
2017-02-21 00:00:00,62.0,Right hand shoulder blocked due to accident now on the shoulder on I-680 Northbound at Exit 10 Scott Creek Rd.,3,1,I-680 N,Mostly Cloudy,57.9
2017-02-21 01:00:00,61.8,Three lanes blocked due to accident on I-80 I-580 Eastbound at Exit 11 I-580. | Slow lane blocked due to accident on I-280 Northbound at Exits 12A 12B CA-85.,3,6,"I-580 W, Norman Y Mineta Hwy, CA-17 N",Light Rain,57.6
2017-02-21 02:00:00,61.72,Lane blocked due to accident on CA-92 Eastbound at Exit 10 Hillsdale Blvd. | Right hand shoulder blocked due to accident on I-280 Southbound at Exit 7 Saratoga Ave.,3,11,"CA-92 E, Saratoga Ave, I-880 S",Mostly Cloudy,56.5
2017-02-21 03:00:00,61.93,Accident on CA-24 Westbound near Exit 11 Acalanes Rd. | Accident on Crow Canyon Rd near Bellina Canyon Rd.,3,3,"Acalanes Rd, Bellina Canyon Rd, CA-242 S",Clear,57.0
2017-02-21 04:00:00,62.07,Right hand shoulder blocked due to accident on CA-262 Mission Blvd Westbound at I-880. | Lane blocked due to accident on I-580 Eastbound after Exit 51 Isabel Ave.,3,5,"I-880 N, Isabel Ave, I-680 N",Overcast,55.7
2017-02-21 05:00:00,62.52,Middle lane blocked and right hand shoulder blocked due to accident on I-580 Westbound before Castro Valley Blvd. | At Whipple Ave/Exit 409 - Accident. Left lane blocked.,3,4,"I-580 W, US-101 N, I-680 S",Mostly Cloudy,54.7
2017-02-21 06:00:00,43.02,At San Mateo Bridge - Accident. | At 3rd Ave/Exit 416 - Accident.,3,6,"J Arthur Younger Fwy W, E 3rd Ave, I-280 S",Mostly Cloudy,54.2
2017-02-21 07:00:00,24.12,Accident on I-680 Northbound before Exit 48 Main St. | Accident on I-280 Northbound before Exit 9 County Hwy-G2 Lawrence Expy.,3,2,"I-680 S, Junipero Serra Fwy N",Light Rain,53.6
2017-02-21 08:00:00,24.79,At 23rd Ave - Accident. Left lane blocked.,2,1,I-880 N,Light Rain,55.9
2017-02-21 09:00:00,37.67,Accident on CA-92 Jackson St Eastbound at Exit 25B Hesperian Blvd. | At Union Ave - Accident. Left lane blocked.,3,7,"W Jackson St, Norman Y Mineta Hwy, Nimitz Fwy S",Mostly Cloudy,57.6
2017-02-21 10:00:00,52.81,At I-280/CA-17 - Accident.,2,1,I-880 S,Mostly Cloudy,55.0
2017-02-21 11:00:00,60.59,Lane blocked on entry ramp due to accident on I-280 Southbound at Exits 4 5A Meridian Ave. | At Winton Ave - Accident.,3,3,"Meridian Ave, Nimitz Fwy S, I-880 N",Mostly Cloudy,57.7
2017-02-21 12:00:00,61.61,Accident on CA-85 Northbound after Exit 9 Union Ave. | Accident on US-101 Southbound before Toll Plaza.,3,8,"Norman Y Mineta Hwy, Golden Gate Brg S, Sneath Ln",Mostly Cloudy,58.7
2017-02-21 13:00:00,61.78,At Hesperian Blvd - Accident. | At 7th St/10th St/Virginia St - Accident.,2,2,"I-880 N, Sinclair Fwy N",Mostly Cloudy,60.1
2017-02-21 14:00:00,61.74,Accident on US-101 Southbound at Exit 378 Blossom Hill Rd. On the median. | At Sierra Point Pky/Exit 426 - Accident.,2,2,Bayshore Fwy S,Mostly Cloudy,58.4
2017-02-21 15:00:00,61.81,Slow lane blocked due to multi-vehicle accident on I-680 Southbound at Exit 26 Bernal Ave. | #1&amp;#2 lane blocked due to accident on I-580 Westbound at Exit 12 I-80 I-580.,3,3,"I-680 S, Eastshore Fwy W, Guadalupe Pkwy N",Light Rain,55.0
2017-02-21 16:00:00,62.57,#1 lane blocked due to accident on I-880 Northbound at Exits 30 31A I-238. | #3&amp;#4 lane blocked due to accident on I-280 Northbound at Exits 1 1B 2 11th St.,3,5,"I-880 N, Sinclair Fwy N, I-280 S",Mostly Cloudy,55.3
2017-02-21 17:00:00,62.41,Lane blocked on entry ramp due to accident on I-280 Northbound at Exit 22 Alpine Rd. | Accident on US-101 Southbound at Exit 422 Airport Access Rd.,3,5,"Junipero Serra Fwy N, US-101 N, Bayshore Fwy S",Mostly Cloudy,53.9
2017-02-21 18:00:00,60.92,Lane blocked on exit ramp due to accident on US-101 Northbound at Exits 449 449A Tamalpais Dr. | Accident on I-80 Westbound at Exit 18 San Pablo Dam Rd.,3,12,"US-101 N, I-80 E, Junipero Serra Fwy N",Rain,52.4
2017-02-21 19:00:00,60.22,Lane blocked on entry ramp due to accident on US-101 Southbound at Exits 419A 419B Rollins Rd. | Lane blocked on entry ramp due to accident on US-101 Southbound at Exit 417 Poplar Ave.,2,4,"Bayshore Fwy S, I-80 E, John F Foran Fwy",Light Rain,52.3
2017-02-21 20:00:00,60.02,Accident on CA-85 Southbound at Exit 16 De Anza Blvd. | Accident on I-280 Southbound at Exit 44 Avalon Dr.,3,4,"CA-85 S, I-280 S, N De Anza Blvd",Light Rain,51.6
2017-02-21 21:00:00,60.35,Right hand shoulder blocked due to accident and vehicles spun around on I-280 Southbound after Exit 24 Sand Hill Rd. | Right hand shoulder blocked due to accident on CA-237 Eastbound after Exit 7 1st St.,3,5,"I-280 S, Southbay Fwy, E Castro Valley Blvd",Mostly Cloudy,50.6
2017-02-21 22:00:00,61.81,Accident on US-101 at Exits 447 447B CA-131 Blithedale Ave.,2,1,E Blithedale Ave,Partly Cloudy,51.8
2017-02-21 23:00:00,61.76,Right hand shoulder blocked due to accident now on the shoulder on US-101 Northbound at Exits 388B 388C I-880. | #1 lane blocked due to accident on CA-17 Northbound at Exits 21 22 Lark Ave.,2,3,"US-101 N, CA-17 N",Mostly Cloudy,50.0
2017-02-22 00:00:00,61.02,Right hand shoulder blocked due to accident now on the shoulder on I-280 Southbound at Exit 15 Eastbrook Ave.,3,1,I-280 S,Clear,46.0
2017-02-22 01:00:00,60.72,Lane blocked due to accident on CA-87 Guadalupe Pkwy Southbound at Exit 6B Julian St. | Lane blocked due to accident on US-101 Northbound at Exit 388A Oakland Rd.,2,5,"W Julian St, US-101 N, McHarry Ranch Rd",Clear,47.3
2017-02-22 02:00:00,60.75,At Caribbean Dr/Lawrence Expy - Accident.,3,1,Southbay Fwy,Scattered Clouds,45.0
2017-02-22 03:00:00,61.02,Lane blocked due to accident and vehicles spun around on CA-92 Eastbound at Exit 14A Fashion Island Blvd.,2,1,Mariners Island Blvd,Scattered Clouds,46.4
2017-02-22 04:00:00,62.43,Normal traffic flow,0,0,,Clear,58.4
2017-02-22 05:00:00,53.6,Ramp to I-280/US-101 - Accident.,2,1,I-680 N,Scattered Clouds,41.0
2017-02-22 06:00:00,30.98,At I-580 - Accident.,2,1,I-580 W,Clear,39.2
2017-02-22 07:00:00,28.77,At Brokaw Rd/1st St/Exit 389B - Accident. | At Carlson Blvd - Accident.,3,6,"Bayshore Fwy S, I-80 W, I-880 N",Clear,46.2
2017-02-22 08:00:00,26.85,Unknown lane blocked due to accident on US-101 Northbound at I-280. | Lane blocked due to accident on I-680 Southbound at Exit 1A US-101.,3,15,"James Lick Fwy N, I-680 S, US-101 N",Partly Cloudy,47.3
2017-02-22 09:00:00,22.91,At CA-17 - Accident. | At Paul Ave - Accident.,3,6,"CA-17 S, Bacon St, 23rd St",Mostly Cloudy,51.2
2017-02-22 10:00:00,41.94,#1 lane blocked due to accident on US-101 Southbound before Exit 426 Sierra Point Pkwy.,2,1,Bayshore Fwy S,Mostly Cloudy,53.1
2017-02-22 11:00:00,62.47,Accident on I-280 Northbound near Exits 49 49B CA-1. | #2 and #3 lane blocked due to accident on US-101 Southbound at Exits 430A 430B 431 I-280.,3,5,"I-280 N, I-280 S, CA-17 S",Mostly Cloudy,53.6
2017-02-22 12:00:00,63.11,#1 lane blocked due to accident on I-580 Westbound at Exits 19B 19C 19D 20 I-980. | #4 lane blocked and slow traffic due to accident on US-101 Southbound at Exit 432 Potrero Ave.,3,3,"I-580 E, James Lick Fwy S, John F Foran Fwy N",Mostly Cloudy,55.0
2017-02-22 13:00:00,62.76,Accident on CA-24 Eastbound at Exit 11 Acalanes Rd. | Accident on I-680 Northbound near Exit 1A US-101.,3,3,"CA-24 E, I-680 N, CA-242 S",Clear,54.8
2017-02-22 14:00:00,62.86,Normal traffic flow,0,0,,Clear,58.4
2017-02-22 15:00:00,61.91,Right hand shoulder blocked due to accident on I-280 Northbound at Exit 55 Indiana St. | Right hand shoulder blocked due to accident on Danville Blvd at Livorna Rd.,3,4,"John F Foran Fwy N, Danville Blvd, I-880 S",Scattered Clouds,55.0
2017-02-22 16:00:00,62.67,One lane blocked due to accident on I-680 Southbound at Exits 49 49A 49B 50 CA-242. | Accident on I-80 Eastbound on Oakland Bay Bridge.,3,4,"CA-242 S, San Francisco-Oakland Bay Brg E, CA-84 E",Scattered Clouds,54.1
2017-02-22 17:00:00,62.23,At Diablo Rd - Accident. | At Jackson Ave - Accident.,2,4,"I-680 N, I-880 N",Clear,50.0
2017-02-22 18:00:00,62.95,Lane blocked due to accident on I-280 Southbound at Exits 1C 5A 5B CA-17. | At Winchester Blvd - Accident.,3,4,"I-880 S, I-280 S, Bayshore Fwy S",Scattered Clouds,49.2
2017-02-22 19:00:00,63.65,Accident on I-680 Southbound at Exits 1D 2A Capitol Expy. | At Dyer St/Whipple Rd - Accident.,3,3,"I-680 S, I-880 N, US-101 N",Scattered Clouds,47.5
2017-02-22 20:00:00,62.99,Lane blocked due to accident on I-680 Northbound at Exit 1A US-101. | Lane blocked on exit ramp due to accident and spillage on I-680 Northbound at Exits 1B 1C King Rd.,3,2,I-680 N,Scattered Clouds,46.4
2017-02-22 21:00:00,62.93,Accident on Lewelling Blvd at Sharon St. | Right hand shoulder blocked due to accident on Foothill Expy at Homestead Rd.,2,3,"Lewelling Blvd, Foothill Expy, Bayshore Fwy S",Clear,47.3
2017-02-22 22:00:00,62.27,#3 lane blocked due to accident on I-280 Southbound at Exits 54 54A 54B US-101. | Accident on I-880 Northbound at Exit 23 Alvarado Niles Rd.,3,2,"I-280 S, I-880 N",Clear,47.0
2017-02-22 23:00:00,61.36,Accident on Piedmont Rd both ways around Whitman Way.,2,1,Piedmont Rd,Partly Cloudy,46.0
2017-02-23 00:00:00,66.46,Right hand shoulder blocked and 3rd &amp; 4th lane blocked due to accident now on the shoulder on I-580 Westbound at Exit 39 Eden Canyon Rd. | At I-280/I-880 - Accident.,3,2,"I-580 W, CA-17 N",Clear,44.6
2017-02-23 01:00:00,66.13,At Treasure Island Rd - Accident.,3,1,I-80 W,Partly Cloudy,46.9
2017-02-23 02:00:00,66.32,Slow lane blocked due to accident on I-280 Southbound at Exit 55 Pennsylvania Ave. | Lane blocked due to accident on CA-17 Northbound at I-880.,3,2,"Cesar Chavez, I-880 N",Clear,45.0
2017-02-23 03:00:00,66.32,Two lanes blocked due to accident on I-80 Eastbound at Exit 4A Treasure Is.,3,1,San Francisco-Oakland Bay Brg E,Clear,46.0
2017-02-23 04:00:00,68.31,Normal traffic flow,0,0,,Clear,58.4
2017-02-23 05:00:00,67.23,Normal traffic flow,0,0,,Clear,58.4
2017-02-23 06:00:00,62.45,Normal traffic flow,0,0,,Clear,58.4
2017-02-23 07:00:00,52.6,At I-280/I-880 - Accident. | At I-280/US-101 - Accident.,3,4,"CA-17 N, I-680 N, I-580 W",Clear,41.8
2017-02-23 08:00:00,57.85,At El Monte Rd - Accident. | At Curtner Ave/Exit 3 - Accident.,2,3,"Junipero Serra Fwy N, Guadalupe Fwy N, Warren Fwy N",Partly Cloudy,45.4
2017-02-23 09:00:00,63.05,Accident on I-80 Westbound near Exits 8A 8B I-880. | At Dyer St/Whipple Rd - Accident.,3,3,"I-80 W, I-880 N, I-580 W",Partly Cloudy,48.7
2017-02-23 10:00:00,65.22,Accident on Montague Expy at Mission College Blvd. | Accident on I-580 Westbound before Exit 46 Hacienda Dr.,3,6,"Montague Expy, Hacienda Dr, I-680 S",Clear,49.5
2017-02-23 11:00:00,65.92,#2 lane blocked due to accident on I-880 Northbound after Exit 24 Whipple Rd. | At Winchester Blvd - Accident. Left lane blocked.,3,3,"I-880 N, Winchester Blvd, I-580 E",Clear,51.3
2017-02-23 12:00:00,66.33,Slow lane blocked and heavy traffic due to accident on CA-84 Westbound at Quarry Rd. | At Marina Blvd - Accident. Left lane blocked.,3,5,"Bayfront Expy W, Nimitz Fwy S, Eastshore Fwy W",Clear,53.1
2017-02-23 13:00:00,65.83,Accident on I-880 Southbound at Exit 27 CA-92 Jackson St. | Accident on I-80 Eastbound before Exit 15 Potrero Ave.,3,5,"Nimitz Fwy S, Potrero Ave, N 1st St",Clear,53.5
2017-02-23 14:00:00,65.89,Accident on I-880 Southbound before Exits 30 31A I-238. | Accident on CA-85 Northbound at I-280.,3,9,"Nimitz Fwy S, Norman Y Mineta Hwy, I-680",Scattered Clouds,53.0
2017-02-23 15:00:00,65.23,Right hand shoulder blocked due to accident on I-80 Westbound at Exits 8A 8B I-880. | Accident on Berry Dr at Center Ave.,3,11,"I-80 W, Center Ave, I-880 S",Partly Cloudy,53.3
2017-02-23 16:00:00,65.53,#4 lane blocked due to accident on I-80 Eastbound at Exits 1 1C Bryant St. | At Richmond-San Rafael Brg - Accident.,3,4,"James Lick Fwy N, Richmond-San Rafael Brg, I-580 W",Partly Cloudy,52.4
2017-02-23 17:00:00,58.34,Three lanes blocked due to accident on I-280 Northbound at Exit 52 Bosworth St. | Lane blocked due to accident on I-80 Eastbound at Exits 1 1C Bryant St.,3,10,"John F Foran Fwy, James Lick Fwy N, US-101 N",Partly Cloudy,50.0
2017-02-23 18:00:00,65.78,Lane blocked on entry ramp due to accident on I-280 Southbound at Exits 4 5A Meridian Ave. | Lane blocked on exit ramp due to accident on I-680 Southbound at Exits 1D 2A Capitol Expy.,3,12,"I-280 S, I-680 S, James Lick Fwy S",Partly Cloudy,49.5
2017-02-23 19:00:00,67.31,Accident on Crow Canyon Rd at San Simeon Pl.,2,1,Crow Canyon Rd,Clear,48.0
2017-02-23 20:00:00,67.58,Middle lane blocked due to accident on CA-92 Eastbound after Exit 14B Chess Dr. | Accident on CA-242 Northbound at Exit 1C Concord Ave.,3,6,"Foster City Blvd, CA-242 N, I-580 E",Clear,46.5
2017-02-23 21:00:00,67.6,Right hand shoulder blocked due to accident on CA-237 Westbound before Exit 4 Fair Oaks Ave. | Accident on I-680 Northbound before Exit 39 Diablo Rd. On the median.,3,5,"CA-237 W, I-680 N, Benton St",Partly Cloudy,45.4
2017-02-23 22:00:00,67.38,Middle lane blocked due to accident on I-80 Eastbound at Exits 1 1C Bryant St. | Accident on I-880 Northbound at Exits 8A 8B 8C CA-237. On the median.,3,4,"James Lick Fwy N, I-880 N, I-680 N",Partly Cloudy,44.8
2017-02-23 23:00:00,66.96,Queueing traffic and 2nd lane blocked due to accident on I-880 Northbound at Exits 12 12A 12B CA-262 Mission Blvd.,3,1,I-880 N,Clear,46.4
2017-02-24 00:00:00,66.72,Normal traffic flow,0,0,,Clear,58.4
2017-02-24 01:00:00,66.62,Three lanes blocked due to accident on I-80 Eastbound at Exit 4A Treasure Is. | Lane blocked due to accident on 34th St both ways at McKee Rd.,3,3,"San Francisco-Oakland Bay Brg E, McKee Rd, I-580 E",Clear,38.6
2017-02-24 02:00:00,66.17,Normal traffic flow,0,0,,Clear,58.4
2017-02-24 03:00:00,66.82,One lane blocked due to accident on US-101 Southbound at Exits 384 385 Story Rd. | At Embarcadero Rd/Exit 402 - Accident.,3,2,US-101 N,Clear,36.5
2017-02-24 04:00:00,68.36,#4 and #5 lane blocked and delays due to recovery work and accident on I-880 Northbound at Exit 36 Hegenberger Rd.,3,1,I-880 N,Clear,37.9
2017-02-24 05:00:00,69.28,At CA-84/Decoto Rd - Accident.,2,1,Nimitz Fwy S,Clear,37.9
2017-02-24 06:00:00,66.03,Accident on I-880 Southbound at Winton Ave. | Right hand shoulder blocked due to accident on I-580 Eastbound at Park Blvd.,3,5,"Nimitz Fwy S, I-580 E, US-101 N",Clear,38.5
2017-02-24 07:00:00,63.38,At Cutting Blvd - Accident.,2,1,I-80 W,Clear,39.0
2017-02-24 08:00:00,46.7,Accident on CA-24 Westbound after Exit 6 Caldecott Ln. | At Curtner Ave/Exit 3 - Accident.,3,3,"CA-24 W, Guadalupe Fwy N, Nimitz Fwy S",Partly Cloudy,42.5
2017-02-24 09:00:00,46.62,At Grant St/Solano Way - Accident.,2,1,CA-242 S,Partly Cloudy,48.9
2017-02-24 10:00:00,59.0,Accident on I-280 Northbound after Exits 49 49B CA-1. | Accident on Fairway St at CA-238 Mission Blvd.,3,3,"John Daly Blvd, Mission Blvd, Richmond-San Rafael Brg",Partly Cloudy,52.0
2017-02-24 11:00:00,66.25,Accident on CA-87 Northbound before Exits 3 3A Curtner Ave.,2,1,Guadalupe Fwy N,Mostly Cloudy,53.1
2017-02-24 12:00:00,66.41,At Hesperian Blvd - Accident.,2,1,I-880 N,Scattered Clouds,54.0
2017-02-24 13:00:00,66.22,At Richmond-San Rafael Brg - Accident.,3,1,Richmond-San Rafael Brg,Clear,58.4
2017-02-24 14:00:00,66.42,Accident on I-280 Southbound before Sneath Lane.,3,1,I-280 S,Mostly Cloudy,54.0
2017-02-24 15:00:00,65.34,Accident on I-580 Eastbound at Exit 24 Montana St. | Right hand shoulder blocked due to accident on I-880 Northbound at Exit 35 98th Ave.,3,9,"I-580 E, I-880 N, I-680 S",Mostly Cloudy,54.8
2017-02-24 16:00:00,65.68,Right hand shoulder blocked due to accident on CA-92 Eastbound at Exit 24 Clawiter Rd.,2,1,CA-92 E,Clear,53.1
2017-02-24 17:00:00,65.54,#1 lane blocked due to accident on Kirker Pass Rd Northbound near Hess Rd. | Lane blocked due to accident on Stone Valley Oaks Dr at Eagle Ct.,2,4,"Kirker Pass Rd, Stone Valley Oaks Dr, Hacienda Ave",Clear,50.7
2017-02-24 18:00:00,65.38,Right hand shoulder blocked due to accident on I-680 Northbound before Exit 18B Sheridan Rd. | Right hand shoulder blocked due to accident on I-680 Northbound after Exit 15 Washington Blvd.,3,11,"I-680 N, I-680 S, James Lick Fwy N",Scattered Clouds,48.6
2017-02-24 19:00:00,67.51,Accident on CA-24 Eastbound after Exit 10 Saint Stephens Dr. | #3 lane blocked due to accident on US-101 Southbound before Exit 406 CA-84 Marsh Rd.,2,7,"CA-24 E, CA-84 E, I-580 E",Partly Cloudy,47.6
2017-02-24 20:00:00,67.82,Accident on Saratoga Ave Southbound at Doyle Rd. | Accident on County Hwy-G4 San Tomas Expy at Williams Rd.,3,6,"San Tomas Aquino Rd, Williams Rd, CA-84",Mostly Cloudy,47.0
2017-02-24 21:00:00,68.08,Right hand shoulder blocked due to accident on I-280 Southbound at Exits 3A 3B Bird Ave. | #3 lane blocked due to accident on US-101 Southbound at Exit 402 Embarcadero Rd.,3,5,"I-280 S, Bayshore Fwy S, I-680 N",Partly Cloudy,46.3
2017-02-24 22:00:00,68.15,Right hand shoulder blocked due to accident on CA-24 Eastbound at Exit 14 Pleasant Hill Rd. | Accident on US-101 Southbound at Exits 390 391 CA-87 Guadalupe Pkwy. On the median.,3,7,"CA-24 E, Bayshore Fwy S, I-880 S",Clear,46.6
2017-02-24 23:00:00,67.67,Accident on I-280 Southbound at Exit 29 Edgewood Rd. | Lane blocked due to accident on I-680 Northbound at Exit 18B Sheridan Rd.,3,4,"I-280 S, I-680 N, I-880 N",Clear,42.6
2017-02-25 00:00:00,67.15,Right hand shoulder blocked due to accident now on the shoulder on I-680 Southbound at Exits 18 18A Vargas Rd. | Right hand shoulder blocked due to accident on I-680 Northbound before Exits 18 18A Vargas Rd.,3,3,"I-680 S, Pinole Valley Rd",Clear,40.6
2017-02-25 01:00:00,66.82,Normal traffic flow,0,0,,Clear,58.4
2017-02-25 02:00:00,66.54,Normal traffic flow,0,0,,Clear,58.4
2017-02-25 03:00:00,66.47,Accident on CA-92 Eastbound at San Mateo Bridge. | At Hegenberger Rd - Accident.,3,2,"CA-92 E, I-880 N",Mostly Cloudy,44.0
2017-02-25 04:00:00,67.62,#4 lane blocked due to accident on US-101 Southbound at San Antonio Rd.,2,1,US-101 N,Mostly Cloudy,41.0
2017-02-25 05:00:00,68.29,Three lanes blocked due to accident on I-880 Northbound after Exit 36 Hegenberger Rd.,3,1,I-880 N,Scattered Clouds,42.1
2017-02-25 06:00:00,68.46,Accident on US-101 Southbound at Cortland Ave. | At Grand Ave - Accident.,2,2,"Cortland Ave, I-80 E",Partly Cloudy,42.0
2017-02-25 07:00:00,68.56,Accident and abandoned vehicle on I-880 Southbound at Exit 24 Whipple Rd. | Accident on Pescadero Creek Rd at Dearborn Park Rd.,3,4,"Nimitz Fwy S, Pescadero Creek Rd,  El Camino Real",Clear,43.9
2017-02-25 08:00:00,68.41,#1 lane blocked due to multi-vehicle accident on I-80 Eastbound at Exit 14A Central Ave. | Accident and vehicles spun around on I-80 Westbound at Exit 19B Hilltop Dr.,3,5,"I-80 E, I-80 W, CA-24 W",Clear,46.6
2017-02-25 09:00:00,67.42,Accident on CA-237 Westbound at Exit 3B Mathilda Ave.,2,1,CA-237 W,Clear,50.0
2017-02-25 10:00:00,66.44,Accident on CA-82 El Camino Real Southbound at Loyola Ave.,2,1,El Camino Real,Scattered Clouds,50.0
2017-02-25 11:00:00,65.61,Right hand shoulder blocked due to accident on I-680 Southbound at Exit 48 Main St.,3,1,I-680 S,Scattered Clouds,54.0
2017-02-25 12:00:00,66.27,Accident on I-880 Southbound at Exit 42B Market St.,3,1,I-880 S,Scattered Clouds,54.0
2017-02-25 13:00:00,66.48,#3 lane blocked due to accident on I-280 Northbound at Exit 1A McLaughlin Ave. | #3 lane blocked due to accident on US-101 Northbound at Exits 384 385 Story Rd.,3,3,"McLaughlin Ave, US-101 N",Scattered Clouds,57.3
2017-02-25 14:00:00,58.19,Right hand shoulder blocked due to accident on I-880 Southbound at Exits 4C 4D Gish Rd. | At 4th St/5th St - Accident.,3,2,"I-880 S, James Lick Fwy N",Mostly Cloudy,56.0
2017-02-25 15:00:00,65.27,Accident on Springdale Ave at Stoneridge Dr. | Accident and multi-vehicle accident on I-680 Southbound at Exits 18 18A Vargas Rd.,3,3,"Springdale Ave, I-680 S, I-580 E",Mostly Cloudy,53.4
2017-02-25 16:00:00,65.62,Right hand shoulder closed due to accident on I-880 Southbound at Exit 22 Fremont Blvd. | One lane blocked due to accident on I-880 Southbound at Exit 21 Decoto Rd.,3,2,"I-880 N, Nimitz Fwy S",Partly Cloudy,53.0
2017-02-25 17:00:00,65.11,Accident on CA-17 Northbound at I-880. | Right hand shoulder blocked due to multi-vehicle accident on CA-87 Northbound at Exits 3 3A Curtner Ave.,2,2,"I-880 N, Guadalupe Fwy N",Overcast,53.1
2017-02-25 18:00:00,65.52,Right hand shoulder blocked due to accident on US-101 Northbound at Exit 433A Vermont St. | Right hand shoulder blocked due to accident on CA-84 Eastbound at Quarry Rd.,3,6,"James Lick Fwy N, CA-84 W, I-580 E",Overcast,51.6
2017-02-25 19:00:00,67.96,Right hand shoulder blocked due to accident on CA-87 Guadalupe Pkwy Northbound at Exits 4 5 6 I-280. | Accident on A St at Hesperian Blvd.,3,3,"Guadalupe Pkwy N, W A St, The Alameda",Overcast,50.4
2017-02-25 20:00:00,67.74,Right hand shoulder blocked due to accident on I-80 Eastbound at Exit 18 San Pablo Dam Rd.,3,1,I-80 E,Clear,48.9
2017-02-25 21:00:00,67.75,Right hand shoulder blocked due to accident on CA-35 Skyline Blvd at Westmoor Ave. | Right hand shoulder blocked due to multi-vehicle accident on I-680 Southbound at Exit 47 Main St.,3,2,"Westmoor Ave, I-680 S",Clear,47.0
2017-02-25 22:00:00,68.18,Accident on I-680 Northbound at Exit 44 Rudgear Rd. | Right hand shoulder blocked due to accident on CA-13 Warren Fwy Northbound at Exit 1C Redwood Rd.,3,2,"I-680 S, Warren Fwy N",Clear,47.5
2017-02-25 23:00:00,67.48,Normal traffic flow,0,0,,Clear,58.4
2017-02-26 00:00:00,61.61,Accident on I-80 I-580 Westbound at Exit 10 I-580. | Accident on I-680 Southbound at Exit 41 El Pintado Rd.,3,2,"I-580 W, El Pintado Rd",Clear,43.4
2017-02-26 01:00:00,61.31,Right hand shoulder blocked due to accident on US-101 Southbound at Exits 396A 396B Mathilda Ave.,2,1,Bayshore Fwy S,Clear,45.0
2017-02-26 02:00:00,62.53,Accident and vehicle fire on CA-1 Coast Hwy Northbound at CA-1 Coast Hwy Cabrillo Hwy.,2,1,Coast Hwy,Partly Cloudy,46.4
2017-02-26 03:00:00,61.12,Fast lane blocked due to accident on US-101 Southbound at Exit 422 Airport Access Rd. | Accident on Hesperian Blvd at Paseo Grande.,2,2,"Bayshore Fwy S, Paseo Grande",Clear,42.6
2017-02-26 04:00:00,61.07,Normal traffic flow,0,0,,Clear,58.4
2017-02-26 05:00:00,61.52,Accident on I-580 Westbound at Exit 13 I-80. | Right hand shoulder blocked due to accident on I-680 Northbound at Exit 8 CA-237 Calaveras Blvd.,3,2,"I-80 E, I-680 N",Clear,39.9
2017-02-26 06:00:00,62.3,Normal traffic flow,0,0,,Clear,58.4
2017-02-26 07:00:00,62.73,Normal traffic flow,0,0,,Clear,58.4
2017-02-26 08:00:00,63.18,Normal traffic flow,0,0,,Clear,58.4
2017-02-26 09:00:00,63.97,Accident on CA-17 Southbound at Exit 23 County Hwy-G4 Camden Ave.,2,1,CA-17 S,Partly Cloudy,51.1
2017-02-26 10:00:00,63.91,Normal traffic flow,0,0,,Clear,58.4
2017-02-26 11:00:00,63.25,Accident on I-80 I-580 Westbound at I-580.,3,1,I-80 W,Partly Cloudy,53.1
2017-02-26 12:00:00,61.07,Accident on 2nd St at Silver Ave. | Right hand shoulder blocked due to accident on Castro Valley Blvd at I-580.,2,2,"2nd St, Castro Valley Blvd",Clear,56.9
2017-02-26 13:00:00,61.74,Multi-vehicle accident on US-101 Northbound at Exits 386A 386B McKee Rd. | Slow lane blocked due to accident on I-580 Eastbound at Exit 11 I-80 I-580.,3,2,"US-101 N, I-580 W",Partly Cloudy,58.4
2017-02-26 14:00:00,60.36,Accident on Bay Rd at Warrington Ave.,2,1,Bay Rd,Scattered Clouds,55.4
2017-02-26 15:00:00,61.84,Normal traffic flow,0,0,,Clear,58.4
2017-02-26 16:00:00,62.65,One lane blocked due to accident on I-80 Westbound at Exits 8A 8B I-880. | Accident on Montague Expy at I-680.,3,2,"I-80 W, Montague Expy",Mostly Cloudy,54.5
2017-02-26 17:00:00,63.65,Accident on Ocean Ave Southbound at I-280. | Right hand shoulder blocked due to accident on US-101 Southbound at Exit 408 Woodside Rd.,3,4,"I-280 S, US-101 N, Nimitz Fwy S",Mostly Cloudy,52.2
2017-02-26 18:00:00,63.05,Accident on US-101 Van Ness Ave Northbound at Van Ness Ave. | Between Fremont St/Harrison St and Bay Brg - Accident.,3,2,"S Van Ness Ave, James Lick Fwy N",Mostly Cloudy,51.6
2017-02-26 19:00:00,63.33,Accident on Palmer Ln at Fair Oaks Ave. | Right hand shoulder blocked due to accident on US-101 Northbound at Exit 454A Hammondale Ct.,3,6,"Fair Oaks Ave, US-101 N, I-580 W",Mostly Cloudy,50.4
2017-02-26 20:00:00,62.52,Accident on CA-85 Southbound at Exits 10 11A CA-17. | Accident on I-280 Northbound at Exit 45 Westborough Blvd.,3,2,"CA-17 S, I-280 S",Mostly Cloudy,49.4
2017-02-26 21:00:00,62.99,Accident on Via San Ardo at Via Coralla. | One lane blocked due to accident on I-280 Southbound at Exit 29 Edgewood Rd.,3,4,"Via San Ardo, I-280 S, I-580 E",Overcast,48.0
2017-02-26 22:00:00,62.18,Accident on I-80 Eastbound at Exits 1 1C Bryant St. | One lane blocked due to accident on US-101 Van Ness Ave Southbound at Van Ness Ave.,3,4,"James Lick Fwy N, S Van Ness Ave, Hesperian Blvd",Overcast,48.0
2017-02-26 23:00:00,61.73,Accident on I-80 I-580 Westbound at Exit 10 I-580. | Lane blocked and queueing traffic due to accident on I-80 I-580 Westbound at Exit 10 I-580.,3,5,"Eastshore Fwy W, I-580 W, Marina Blvd",Overcast,48.4
2017-02-27 00:00:00,66.88,Accident on I-580 Westbound at Exit 12 I-80 I-580. | Accident on I-580 Westbound at Exits 44B 45 I-680.,3,3,"I-580 W, I-580 E, Piedmont Rd",Overcast,46.3
2017-02-27 01:00:00,66.48,Right hand shoulder blocked due to accident on I-680 Southbound at Exit 34 Bollinger Canyon Rd. | Lane blocked due to accident on I-80 Westbound at Exits 8A 8B I-880.,3,3,"I-680 S, I-80 W, Alhambra Ave",Overcast,45.3
2017-02-27 02:00:00,66.39,Lane blocked due to accident on US-101 Southbound at Exits 420 421 Millbrae Ave.,2,1,Millbrae Ave,Light Rain,46.9
2017-02-27 03:00:00,67.03,One lane blocked due to accident on I-880 Southbound at Exit 5 Brokaw Rd. | One lane blocked due to accident on CA-24 Westbound at Exits 4 4A 4B Miles Ave.,3,3,"E Brokaw Rd, Patton St, Foothill Blvd",Mostly Cloudy,45.7
2017-02-27 04:00:00,68.48,Normal traffic flow,0,0,,Clear,58.4
2017-02-27 05:00:00,68.17,At Old Middlefield Way/Exit 399B - Accident.,2,1,US-101 N,Partly Cloudy,44.1
2017-02-27 06:00:00,59.59,At Whipple Ave/Exit 409 - Accident. | At Dyer St/Whipple Rd - Accident.,2,3,"US-101 N, Nimitz Fwy S, CA-84 W",Clear,42.9
2017-02-27 07:00:00,44.2,Accident on I-680 Southbound at Exits 18 18A Vargas Rd. | At Lawrence Expy - Accident.,3,4,"I-680 S, Junipero Serra Fwy N, Thornton Ave",Partly Cloudy,44.9
2017-02-27 08:00:00,42.82,Accident on US-101 Northbound before Exits 398B 399 399A 399B CA-85. | #1 lane blocked due to accident on US-101 Northbound before Exit 409 Whipple Ave.,3,6,"US-101 N, Bayshore Fwy S, CA-242 S",Partly Cloudy,47.3
2017-02-27 09:00:00,39.24,#2 lane blocked due to accident on I-880 Southbound before Exit 24 Whipple Rd. | Accident on US-101 Northbound before Exits 381 382 Yerba Buena Rd.,3,2,"Nimitz Fwy S, Yerba Buena Rd",Mostly Cloudy,49.4
2017-02-27 10:00:00,65.09,Accident on I-280 Southbound at Exit 47A Serramonte Blvd. | #2 lane blocked due to accident on US-101 Southbound before Exit 414B CA-92.,3,8,"I-280 S, Bayshore Fwy S, Nimitz Fwy S",Partly Cloudy,50.7
2017-02-27 11:00:00,67.68,Lane blocked due to accident on CA-24 Westbound before Exits 4 4A 4B Miles Ave. | Lane blocked on exit ramp due to accident on I-280 Southbound at Exits 4 5A Meridian Ave.,3,4,"CA-24 W, I-280 S, I-580 W",Partly Cloudy,52.5
2017-02-27 12:00:00,67.48,Lane blocked on entry ramp due to accident on CA-24 Eastbound at Exit 3 Claremont Ave. | Slow traffic due to accident on CA-17 Northbound after Hamilton Ave. On the median.,3,5,"Grove Shafter Fwy E, CA-17 S, El Charro Rd",Partly Cloudy,54.4
2017-02-27 13:00:00,67.5,Normal traffic flow,0,0,,Clear,58.4
2017-02-27 14:00:00,66.73,Right and center lane blocked due to accident on I-80 Westbound at Exits 16 16B Barrett Ave. | Accident on CA-185 Mission Blvd at Cherry Way.,3,5,"I-80 W, Mission Blvd, Broadway",Partly Cloudy,55.4
2017-02-27 15:00:00,66.39,#1 lane blocked due to accident on I-80 Westbound at Exit 14A Central Ave. | Accident on I-80 Westbound at Exit 20 Blume Dr.,3,8,"I-80 W, Nimitz Fwy S, I-880 N",Partly Cloudy,55.1
2017-02-27 16:00:00,66.26,Slow lane blocked due to accident on CA-87 Northbound at Exits 3 3A Curtner Ave. | Right hand shoulder blocked due to accident on A St Northbound at Happyland Ave.,2,4,"Guadalupe Fwy N, Happyland Ave, I-680 N",Partly Cloudy,53.8
2017-02-27 17:00:00,65.5,#1 lane blocked due to accident on CA-92 Eastbound in Redwood City. | #4 lane blocked due to accident on US-101 Northbound before Exit 414B CA-92.,3,4,"CA-92 E, US-101 N, CA-24 W",Partly Cloudy,51.2
2017-02-27 18:00:00,66.15,#2/3 lane blocked and right hand shoulder blocked due to accident on US-101 Southbound after Exits 425B 425C 426A 426B Oyster Point Blvd. | Accident on CA-4 Eastbound after Exits 12B 12C I-680. On the median.,3,12,"Bayshore Fwy S, CA-4 E, CA-92 E",Clear,49.0
2017-02-27 19:00:00,67.54,Accident on US-101 Southbound at Exits 388B 388C I-880. | Accident on CA-114 Willow Rd Southbound at US-101.,3,12,"Bayshore Fwy S, Pleasant Valley Dr, I-680 S",Partly Cloudy,47.8
2017-02-27 20:00:00,68.28,Right hand shoulder blocked due to accident on I-80 Eastbound before Exit 17 Amador St. | Accident on I-680 Northbound before Treat Blvd.,3,7,"I-80 W, I-680 S, John F Foran Fwy",Clear,47.9
2017-02-27 21:00:00,68.24,Accident on CA-237 Westbound before CA-85 Exits 22A. On the median. | Right hand shoulder blocked due to accident on Homestead Rd Southbound at County Hwy-G2 Lawrence Expy.,2,2,"CA-237 W, Homestead Rd",Clear,46.4
2017-02-27 22:00:00,68.27,Accident on US-101 Northbound at Exits 424 425A Airport Blvd. | Accident on Pacheco Blvd at Center Ave.,2,2,"S Airport Blvd, Pacheco Blvd",Clear,47.4
2017-02-27 23:00:00,67.63,Accident on I-80 Eastbound at Exit 4A Treasure Is.,3,1,San Francisco-Oakland Bay Brg E,Clear,46.9
2017-02-28 00:00:00,61.23,Normal traffic flow,0,0,,Clear,58.4
2017-02-28 01:00:00,61.0,Accident on San Pablo Dam Rd both ways at Appian Way. | Accident on 168th Ave both ways before Carriage Ln.,2,2,"La Colina Rd, 168th Ave",Clear,42.6
2017-02-28 02:00:00,60.9,Normal traffic flow,0,0,,Clear,58.4
2017-02-28 03:00:00,61.36,Normal traffic flow,0,0,,Clear,58.4
2017-02-28 04:00:00,62.67,Accident on I-280 Northbound at Exit 52 Bosworth St.,3,1,John F Foran Fwy,Partly Cloudy,45.0
2017-02-28 05:00:00,62.12,Slow lane blocked due to accident on CA-17 Southbound after I-280 .,2,1,I-880 S,Clear,39.9
2017-02-28 06:00:00,41.56,Right hand shoulder blocked due to accident on I-880 Southbound before US-101 . | At I-238/Lewelling Blvd - Accident.,3,4,"I-880 S, Nimitz Fwy S, James Lick Fwy S",Clear,40.2
2017-02-28 07:00:00,22.94,At CA-238 - Accident. Left lane blocked. | At CA-109/University Ave/Exit 403 - Accident. Left lane blocked.,2,6,"I-580 E, Bayshore Fwy S, Norman Y Mineta Hwy",Clear,42.6
2017-02-28 08:00:00,25.16,Accident on US-101 Northbound at Exits 419A 419B Rollins Rd. | At CA-237/Calaveras Blvd - Accident.,2,6,"US-101 N, I-680 S, I-580 E",Clear,45.6
2017-02-28 09:00:00,22.97,Accident on I-680 Southbound after Exit 25 Pleasanton Sunol Rd. | Slow lane blocked due to accident on US-101 Southbound at Exit 432 Potrero Ave.,3,5,"I-680 S, James Lick Fwy S, Lewelling Blvd",Clear,48.0
2017-02-28 10:00:00,48.95,Delays due to accident on CA-87 Northbound at Exits 1 1D Capitol Expy. | Lane blocked on exit ramp due to accident on I-680 Southbound at Exit 8 CA-237 Calaveras Blvd.,3,3,"Guadalupe Fwy N, E Calaveras Blvd, Nimitz Fwy S",Clear,50.7
2017-02-28 11:00:00,63.08,Accident on US-101 Southbound after Exits 400B 400C San Antonio Rd. | Accident on US-101 Northbound at Exit 380 Hellyer Ave.,3,4,"US-101 N, N Mathilda Ave, I-680 S",Clear,54.2
2017-02-28 12:00:00,62.08,Right hand shoulder blocked due to accident on CA-17 Northbound at I-880. | Left lane blocked and heavy traffic due to accident on CA-24 Eastbound at Exit 14 Pleasant Hill Rd.,3,7,"Junipero Serra Fwy N, Pleasant Hill Rd, Oak Hill Rd",Partly Cloudy,56.3
2017-02-28 13:00:00,62.69,Accident on Winding Blvd at 166th Ave. | Accident on I-880 Southbound before Exits 12 12A 12B CA-262 Mission Blvd.,3,2,"Winding Blvd, Nimitz Fwy S",Clear,58.4
2017-02-28 14:00:00,62.28,Normal traffic flow,0,0,,Clear,58.4
2017-02-28 15:00:00,59.95,At US-101/Redwood Hwy - Accident.,2,1, Tiburon Blvd,Clear,57.2
2017-02-28 16:00:00,60.45,Accident on I-580 Westbound at Exits 9 9A 9B Harbour Way. | Accident on I-880 Southbound at Exit 41B I-980.,3,3,"I-580 W, Nimitz Fwy S, I-80 W",Partly Cloudy,57.3
2017-02-28 17:00:00,61.12,Lane blocked on exit ramp due to accident on I-80 I-580 Westbound at Exit 9 I-580. | At 3rd Ave/Exit 416 - Accident.,3,5,"I-580 W, Bayshore Fwy N, CA-17 S",Partly Cloudy,55.3
2017-02-28 18:00:00,60.72,Accident on CA-4 Westbound at Exit 12A Pacheco Blvd. | Lane blocked on exit ramp due to accident on US-101 Northbound at Exits 447 447B CA-131 Blithedale Ave.,3,11,"John Muir Pkwy E, Tiburon Blvd, Claremont Ave",Clear,51.8
2017-02-28 19:00:00,61.45,Lane blocked on entry ramp due to accident on I-80 Westbound at Exit 4A Treasure Is. | Accident on CA-24 Eastbound at Exit 12 Oak Hill Rd.,3,5,"San Francisco-Oakland Bay Brg E, Oak Hill Rd, 164th Ave",Clear,51.2
2017-02-28 20:00:00,62.48,Right hand shoulder blocked due to accident on CA-17 Southbound at Exit 23 County Hwy-G4 Camden Ave. | Accident on I-680 Southbound at Exit 15 Washington Blvd.,3,4,"CA-17 S, I-680 S, Bayshore Fwy N",Clear,49.7
2017-02-28 21:00:00,61.98,#1&amp;#2 lane blocked due to accident on I-80 Eastbound at Exit 15 Cutting Blvd. | Right hand shoulder blocked due to accident on I-880 Northbound at Exits 12 12A 12B CA-262 Mission Blvd.,3,6,"I-80 E, I-880 N, Guadalupe Pkwy N",Clear,48.0
2017-02-28 22:00:00,62.33,Accident on CA-85 Southbound at Exits 24B 24C US-101. On the median. | Accident on I-880 Northbound at Exit 8A Great Mall Pkwy. On the median.,3,5,"Norman Y Mineta Hwy, I-880 N, I-680 S",Clear,48.0
2017-02-28 23:00:00,61.61,Right hand shoulder blocked due to accident now on the shoulder on US-101 Northbound at Exit 414B CA-92. | Lane blocked and queueing traffic due to accident on US-101 Northbound at Exits 390 391 CA-87 Guadalupe Pkwy.,3,4,"US-101 N, Bayshore Fwy N, CA-92 E",Clear,43.3
2017-03-01 00:00:00,65.23,At CR-G8/Almaden Expy/Exit 3B - Accident.,2,1,Guadalupe Fwy N,Clear,42.1
2017-03-01 01:00:00,68.56,Right hand shoulder blocked due to accident on I-880 Northbound at Exit 23 Alvarado Niles Rd. | One lane blocked due to accident on CA-87 Northbound at County Hwy-G8 Almaden Expy.,3,2,"Alvarado Niles Rd, Almaden Expy",Clear,43.0
2017-03-01 02:00:00,68.07,Normal traffic flow,0,0,,Clear,58.4
2017-03-01 03:00:00,67.79,At Jackson St - Accident.,2,1,W Jackson St,Clear,42.1
2017-03-01 04:00:00,68.8,One lane blocked due to accident on I-680 Northbound at Exit 25 Pleasanton Sunol Rd.,3,1,I-680 S,Clear,37.0
2017-03-01 05:00:00,60.58,Accident on Westborough Blvd both ways at Junipero Serra Blvd. | At Brokaw Rd - Accident. Right lane blocked.,2,2,"Westborough Blvd, I-880 N",Clear,42.0
2017-03-01 06:00:00,40.91,Accident on CA-92 Jackson St Eastbound before Santa Clara St. | Slow lane blocked due to accident on I-880 Northbound after US-101 .,3,5,"W Jackson St, I-880 N,  S Bascom Ave",Clear,40.0
2017-03-01 07:00:00,21.32,Accident on I-680 Southbound before Exit 39 Diablo Rd. | Accident on I-880 Northbound before Exit 5 Brokaw Rd.,3,8,"Diablo Rd, E Brokaw Rd, I-880 N",Clear,42.2
2017-03-01 08:00:00,21.62,Accident on US-101 Northbound before Exits 386A 386B McKee Rd. | Accident on US-101 Northbound before CA-130 Alum Rock Ave.,3,5,"Bayshore Fwy S, Alum Rock Ave, Junipero Serra Fwy N",Clear,44.6
2017-03-01 09:00:00,21.98,Right hand shoulder blocked due to accident on CA-87 Guadalupe Pkwy Northbound before Exits 9A 9B US-101. | Accident on I-580 Westbound before Exits 29 29A 98th Ave.,3,6,"US-101 N, I-580 E, Guadalupe Pkwy N",Clear,50.3
2017-03-01 10:00:00,45.45,Accident on US-101 Northbound before Exit 388A Oakland Rd. | Accident on I-580 Westbound before Exit 12 Central Ave.,3,6,"US-101 N, Central Ave, El Portal Dr",Clear,54.7
2017-03-01 11:00:00,64.76,Accident on I-580 Westbound at Exit 27A Edwards Ave. | Accident on US-101 Northbound before Exit 397 Ellis St.,3,5,"I-580 W, US-101 N, I-80 W",Clear,56.2
2017-03-01 12:00:00,66.13,#2 lane blocked due to accident on I-880 Northbound at Exits 33A 33B Marina Blvd. | Slow lane blocked and heavy traffic due to accident on I-680 Southbound at Exits 1B 1C King Rd.,3,5,"I-880 N, S King Rd, Paloverde Rd",Clear,57.8
2017-03-01 13:00:00,64.87,Accident on Allview Ave at Mitchell Way. | Right hand shoulder blocked due to accident on I-280 Southbound at Exits 1C 5A 5B CA-17.,3,4,"Allview Ave, I-880 S, Oyster Point Blvd",Clear,61.0
2017-03-01 14:00:00,64.2,At CA-242/Gregory Ln - Accident.,2,1,I-680 N,Clear,64.0
2017-03-01 15:00:00,63.57,#1 lane blocked due to accident on CA-24 Eastbound at Exit 3 Claremont Ave. | Right hand shoulder blocked and Left lane blocked due to accident on CA-24 Eastbound at Exit 3 Claremont Ave.,2,7,"Grove Shafter Fwy E, Telegraph Ave, CA-85 S",Clear,61.9
2017-03-01 16:00:00,63.46,Right hand shoulder blocked due to accident on I-580 Eastbound at Exits 34 35 I-238. | Accident on Hollis St at Ofarrell St.,3,11,"I-580 E, O'Farrell St, Nimitz Fwy S",Clear,60.9
2017-03-01 17:00:00,62.71,At CA-84/Thornton Ave - Accident. | At De Anza Blvd - Accident.,2,2,"I-880 N, CA-85 S",Clear,59.2
2017-03-01 18:00:00,62.51,Accident on I-680 Northbound at Exits 49 49A 49B 50 CA-242. | Lane blocked on exit ramp due to accident on I-80 Eastbound at Exit 14A Central Ave.,3,8,"CA-242 N, I-80 W, Norman Y Mineta Hwy",Clear,54.8
2017-03-01 19:00:00,64.48,Lane blocked due to accident on I-880 Northbound at scales. | Lane blocked on exit ramp due to accident on US-101 Northbound at Exit 432 Potrero Ave.,3,6,"I-880 N, James Lick Fwy N, CA-24 E",Clear,53.6
2017-03-01 20:00:00,65.81,Accident on CA-85 Southbound before Exit 8 Camden Ave. | Accident on CA-1 Northbound at Exits 509 509A Clarinada Ave.,3,3,"CA-85 S, Cabrillo Hwy N, Nimitz Fwy S",Clear,53.0
2017-03-01 21:00:00,67.18,Right hand shoulder blocked due to accident on I-680 Southbound at Exit 34 Bollinger Canyon Rd. | Accident on I-280 Southbound at Exit 9 County Hwy-G2 Lawrence Expy.,3,8,"I-680 S, I-280 S, 23rd Ave",Clear,50.1
2017-03-01 22:00:00,68.05,Accident on I-680 Northbound at Exit 48 Main St. | Accident on US-101 Southbound at Exits 433 433B 433C San Francisco-Oakland Bay Bridge.,3,5,"I-680 S, San Bruno Ave, I-580 W",Clear,48.8
2017-03-01 23:00:00,68.67,Right hand shoulder blocked due to accident now on the shoulder on I-880 Southbound at Exit 40 Embarcadero. | Accident on CA-237 Eastbound at Exit 2 Service Rd.,3,2,"Nimitz Fwy S, Southbay Fwy",Clear,46.9
2017-03-02 00:00:00,64.95,Normal traffic flow,0,0,,Clear,58.4
2017-03-02 01:00:00,67.09,One lane blocked due to accident on US-101 Southbound at Exits 388B 388C I-880.,2,1,I-880 S,Clear,43.0
2017-03-02 02:00:00,67.31,Right hand shoulder blocked due to accident on I-580 Eastbound at Exits 26 26A 26B Mountain Blvd.,3,1,Kuhnle Ave,Clear,43.0
2017-03-02 03:00:00,67.48,Lane blocked due to accident on I-880 Southbound at Exit 41B I-980.,3,1,I-880 S,Clear,43.0
2017-03-02 04:00:00,68.31,Normal traffic flow,0,0,,Clear,58.4
2017-03-02 05:00:00,64.38,At Fitzgerald Dr/Richmond Pky - Accident. Right lane blocked. | At First St - Accident.,2,2,"I-80 W, CA-237 W",Clear,39.9
2017-03-02 06:00:00,44.41,Normal traffic flow,0,0,,Clear,58.4
2017-03-02 07:00:00,23.38,At Union Ave - Accident. | Ramp to Eastbound I-380 Acc - Accident. Left lane blocked.,2,2,"Norman Y Mineta Hwy, Junipero Serra Fwy N",Partly Cloudy,46.8
2017-03-02 08:00:00,21.98,#2 lane blocked due to accident on I-80 Westbound at Exit 22 Pinole Valley Rd. | Accident on I-238 Northbound near Exit 14 I-580.,3,4,"I-80 W, I-238 N, I-680 N",Clear,47.3
2017-03-02 09:00:00,22.59,Accident on I-580 Eastbound before Exit 21B Grand Ave. | Accident on I-580 Westbound at Gilman St.,3,5,"I-580 E, Eastshore Fwy W, I-80 W",Partly Cloudy,52.2
2017-03-02 10:00:00,41.08,Accident on Garcia Ranch Rd at Bear Creek Rd. | Accident on CA-85 Northbound before Exit 9 Union Ave.,3,4,"Bear Creek Rd, Norman Y Mineta Hwy, Junipero Serra Fwy N",Scattered Clouds,55.8
2017-03-02 11:00:00,63.35,Lane blocked on exit ramp due to accident on I-680 Southbound at Exit 26 Bernal Ave. | Accident on I-280 Northbound at Exit 10 Wolfe Rd.,3,3,"I-680 S, Junipero Serra Fwy N, James Lick Fwy N",Clear,58.0
2017-03-02 12:00:00,63.33,#1 lane blocked due to accident on County Hwy-G4 San Tomas Expy Northbound at Cabrillo Ave. | Center lane blocked slow traffic and right hand shoulder blocked due to accident on I-680 Northbound at Exit 8 CA-237 Calaveras Blvd.,3,4,"Cabrillo Ave, Sinclair Fwy N, Scott St",Mostly Cloudy,62.8
2017-03-02 13:00:00,63.74,Accident on US-101 Northbound before Exit 392 County Hwy-G4 San Tomas Expy. | Accident on CA-17 Northbound before I-880.,2,4,"Bayshore Fwy S, I-280 S, CA-17 N",Scattered Clouds,63.0
2017-03-02 14:00:00,63.76,Accident on US-101 Southbound after Exit 429A Alanna Way. | Accident on Castro Valley Blvd at Norbridge Ave.,2,4,"Bayshore Fwy S, Castro Valley Blvd, CA-92 E",Partly Cloudy,64.0
2017-03-02 15:00:00,63.08,Accident on Center St at Fernwood Ct. | At Avalon Dr - Accident.,2,6,"Fernwood Ct, Junipero Serra Fwy N, I-80 W",Partly Cloudy,64.7
2017-03-02 16:00:00,64.33,Right hand shoulder blocked due to accident on I-80 Westbound at Exits 2B 2C Harrison St. | Right hand shoulder blocked due to accident on I-880 Northbound at Exit 29 A St.,3,7,"James Lick Fwy N, I-880 N, Nimitz Fwy S",Partly Cloudy,64.8
2017-03-02 17:00:00,64.38,Lane blocked on exit ramp due to accident on CA-92 Eastbound at Exit 14B Chess Dr. | At San Antonio Rd/Exit 400B/Exit 400C - Accident.,2,3,"CA-92 E, US-101 N, I-580 E",Clear,60.6
2017-03-02 18:00:00,62.16,Lane blocked on entry ramp due to accident on I-80 Westbound at Exit 4A Treasure Is. | Lane blocked on exit ramp due to accident on I-280 Northbound at Exit 44 Avalon Dr.,3,9,"San Francisco-Oakland Bay Brg E, Junipero Serra Fwy N, Nimitz Fwy S",Clear,57.0
2017-03-02 19:00:00,64.54,Lane blocked on exit ramp due to accident on I-80 Eastbound at Exit 14A Central Ave. | Lane blocked on entry ramp from two due to accident on CA-237 Eastbound at Exit 5 County Hwy-G2 Lawrence Expy.,3,8,"Central Ave, Southbay Fwy, San Francisco-Oakland Bay Bridge",Clear,55.7
2017-03-02 20:00:00,66.62,Lane blocked and queueing traffic due to accident on I-280 Southbound at Exit 22 Alpine Rd. | Lane blocked due to accident on US-101 Northbound at Exits 400B 400C San Antonio Rd.,3,3,"I-280 S, US-101 N, John Muir Pkwy E",Clear,54.3
2017-03-02 21:00:00,67.03,Accident on County Hwy-G4 Montague Expy at Trimble Rd. | Right hand shoulder blocked due to accident on US-101 Northbound at Exits 423A 423B 423C I-380.,3,4,"E Trimble Rd, US-101 N, I-80 E",Clear,51.0
2017-03-02 22:00:00,68.35,Accident on I-80 Westbound at Exit 17 Amador St.,3,1,I-80 W,Clear,48.9
2017-03-02 23:00:00,68.53,Accident on US-101 Southbound at Exit 414B CA-92. | Accident on I-680 Northbound at Exit 43 Livorna Rd.,4,5,"Bayshore Fwy S, I-680 N, Embarcadero Rd",Clear,52.5
2017-03-03 00:00:00,61.44,Multi-vehicle accident on US-101 Northbound at Exits 450A 450B Redwood Hwy. On the median. Approach with care.,2,1,US-101 N,Clear,42.8
2017-03-03 01:00:00,61.03,One lane blocked due to accident on US-101 Southbound at Exit 402 Embarcadero Rd. | Lane blocked due to accident on County Hwy-G2 Lawrence Expy both ways at Pruneridge Ave.,3,3,"Embarcadero Rd, Pruneridge Ave, CA-84",Clear,43.9
2017-03-03 02:00:00,60.98,Lane blocked due to accident on I-80 Eastbound at Exit 21 Appian Way. | Lane blocked due to accident on I-880 Northbound at Exit 40 Embarcadero.,3,4,"I-80 E, Nimitz Fwy S, I-880 N",Clear,46.2
2017-03-03 03:00:00,61.27,Ramp closed to Embarcadero Rd - Road closed due to accident. | Ramp closed to Exit 402 - Road closed due to accident.,4,2,US-101 N,Mostly Cloudy,42.8
2017-03-03 04:00:00,63.23,Accident on CA-92 San Mateo Rd both ways at CA-1 Cabrillo Hwy.,2,1,San Mateo Rd,Scattered Clouds,41.0
2017-03-03 05:00:00,66.45,Normal traffic flow,0,0,,Clear,58.4
2017-03-03 06:00:00,45.38,At Tully Rd - Accident.,2,1,Bayshore Fwy S,Clear,41.0
2017-03-03 07:00:00,25.88,Normal traffic flow,0,0,,Clear,58.4
2017-03-03 08:00:00,26.43,Right hand shoulder blocked due to accident on CA-24 Eastbound at Exit 14 Pleasant Hill Rd. | Accident on County Hwy-G2 Lawrence Expy at Monroe St.,3,3,"Pleasant Hill Rd, Monroe St, I-580 W",Clear,45.6
2017-03-03 09:00:00,22.88,Accident on I-80 Westbound after Toll Plaza. | Accident on US-101 Southbound before Exits 385A 385B I-680.,3,5,"I-80 W, I-680 N, Bayshore Fwy S",Clear,55.8
2017-03-03 10:00:00,57.21,Normal traffic flow,0,0,,Clear,58.4
2017-03-03 11:00:00,59.36,Accident on I-580 Eastbound at Exits 19B 19C 19D 20 I-980. | Accident on Airway Blvd at Canyons Pkwy.,3,4,"I-580 E, Airway Blvd, Warren Fwy N",Mostly Cloudy,58.8
2017-03-03 12:00:00,63.0,Accident on Sextant Ct at Shoal Dr. | At Santa Cruz Ave - Accident.,2,5,"Sextant Ct,  Santa Cruz Hwy, I-238 S",Mostly Cloudy,61.1
2017-03-03 13:00:00,63.89,Accident on I-880 Southbound before Exit 37 66th Ave. | Accident on I-280 Northbound near Exits 1 1B 2 11th St.,3,2,"Nimitz Fwy S, Sinclair Fwy N",Mostly Cloudy,62.5
2017-03-03 14:00:00,63.58,Lane blocked on exit ramp due to accident on I-80 Westbound at Exits 2 2A Harrison St. | Right hand shoulder blocked due to accident on I-238 Southbound at Exit 14 I-580.,3,6,"Perry St, I-238 S, Guadalupe Pkwy S",Mostly Cloudy,65.3
2017-03-03 15:00:00,61.87,At 1st St - Accident. | Ramp to CA-82/El Camino Real - Accident.,2,4,"CA-24 W, CA-92 W, Bayshore Fwy S",Mostly Cloudy,65.2
2017-03-03 16:00:00,62.89,Queueing traffic and right hand shoulder blocked due to accident now on the shoulder on I-80 I-580 Westbound at I-80 I-580 Exit 9 / Powell St. | At Mowry Ave - Accident.,3,5,"I-80 W, I-880 N, I-80 E",Mostly Cloudy,62.3
2017-03-03 17:00:00,63.61,Between Appian Way and Pinole Valley Rd - Accident. | At Tamalpais Dr - Accident.,2,3,"I-80 E, US-101 N, I-280 S",Mostly Cloudy,59.2
2017-03-03 18:00:00,61.87,Lane blocked due to accident on CA-24 Westbound at Exit 13 Deer Hill Rd. | Lane blocked on entry ramp due to accident on US-101 Northbound at Exit 411 Holly St.,2,8,"CA-24 W, US-101 N, I-680 S",Clear,55.5
2017-03-03 19:00:00,62.33,Lane blocked due to accident on I-80 Eastbound at Exit 19A El Portal Dr. | Lane blocked on exit ramp due to accident on I-880 Northbound at Exit 19 Thornton Ave.,3,4,"I-80 E, I-880 N,  Big Basin Way",Clear,53.2
2017-03-03 20:00:00,62.36,Queueing traffic due to accident on I-280 Southbound at Exit 20 County Hwy-G3 Page Mill Rd. | Accident on US-101 Southbound at Exit 394 County Hwy-G2 Lawrence Expy.,3,11,"I-280 S, US-101 S, James Lick Fwy N",Clear,51.3
2017-03-03 21:00:00,62.27,Slow traffic due to accident on US-101 Northbound at Exits 425B 425C 426A 426B Oyster Point Blvd. | Accident on I-80 Westbound at Exits 8A 8B I-880.,3,9,"Oyster Point Blvd, I-80 W, Bayshore Fwy S",Clear,51.5
2017-03-03 22:00:00,62.79,Accident on I-580 Eastbound at Exits 1 1B US-101. | Accident on I-880 Southbound at Exit 5 Brokaw Rd.,3,5,"I-580 E, I-880 S, I-680 S",Mostly Cloudy,50.3
2017-03-03 23:00:00,61.88,Right hand shoulder blocked due to accident on I-680 Southbound at Exits 45B 46A 46B CA-24. | Slow traffic due to accident on US-101 Northbound around 9th St. On the median.,3,2,"I-680 S, San Bruno Ave",Clear,51.6
2017-03-04 00:00:00,61.73,Normal traffic flow,0,0,,Clear,58.4
2017-03-04 01:00:00,61.43,Right hand shoulder blocked due to accident on I-680 Northbound after Exits 1B 1C King Rd.,3,1,I-680 N,Clear,48.2
2017-03-04 02:00:00,61.1,Right hand shoulder blocked due to accident on I-880 Southbound at Exit 24 Whipple Rd. | Accident on Mathilda Ave at Moffett Park Dr.,3,3,"Nimitz Fwy S, N Mathilda Ave, I-580 E",Clear,49.6
2017-03-04 03:00:00,61.08,Accident on Bailey Rd at San Marco Blvd. | Right hand shoulder blocked and middle lane blocked due to accident on US-101 Southbound before Exit 432 Potrero Ave.,3,3,"San Marco Blvd, James Lick Fwy S, I-280 S",Clear,50.7
2017-03-04 04:00:00,61.38,#1 lane blocked due to accident on I-80 Eastbound at Exit 4A Treasure Is. | Accident on Story Rd at King Rd.,3,4,"San Francisco-Oakland Bay Brg E, Story Rd, Eastshore Fwy W",Clear,50.7
2017-03-04 05:00:00,62.18,Normal traffic flow,0,0,,Clear,58.4
2017-03-04 06:00:00,62.42,Normal traffic flow,0,0,,Clear,58.4
2017-03-04 07:00:00,63.47,Normal traffic flow,0,0,,Clear,58.4
2017-03-04 08:00:00,63.2,Accident on CA-17 Southbound at Exits 20A 20B CA-9 Los Gatos Saratoga Rd. | Accident on I-880 Southbound at Exits 8A 8B 8C CA-237.,3,2,"CA-17 S, Nimitz Fwy S",Mostly Cloudy,52.0
2017-03-04 09:00:00,63.23,Accident on US-101 Southbound at Exit 380 Hellyer Ave.,2,1,US-101 N,Mostly Cloudy,57.2
2017-03-04 10:00:00,62.22,Accident on I-80 I-580 Eastbound at Exit 9 I-580.,3,1,I-580 W,Mostly Cloudy,57.0
2017-03-04 11:00:00,61.82,Accident on Bay Shore Blvd at US-101.,2,1,Bay Shore Blvd,Mostly Cloudy,59.0
2017-03-04 12:00:00,62.08,Accident on CA-1 Shoreline Hwy at Loring Ave. | Accident on I-80 Westbound at Exits 1 1C Bryant St.,3,4,"Loring Ave, I-80 W, I-880 N",Mostly Cloudy,58.6
2017-03-04 13:00:00,62.49,Accident on CA-92 Half Moon Bay Rd Eastbound at CA-35 Half Moon Bay Rd. | Accident on I-80 Westbound at Exit 13 I-580.,3,2,"Skyline Blvd, Eastshore Fwy W",Mostly Cloudy,57.2
2017-03-04 14:00:00,60.08,Accident on I-280 Southbound at Exit 47A Serramonte Blvd. | #4 lane blocked due to accident on I-580 Westbound at St Patrick Way.,3,2,"I-280 S, I-580 W",Mostly Cloudy,59.0
2017-03-04 15:00:00,56.49,Accident on US-101 Southbound at Exits 447 447B CA-131 Blithedale Ave. | One lane blocked due to accident on I-80 Westbound at Exit 4A Treasure Is.,3,4,"E Blithedale Ave, I-80 W, I-80 E",Mostly Cloudy,58.1
2017-03-04 16:00:00,63.49,Right hand shoulder blocked due to accident on CA-24 Westbound at Exits 2 2B I-980. | Accident on Stevens Canyon Rd at Mount Eden Rd.,3,7,"I-580 W, Stevens Canyon Rd, I-238 S",Mostly Cloudy,58.9
2017-03-04 17:00:00,63.3,Normal traffic flow,0,0,,Clear,58.4
2017-03-04 18:00:00,61.03,Accident on Placer Dr at Luna Ave. | Multi-vehicle accident on I-280 Southbound at Exit 1A McLaughlin Ave.,3,4,"Placer Dr, I-280 S, S Airport Blvd",Mostly Cloudy,56.3
2017-03-04 19:00:00,61.88,Accident on CA-85 Northbound at Exit 14 Saratoga Ave. | Right hand shoulder blocked due to accident on US-101 Northbound at Exit 452 2nd St.,4,5,"Norman Y Mineta Hwy, US-101 N, Junipero Serra Fwy N",Heavy Rain,54.1
2017-03-04 20:00:00,63.19,One lane blocked due to accident on I-880 Northbound at Exits 4B 4C US-101. | Right hand shoulder blocked due to accident on I-680 Northbound at Exit 2B McKee Rd.,3,2,"I-880 N, I-680 N",Mostly Cloudy,55.2
2017-03-04 21:00:00,61.97,Right hand shoulder blocked due to accident on I-580 Eastbound at Exits 19B 19C 19D 20 I-980. | One lane blocked due to accident on US-101 Northbound at Exit 402 Embarcadero Rd.,3,2,"I-580 E, Embarcadero Rd",Heavy Rain,54.2
2017-03-04 22:00:00,58.67,Right hand shoulder blocked due to accident on CA-85 Southbound at Exits 10 11A CA-17. | One lane blocked due to accident on US-101 Northbound at Exits 386A 386B Santa Clara St.,3,6,"CA-17 S, Alum Rock Ave, 7th St",Light Rain,52.3
2017-03-04 23:00:00,56.97,Accident on I-580 Westbound at Exits 27 27B Mountain Blvd.,3,1,Keller Ave,Overcast,54.0
2017-03-05 00:00:00,60.78,Accident on I-680 Northbound at Exit 8 CA-237 Calaveras Blvd. | Lane blocked and queueing traffic due to accident on I-280 Northbound at Exits 43A 43B I-380.,3,8,"E Calaveras Blvd, I-280 S, Webster Street Tube",Light Rain,51.2
2017-03-05 01:00:00,61.02,#1 lane blocked due to accident on I-680 Southbound at Exit 34 Bollinger Canyon Rd. | #2 #3 and #4 lane blocked due to accident on I-880 Southbound at Exit 40 Embarcadero.,3,3,"I-680 S, Nimitz Fwy S, I-580 E",Mostly Cloudy,51.3
2017-03-05 02:00:00,61.71,Accident on I-280 Northbound at Exit 1A McLaughlin Ave. | Accident on I-80 I-580 Eastbound at Exit 9 I-580.,3,6,"McLaughlin Ave, I-580 W, I-680 N",Overcast,49.6
2017-03-05 03:00:00,60.81,#4 and #5 lane blocked due to accident on I-80 I-580 Westbound at I-580. | Both lane blocked due to accident on Page St Northbound at Toledo St. Detour in operation.,3,2,"I-80 W, Page St",Light Rain,49.4
2017-03-05 04:00:00,60.96,Accident on I-680 Southbound at Exit 25 Pleasanton Sunol Rd. | Right hand shoulder blocked due to Injury accident on I-980 Westbound at 11th St.,3,3,"I-680 S, I-980 W, US-101 S",Light Rain,48.3
2017-03-05 05:00:00,61.2,At Treasure Island Rd - Accident.,3,1,I-80 W,Rain,48.0
2017-03-05 06:00:00,61.41,Accident on I-880 Northbound at Exits 33A 33B Marina Blvd. | Accident on I-680 Northbound at Exit 8 CA-237 Calaveras Blvd.,3,6,"Nimitz Fwy S, E Calaveras Blvd, I-580 E",Overcast,46.1
2017-03-05 07:00:00,61.87,#1 lane blocked due to accident on I-680 Southbound at Exit 31 Alcosta Blvd. | Accident on US-101 at Exits 391A 391B Trimble Rd.,3,2,"I-680 S, Trimble Rd",Light Rain,45.0
2017-03-05 08:00:00,61.24,Accident on I-280 Northbound at Exit 33 CA-92.,3,1,I-280 S,Rain Showers,46.4
2017-03-05 09:00:00,61.94,Normal traffic flow,0,0,,Clear,58.4
2017-03-05 10:00:00,62.12,Normal traffic flow,0,0,,Clear,58.4
2017-03-05 11:00:00,62.64,Accident on I-80 I-580 Westbound at Exit 10 I-580.,3,1,I-580 W,Mostly Cloudy,50.0
2017-03-05 12:00:00,59.18,Normal traffic flow,0,0,,Clear,58.4
2017-03-05 13:00:00,62.26,Accident on CA-1 Cabrillo Hwy Northbound at Bean Hollow Rd.,3,1,Cabrillo Hwy,Clear,48.9
2017-03-05 14:00:00,61.96,Accident on I-280 Northbound at Exit 33 CA-92. | Accident on I-280 Northbound at Exit 29 Edgewood Rd.,3,5,"I-280 S, Junipero Serra Fwy N, I-680 S",Mostly Cloudy,49.5
2017-03-05 15:00:00,62.98,Right hand shoulder blocked due to accident on Killarney Dr at Shawn Dr. | Accident on Middlefield Rd at Semicircular Rd.,3,4,"Killarney Dr, 8th Ave, Norman Y Mineta Hwy",Mostly Cloudy,48.9
2017-03-05 16:00:00,63.4,One lane blocked due to accident on CA-24 Westbound at Exit 7B Wilder Rd. | Right hand shoulder blocked due to accident on CA-87 Northbound at County Hwy-G8 Almaden Expy.,2,2,"CA-24 W, Guadalupe Fwy N",Light Rain,48.4
2017-03-05 17:00:00,63.49,Normal traffic flow,0,0,,Clear,58.4
2017-03-05 18:00:00,63.18,Accident on I-880 Northbound at Exits 1A 1B 1C Stevens Creek Blvd.,3,1,I-880 N,Light Rain,46.0
2017-03-05 19:00:00,63.0,One lane blocked due to accident on CA-24 Eastbound at Exit 14 Pleasant Hill Rd.,2,1,Pleasant Hill Rd,Clear,46.9
2017-03-05 20:00:00,62.88,Normal traffic flow,0,0,,Clear,58.4
2017-03-05 21:00:00,62.34,Normal traffic flow,0,0,,Clear,58.4
2017-03-05 22:00:00,62.22,Accident on US-101 at Exits 447 447B CA-131 Blithedale Ave. | One lane blocked due to accident on I-580 Westbound at Exits 27 27B Mountain Blvd.,2,2,"E Blithedale Ave, I-580 W",Overcast,43.6
2017-03-05 23:00:00,61.36,Normal traffic flow,0,0,,Clear,58.4
2017-03-06 00:00:00,61.41,Accident on US-101 Southbound at Exit 393 Great America Pkwy. | Lane blocked due to accident on US-101 Southbound at Exit 430A Mansell St.,3,4,"Great America Pkwy, James Lick Fwy N, Junipero Serra Fwy N",Mostly Cloudy,42.2
2017-03-06 01:00:00,61.22,Two lanes blocked due to accident on I-80 Westbound at Exits 8A 8B I-880.,3,1,I-80 W,Light Rain,45.0
2017-03-06 02:00:00,60.92,Normal traffic flow,0,0,,Clear,58.4
2017-03-06 03:00:00,61.16,Right hand shoulder blocked due to accident on I-680 Southbound at Exits 1B 1C Jackson Ave. | Accident on Skyline Dr both ways at Westmoor Ave.,3,4,"I-680 N, Skyline Dr, I-280 S",Mostly Cloudy,43.8
2017-03-06 04:00:00,62.71,Accident on CA-92 Westbound before Exit 14B Chess Dr.,2,1,Foster City Blvd,Light Rain,42.8
2017-03-06 05:00:00,63.77,Normal traffic flow,0,0,,Clear,58.4
2017-03-06 06:00:00,44.31,#1 &amp; #2 lane blocked due to accident on I-280 Southbound before Cesar Chavez. | At Montague Expy/San Tomas Expy - Accident. Center lane blocked.,3,6,"Cesar Chavez, US-101 N, Saratoga Ave",Light Rain,44.3
2017-03-06 07:00:00,25.78,Accident on I-80 I-580 Westbound before Exit 10 I-580. | Accident on CA-24 Eastbound near Exits 5 5A 5B CA-13 Warren Fwy.,3,11,"I-580 E, CA-24 W, San Francisco-Oakland Bay Brg E",Light Rain,45.3
2017-03-06 08:00:00,22.82,Accident on US-101 Northbound at Exits 398 398A Moffett Blvd. | Accident on I-680 Southbound before Treat Blvd.,3,9,"Bayshore Fwy S, I-680 S, Polk St",Mostly Cloudy,46.9
2017-03-06 09:00:00,32.61,Accident on I-580 Eastbound after Exit 11 Bayview Ave. | Accident on US-101 Northbound before Exit 392 County Hwy-G4 San Tomas Expy.,3,4,"I-580 E, US-101 N, Bayshore Fwy S",Overcast,48.0
2017-03-06 10:00:00,64.47,Accident on CA-24 Eastbound before Exit 3 Claremont Ave. | Accident on I-280 Northbound before Exit 44 Avalon Dr.,3,6,"Grove Shafter Fwy E, Junipero Serra Fwy N, Nimitz Fwy S",Mostly Cloudy,51.2
2017-03-06 11:00:00,62.59,Accident on I-280 Northbound after Exit 13 Foothill Expy. | Right hand shoulder blocked due to accident on CA-24 Westbound at Exit 9 Camino Pablo.,3,7,"Junipero Serra Fwy N, Camino Pablo, I-880 S",Light Rain,52.1
2017-03-06 12:00:00,63.88,Accident on CA-238 Foothill Blvd both ways at I-580. | Accident on CA-84 Westbound before I-880.,2,5,"Foothill Blvd, Nimitz Fwy S, N Mathilda Ave",Light Rain,53.8
2017-03-06 13:00:00,63.18,Normal traffic flow,0,0,,Clear,58.4
2017-03-06 14:00:00,62.88,Accident on US-101 Southbound at Exits 396B 396C CA-237.,2,1,Bayshore Fwy S,Scattered Clouds,57.0
2017-03-06 15:00:00,62.53,#2 lane blocked due to accident on CA-1 Southbound at Exit 507 Palmetto Ave. | #2&amp;#3 lane blocked due to accident on Washington Ave Northbound at I-880.,3,11,"Coast Hwy, Washington Ave, I-280 S",Mostly Cloudy,55.2
2017-03-06 16:00:00,62.7,Right hand shoulder blocked due to accident on US-101 Southbound at Exit 414A Hillsdale Blvd. | Accident on CA-1 Southbound at Exits 508 508A 508B CA-35 Skyline Blvd.,3,3,"Bayshore Fwy S, Skyline Blvd S, I-280 S",Mostly Cloudy,54.8
2017-03-06 17:00:00,63.48,At Embarcadero Rd/Exit 402 - Accident.,2,1,Bayshore Fwy S,Scattered Clouds,55.4
2017-03-06 18:00:00,62.42,At CA-82/El Camino Real - Accident. | At Concar Dr/Delaware St - Accident.,2,2,"Norman Y Mineta Hwy, J Arthur Younger Fwy W",Clear,50.6
2017-03-06 19:00:00,63.58,Normal traffic flow,0,0,,Clear,58.4
2017-03-06 20:00:00,63.98,Accident on US-101 Southbound at Exit 402 Embarcadero Rd. | Right hand shoulder blocked due to accident on CA-237 Eastbound near Exit 4 Fair Oaks Ave.,2,4,"Bayshore Fwy S, Southbay Fwy, Skyline Blvd",Scattered Clouds,47.5
2017-03-06 21:00:00,63.41,Right hand shoulder blocked due to accident on I-880 Northbound before Exit 37 66th Ave. | Right hand shoulder blocked due to accident on I-280 Northbound at Exit 47A Serramonte Blvd.,3,9,"I-880 N, Junipero Serra Fwy N, I-80 E",Clear,48.8
2017-03-06 22:00:00,62.49,Normal traffic flow,0,0,,Clear,58.4
2017-03-06 23:00:00,61.68,Normal traffic flow,0,0,,Clear,58.4
2017-03-07 00:00:00,61.18,Lane blocked and queueing traffic due to accident on I-580 Westbound before Exit 36 Redwood Rd.,3,1,I-580 W,Clear,45.0
2017-03-07 01:00:00,61.05,Right hand shoulder blocked due to accident on US-101 Northbound at Exits 423A 423B San Bruno Ave. | Lane blocked due to accident on US-101 Northbound at Exits 385A 385B I-680.,2,2,"San Bruno Ave E, I-680 N",Clear,42.6
2017-03-07 02:00:00,60.93,Right hand shoulder blocked due to accident on I-880 Northbound at Exits 4B 4C US-101.,3,1,I-880 S,Clear,44.1
2017-03-07 03:00:00,61.12,Lane blocked on exit ramp due to accident and vehicles spun around on I-80 Westbound at Exit 19A El Portal Dr.,3,1,El Portal Dr,Clear,42.1
2017-03-07 04:00:00,62.62,Lane blocked due to accident on Paseo Grande both ways around Via Paro.,2,1,Via Paro,Clear,43.0
2017-03-07 05:00:00,61.71,Normal traffic flow,0,0,,Clear,58.4
2017-03-07 06:00:00,41.0,Accident on I-580 Eastbound before Foothill Blvd. | At CA-84/Woodside Rd/Exit 408 - Accident. Right lane blocked.,3,3,"I-580 E, Bayshore Fwy S, I-580 W",Clear,42.3
2017-03-07 07:00:00,24.31,Accident on I-680 Southbound before Exit 38 Sycamore Valley Rd. | At San Mateo Bridge - Accident.,3,4,"Sycamore Valley Rd, J Arthur Younger Fwy W, I-580 W",Clear,43.4
2017-03-07 08:00:00,23.02,Accident on I-680 Northbound before Exit 26 Bernal Ave. | At San Mateo-Hayward Brg - Accident. Left lane blocked.,3,7,"I-680 S, CA-92 W, CA-237 W",Clear,48.3
2017-03-07 09:00:00,21.38,Accident on San Thomas Expy Northbound at CA-82 El Camino Real. | Accident on I-880 Northbound before Exit 36 Hegenberger Rd.,3,4,"San Tomas Expy, Nimitz Fwy S, I-680 N",Mostly Cloudy,50.3
2017-03-07 10:00:00,57.56,Accident on Camino Tassajara at Highland Rd. | #1 lane blocked due to accident on I-880 Northbound before Exit 19 Thornton Ave.,3,2,"Camino Tassajara, Thornton Ave",Clear,52.4
2017-03-07 11:00:00,62.98,Accident on San Pablo Ave Southbound near Waverly Dr. | Accident on I-880 Southbound after Exits 30 31A I-238.,3,3,"San Pablo Ave, Nimitz Fwy S, John Daly Blvd",Mostly Cloudy,55.0
2017-03-07 12:00:00,63.1,Accident on I-580 Westbound after Exit 7A Western Dr. | Accident on CA-85 Northbound before Exit 14 Saratoga Ave.,3,7,"Richmond-San Rafael Brg, Norman Y Mineta Hwy, Berryessa Rd",Overcast,56.9
2017-03-07 13:00:00,62.92,At Bernal Ave - Accident.,2,1,I-680 N,Overcast,55.9
2017-03-07 14:00:00,60.62,At CA-84 - Accident. | At Sunol Blvd - Accident.,2,2,I-680 S,Scattered Clouds,57.9
2017-03-07 15:00:00,61.05,Accident on County Hwy-G2 Lawrence Expy Southbound at CA-82 El Camino Real.,2,1,El Camino Real,Mostly Cloudy,60.1
2017-03-07 16:00:00,61.34,Accident on I-80 I-580 Westbound at Exit 10 I-580. | Right hand shoulder blocked due to accident on US-101 Southbound at Exit 402 Embarcadero Rd.,3,7,"I-580 E, Bayshore Fwy S, W Jackson St",Mostly Cloudy,59.7
2017-03-07 17:00:00,62.61,Two lanes blocked due to accident on US-101 Southbound at Exits 423A 423B 423C I-380. | Lane blocked due to accident on I-580 Southbound at Exits 44B 45 I-680.,3,7,"Bayshore Fwy S, I-680 S, I-680 N",Clear,55.4
2017-03-07 18:00:00,60.88,Between Bay Bridge Toll Plz and Grand Ave - Accident. | At CA-84/Woodside Rd/Exit 408 - Accident.,2,6,"I-80 E, Bayshore Fwy S, Junipero Serra Fwy N",Mostly Cloudy,56.0
2017-03-07 19:00:00,63.1,Lane blocked on exit ramp due to accident on US-101 Southbound at Exits 400B 400C San Antonio Rd. | Lane blocked on exit ramp due to accident on US-101 Northbound at Exits 404A 404B CA-114 Willow Rd.,2,2,"Bayshore Fwy S, US-101 N",Clear,54.5
2017-03-07 20:00:00,63.18,Lane blocked on exit ramp due to accident on I-80 Eastbound at Exit 19A El Portal Dr. | Lane blocked on exit ramp due to accident on CA-85 Southbound at Exit 23 Central Expy.,3,4,"I-80 E, CA-85 S, Norman Y Mineta Hwy",Clear,52.6
2017-03-07 21:00:00,63.28,Accident on I-680 Northbound at Exit 14 Auto Mall Pkwy. | Accident on I-80 Eastbound at Exits 2 2A Harrison St.,3,6,"I-680 N, James Lick Fwy N, US-101 N",Clear,51.6
2017-03-07 22:00:00,62.47,Accident on US-101 Northbound after Exit 452 Irwin St. | Accident on Norbridge Ave in Hayward.,2,7,"US-101 N, Norbridge Ave, CA-85 S",Clear,49.3
2017-03-07 23:00:00,61.83,Right hand shoulder blocked due to accident now on the shoulder on I-580 Westbound at Exit 10A 23rd St.,3,1,I-580 W,Clear,46.9
2017-03-08 00:00:00,61.31,Right hand shoulder blocked due to accident now on the shoulder on CA-24 Westbound at Exit 7B Wilder Rd. | At Little Valley Rd - Accident.,3,2,"CA-24 W,  Vallecitos Rd",Clear,44.5
2017-03-08 01:00:00,60.91,Lane blocked due to accident on US-101 Southbound at Exit 409 Whipple Ave.,2,1,Bayshore Fwy S,Clear,48.2
2017-03-08 02:00:00,60.88,Lane blocked on entry ramp due to accident on US-101 Northbound at Exits 386A 386B Santa Clara St. | Lane blocked on exit ramp due to accident on US-101 Northbound at Exits 384 385 Story Rd.,2,2,"Alum Rock Ave, US-101 N",Clear,42.8
2017-03-08 03:00:00,60.99,Right hand shoulder blocked due to accident on I-680 Northbound at Exit 51 Sunvalley Blvd. | Accident on I-80 Eastbound at Exits 1 1C Bryant St.,3,3,"I-680 N, I-80 W, Junipero Serra Blvd",Partly Cloudy,46.0
2017-03-08 04:00:00,62.5,Normal traffic flow,0,0,,Clear,58.4
2017-03-08 05:00:00,65.99,At Stone Valley Rd - Accident. Right lane blocked. | At Hesperian Blvd - Accident. Left lane blocked.,2,4,"I-680 S, Nimitz Fwy S, US-101 S",Clear,44.0
2017-03-08 06:00:00,42.72,At San Mateo Bridge - Accident.,2,1,J Arthur Younger Fwy W,Scattered Clouds,46.0
2017-03-08 07:00:00,23.78,Accident on I-880 Southbound after Exit 3 Airport Blvd. | At CA-84/Woodside Rd/Exit 408 - Accident. Right lane blocked.,3,6,"I-880 S, Bayshore Fwy S, I-80 W",Scattered Clouds,48.2
2017-03-08 08:00:00,24.21,Accident on I-680 Southbound at Exits 42A 42B Stone Valley Rd. | Accident on US-101 Southbound before Exits 451 451A 451B I-580.,3,5,"I-680 S, US-101 N, I-80 W",Clear,50.4
2017-03-08 09:00:00,21.98,Accident on Lawrence Expy at Pruneridge Ave. | Accident on US-101 Southbound after Exit 443 Monte Mar Dr.,3,7,"Pruneridge Ave, US-101 S, Junipero Serra Fwy N",Clear,55.8
2017-03-08 10:00:00,49.65,Right hand shoulder blocked due to accident on I-680 Southbound at Exit 20 Andrade Rd. | Right hand shoulder blocked due to accident on I-880 Northbound at Exit 5 Brokaw Rd.,3,6,"Andrade Rd, E Brokaw Rd, Southbay Fwy",Partly Cloudy,57.7
2017-03-08 11:00:00,61.53,Lane blocked on exit ramp due to accident on I-280 Southbound at Exit 1A McLaughlin Ave. | Lane blocked on exit ramp due to accident on I-980 Westbound at Exits 2A 2B I-580.,3,6,"I-280 S, CA-24 W, I-80 E",Clear,61.3
2017-03-08 12:00:00,62.85,Accident on I-880 Northbound before Exit 2 CA-82 The Alameda. | 2 left lane blocked and heavy traffic due to accident on I-880 Southbound at Exits 30 31A I-238.,3,4,"I-880 S, Nimitz Fwy S, Tassajara Rd",Clear,63.5
2017-03-08 13:00:00,62.87,At 29th Ave - Accident.,2,1,Nimitz Fwy S,Partly Cloudy,66.0
2017-03-08 14:00:00,63.17,Accident on Norbridge Ave at Ashfield Ave. | Accident on El Granada Blvd at Lewis Ave.,3,10,"Ashfield Ave, Lewis Ave, I-80 W",Clear,65.7
2017-03-08 15:00:00,61.9,Accident on Bascom Ave at Hamilton Ave. | Accident on CA-1 Cabrillo Hwy Southbound at CA-84 La Honda Rd.,2,4,"S Bascom Ave, Cabrillo Hwy, San Pablo Dam Rd",Clear,63.8
2017-03-08 16:00:00,62.38,#1 lane blocked due to accident on I-80 I-580 Westbound at Exit 11 I-580. | #1 lane blocked due to accident on I-880 Southbound at Exit 39A Elmwood Ave.,3,8,"Eastshore Fwy W, I-880 N, Nimitz Fwy S",Clear,66.2
2017-03-08 17:00:00,63.95,Lane closed on exit ramp due to accident on CA-92 Eastbound at Toll Plaza. | Two lanes blocked due to accident on I-580 Westbound at Richmond San Rafael Bridge.,3,5,"CA-92 E, Richmond-San Rafael Brg, US-101 N",Clear,61.2
2017-03-08 18:00:00,62.51,Lane blocked due to accident on US-101 Northbound at Exit 432 Potrero Ave. | At High St - Accident.,2,4,"James Lick Fwy N, I-880 N, CA-17 S",Partly Cloudy,58.0
2017-03-08 19:00:00,63.16,Lane blocked on exit ramp due to accident on I-880 Northbound at Exit 36 Hegenberger Rd. | Lane blocked on exit ramp due to accident on US-101 Southbound at Exit 397 Ellis St.,3,3,"I-880 N, Bayshore Fwy S, US-101 N",Clear,56.6
2017-03-08 20:00:00,63.34,Lane blocked due to accident on US-101 Southbound at Exits 447 447B CA-131 Blithedale Ave. | Lane blocked due to accident on US-101 Southbound at Exit 409 Whipple Ave.,3,5,"E Blithedale Ave, Bayshore Fwy S, Eastshore Fwy W",Clear,55.6
2017-03-08 21:00:00,62.45,Right hand shoulder blocked due to accident on CA-85 Northbound after Exit 9 Union Ave. | #1 lane blocked due to accident on CA-17 Southbound at Exits 21 22 Lark Ave.,3,3,"Norman Y Mineta Hwy, CA-17 S, I-880 N",Partly Cloudy,55.1
2017-03-08 22:00:00,62.15,#1 lane blocked due to accident on I-580 Eastbound at Exits 19B 19C 19D 20 I-980. | #2 lane blocked due to accident on US-101 Northbound at Exits 400B 400C San Antonio Rd.,3,8,"I-580 E, US-101 N, Royal Oaks Dr",Clear,55.6
2017-03-08 23:00:00,61.72,Slow traffic due to accident on I-280 Northbound at Exits 49 49B CA-1.,3,1,I-280 N,Partly Cloudy,54.0
2017-03-09 00:00:00,61.28,Accident on I-680 Northbound at Exit 9 Jacklin Rd.,3,1,I-680 N,Clear,53.1
2017-03-09 01:00:00,61.01,Lane blocked due to accident on I-680 Northbound at Exit 52 Contra Costa Blvd. | Lane blocked due to accident on I-880 Southbound around Exits 30 31A I-238.,3,2,"Concord Ave, Nimitz Fwy S",Clear,52.6
2017-03-09 02:00:00,60.88,Right hand shoulder blocked due to accident on CA-84 Westbound at Quarry Rd.,2,1,CA-84 W,Clear,52.0
2017-03-09 03:00:00,61.32,Lane blocked due to accident on I-580 Eastbound at Exit 23 Fruitvale Ave. | Lane blocked due to accident on I-580 Eastbound at Exit 22 MacArthur Blvd.,3,2,"Fruitvale Ave, Park Blvd",Partly Cloudy,50.0
2017-03-09 04:00:00,62.77,Right hand shoulder blocked due to accident on I-880 Southbound at Exits 1A 1B 1C Stevens Creek Blvd. | Lane blocked due to accident on CA-1 Cabrillo Hwy Northbound at Verde Rd.,3,2,"I-880 S, Cabrillo Hwy S",Clear,51.8
2017-03-09 05:00:00,55.05,Accident on I-80 Westbound before Central Ave. | At Oakland Rd - Accident.,3,3,"I-80 W, US-101 N, Guadalupe Fwy N",Clear,48.7
2017-03-09 06:00:00,32.09,Lane blocked on exit ramp due to accident on I-280 Southbound at Stevens Creek Blvd. | At CA-87/Guadalupe Pky - Accident.,3,3,"I-880 S, Sinclair Fwy N, Richmond-San Rafael Brg",Partly Cloudy,50.0
2017-03-09 07:00:00,21.39,At Brokaw Rd - Accident.,2,1,I-880 S,Partly Cloudy,53.1
2017-03-09 08:00:00,22.17,Accident on I-280 Northbound before Exits 2B 3A 3B CA-87 Guadalupe Pkwy. | Accident on US-101 Northbound near Exits 386A 386B McKee Rd.,3,5,"Sinclair Fwy N, Bayshore Fwy S, US-101 N",Partly Cloudy,55.0
2017-03-09 09:00:00,21.09,Right hand shoulder blocked due to accident on CA-87 Northbound after Curtner Ave. | Lane blocked on exit ramp due to accident on I-280 Northbound at Exit 7 Saratoga Ave.,3,5,"Guadalupe Fwy N, Saratoga Ave, Richmond-San Rafael Brg",Partly Cloudy,59.4
2017-03-09 10:00:00,38.19,Accident on CA-92 Westbound after Exit 24 Clawiter Rd. | Right hand shoulder blocked due to accident on I-680 Southbound before Exit 26 Bernal Ave.,3,6,"Clawiter Rd, I-680 S, I-380 E",Clear,60.2
2017-03-09 11:00:00,63.87,Accident on US-101 Northbound before Exit 414B CA-92. | Accident on CA-85 Northbound before Exits 5A 5B CA-87.,3,7,"US-101 N, Norman Y Mineta Hwy, I-380 W",Clear,64.1
2017-03-09 12:00:00,62.39,Accident on I-580 Westbound near Exits 2 2B Main St. | Accident on I-880 Southbound after Exits 12 12A 12B CA-262 Mission Blvd.,3,9,"I-580 W, Nimitz Fwy S, US-101 S",Mostly Cloudy,68.2
2017-03-09 13:00:00,62.82,Accident on I-580 Westbound before Exits 34 35 I-238. | At Clawiter Rd/Eden Landing Rd - Accident.,3,3,"I-238 N, CA-92 E, US-101 N",Clear,70.1
2017-03-09 14:00:00,61.66,Accident on Monatgue Expy at De la Cruz Blvd. | At San Mateo Bridge - Accident.,2,2,"Montague Expy, CA-92 E",Mostly Cloudy,70.8
2017-03-09 15:00:00,61.72,Accident on I-580 Eastbound at Exit 23 Fruitvale Ave. | #2&amp;#3 lane blocked due to accident on I-880 Southbound at Exit 15 Auto Mall Pkwy.,3,7,"I-580 E, Nimitz Fwy S, W Jackson St",Mostly Cloudy,69.4
2017-03-09 16:00:00,61.97,Slow lane blocked due to accident on CA-92 Eastbound on San Mateo Bridge. | Closed between All America Way and Seneca Ter - Road closed due to accident.,4,8,"CA-92 E,  S Mathilda Ave,  W El Camino Real",Clear,64.8
2017-03-09 17:00:00,62.5,At Treasure Island Rd - Accident. | At 1st St - Accident.,2,3,"I-80 W, I-880 S, I-680 S",Overcast,65.0
2017-03-09 18:00:00,61.47,Lane blocked due to accident on I-580 Westbound at Exit 11 I-80 I-580. | Lane blocked due to accident on I-80 I-580 Eastbound at Exit 10 I-580.,3,7,"Eastshore Fwy W, I-580 W, US-101 N",Clear,63.7
2017-03-09 19:00:00,62.03,Lane blocked due to accident on I-80 I-580 Eastbound at Exit 10 I-580. | Lane blocked on exit ramp due to accident on I-580 Eastbound at Exit 25A High St.,3,5,"I-580 W, I-580 E, Bayshore Fwy S",Mostly Cloudy,58.6
2017-03-09 20:00:00,62.66,Accident on I-280 Southbound at Exit 55 Pennsylvania Ave. | Slow lane blocked due to accident on I-80 Eastbound near Exit 4A Treasure Is.,3,4,"Cesar Chavez, San Francisco-Oakland Bay Brg E, I-880 N",Mostly Cloudy,58.7
2017-03-09 21:00:00,62.34,Accident on I-580 Eastbound at Exit 12 Central Ave. | Accident on I-580 Eastbound before Exit 48 El Charro Rd.,3,3,"I-580 E, Miramar Ave",Clear,59.4
2017-03-09 22:00:00,62.77,#1&amp;#2 lane blocked due to accident on US-101 Presidio Pkwy Southbound at Exits 237 473 Marina Blvd. | Accident on I-680 Northbound at Exit 43 Livorna Rd. On the median.,3,7,"Presidio Pkwy, I-680 N, CA-1",Mostly Cloudy,58.4
2017-03-09 23:00:00,61.58,Normal traffic flow,0,0,,Clear,58.4
2017-03-10 00:00:00,61.43,4th lane blocked due to multi-vehicle accident on I-880 Northbound at Exits 30 31A I-238. | Slow traffic and right hand shoulder blocked due to accident now on the shoulder on I-880 Southbound at Exit 37 66th Ave.,3,3,"I-880 N, Nimitz Fwy S, I-880 S",Clear,56.0
2017-03-10 01:00:00,61.02,#1 lane blocked due to accident on I-280 Northbound before Exit 39 Skyline Blvd.,3,1,Junipero Serra Fwy N,Mostly Cloudy,54.0
2017-03-10 02:00:00,60.95,Right hand shoulder blocked due to accident on I-580 Eastbound at Exit 12 Central Ave.,3,1,I-580 E,Mostly Cloudy,55.0
2017-03-10 03:00:00,61.04,Accident on Shamrock Dr at San Pablo Ave. | At CA-84/Woodside Rd/Exit 408 - Accident.,2,2,"Shamrock Dr, CA-84 W",Clear,54.8
2017-03-10 04:00:00,62.52,Slow lane blocked and right hand shoulder blocked due to accident on I-80 I-580 Westbound after Exit 9 I-580.,3,1,Eastshore Fwy W,Overcast,55.0
2017-03-10 05:00:00,63.48,At Lawrence Expy - Accident. Left lane blocked. | At Julian St/McKee Rd - Accident.,2,3,"US-101 N, Sinclair Fwy N",Mostly Cloudy,53.7
2017-03-10 06:00:00,46.03,At Golden Gate Brg (San Francisco) - Accident. | At I-280/Junipero Serra Fwy - Accident.,2,7,"Golden Gate Bridge, Sinclair Fwy N, US-101 N",Mostly Cloudy,53.7
2017-03-10 07:00:00,27.89,Accident on US-101 Northbound near Exit 408 Woodside Rd. | Accident on US-101 Southbound at Exit 406 CA-84 Marsh Rd.,2,4,"Woodside Rd, Bayshore Fwy S, I-580 E",Clear,53.7
2017-03-10 08:00:00,31.12,Accident on Concord Ave at CA-242. | Accident on US-101 Northbound at Exit 394 County Hwy-G2 Lawrence Expy.,3,11,"CA-242 S, Lawrence Expy, MacArthur Fwy E",Clear,57.2
2017-03-10 09:00:00,58.65,Lane blocked on entry ramp due to accident on I-280 Northbound at Exit 1A McLaughlin Ave. | Accident on CA-87 Northbound at County Hwy-G8 Almaden Expy.,3,6,"McLaughlin Ave, Highway 87 Bikeway, W Winton Ave",Overcast,59.4
2017-03-10 10:00:00,62.27,Right hand shoulder blocked due to accident on I-238 Southbound at Exit 14 I-580. | Accident on I-80 Westbound before Exit 17 Amador St.,3,7,"I-238 S, I-80 W, I-880 N",Clear,59.3
2017-03-10 11:00:00,64.64,Accident on I-80 Eastbound at Exit 15 Cutting Blvd. | Accident on Alameda de Las Pulgas at Ashton Ave.,3,14,"I-80 E, Alameda de Las Pulgas, Guadalupe Fwy S",Overcast,63.9
2017-03-10 12:00:00,64.58,Accident on I-880 Northbound before Exit 40 Embarcadero. | Right hand shoulder blocked due to accident on I-680 Northbound before Exits 42A 42B Stone Valley Rd.,3,7,"I-880 N, I-680 N, I-80 E",Clear,66.6
2017-03-10 13:00:00,64.58,Accident on CA-237 Westbound at Exit 8 Zanker Rd. | Accident on I-80 Westbound after Exit 19B Hilltop Dr.,3,10,"CA-237 W, I-80 W, Eastshore Fwy W",Clear,66.2
2017-03-10 14:00:00,63.9,Accident on I-880 Northbound before Exits 4B 4C US-101. | Right hand shoulder blocked due to accident on I-880 Southbound before Exit 38 CA-77 42nd Ave.,3,14,"I-880 N, Nimitz Fwy S, Arrowhead Ln",Mostly Cloudy,67.3
2017-03-10 15:00:00,63.38,Right hand shoulder blocked due to accident on US-101 Northbound at Exits 391A 391B Trimble Rd. | Right hand shoulder blocked due to accident on I-80 I-580 Westbound at Exit 9 I-580.,3,10,"US-101 N, Eastshore Fwy W, I-880 N",Clear,68.3
2017-03-10 16:00:00,63.12,Accident on Castro Valley Blvd Westbound at Redwood Rd. | Exit lane blocked due to accident on County Hwy-G2 Lawrence Expy at Duane Ave.,3,15,"Redwood Rd, E Duane Ave, Appian Way",Clear,69.4
2017-03-10 17:00:00,63.58,Accident on US-101 Southbound at Exit 389 Brokaw Rd. | Lane blocked on entry ramp due to accident on US-101 Southbound at Exits 396A 396B Mathilda Ave.,3,11,"E Brokaw Rd, Bayshore Fwy S, I-680 N",Clear,65.4
2017-03-10 18:00:00,62.32,Lane blocked due to accident on CA-92 Westbound at San Mateo Bridge. | Lane blocked on exit ramp due to accident on I-880 Southbound at Exit 34 CA-61 Davis St.,3,11,"J Arthur Younger Fwy W, Nimitz Fwy S, CA-85 S",Clear,63.2
2017-03-10 19:00:00,62.9,Lane blocked on exit ramp due to accident on I-280 Southbound at Exit 52 Bosworth St. | Lane blocked due to accident on I-680 Southbound at Exit 4 Berryessa Rd.,3,7,"I-280 S, Sinclair Fwy S, I-80 E",Clear,63.1
2017-03-10 20:00:00,64.04,Accident on I-280 Eastbound at Exit 20 County Hwy-G3 Page Mill Rd. | Accident on CA-85 Southbound at Exit 14 Saratoga Ave.,3,7,"I-280 S, CA-85 S, San Francisco-Oakland Bay Brg E",Clear,60.8
2017-03-10 21:00:00,63.45,Accident on CA-92 Eastbound at Exits 13A 13B US-101. | Right hand shoulder blocked due to accident on US-101 Northbound at Exit 392 County Hwy-G4 San Tomas Expy.,3,7,"CA-92 E, US-101 N, I-680 S",Clear,58.4
2017-03-10 22:00:00,63.38,Left hand shoulder blocked due to accident on I-80 Westbound at Exits 8A 8B I-880. | Accident on I-80 Eastbound at Exits 2 2A Harrison St.,3,4,"I-80 W, James Lick Fwy N, I-80 E",Clear,58.7
2017-03-10 23:00:00,62.74,Accident on A St Westbound around Garden Ave. | Right hand shoulder blocked due to multi-vehicle accident and accident now on the shoulder on US-101 Southbound at Exit 383 Tully Rd.,2,2,"Garden Ave, Bayshore Fwy S",Clear,58.0
2017-03-11 00:00:00,61.88,Right hand shoulder blocked due to accident now on the shoulder on I-280 Northbound at Exit 45 Westborough Blvd. | Accident on Santa Maria Ave both ways around Mabel Ave.,3,5,"Junipero Serra Fwy N, Santa Maria Ave, I-880 N",Clear,55.1
2017-03-11 01:00:00,61.42,Normal traffic flow,0,0,,Clear,58.4
2017-03-11 02:00:00,61.22,Accident on I-880 Southbound at Exit 28 Winton Ave.,3,1,Nimitz Fwy S,Clear,54.0
2017-03-11 03:00:00,60.92,Accident on I-280 Northbound at Exit 55 Pennsylvania Ave. | Accident on US-101 Northbound at Exit 412 Ralston Ave.,3,3,"Cesar Chavez, US-101 N",Clear,52.6
2017-03-11 04:00:00,61.78,Accident on Parr Blvd at Richmond Pkwy. | At CA-238 - Accident.,3,2,"Richmond Pkwy, I-238 N",Clear,52.6
2017-03-11 05:00:00,62.82,Normal traffic flow,0,0,,Clear,58.4
2017-03-11 06:00:00,63.22,Lane blocked due to accident on Monroe St at County Hwy-G4 San Tomas Expy. | Accident on I-880 Northbound near Exits 30 31A I-238.,3,2,"Monroe St, I-880 N",Clear,51.1
2017-03-11 07:00:00,63.58,Right hand shoulder blocked due to accident on I-580 Westbound at Exit 22A MacArthur Blvd. | Right hand shoulder blocked due to accident on I-280 Northbound at Exits 1C 5A 5B CA-17.,3,3,"I-580 W, Sinclair Fwy N, I-580 E",Scattered Clouds,55.3
2017-03-11 08:00:00,63.2,Right hand shoulder blocked due to accident on I-580 Westbound at Exit 48 El Charro Rd.,3,1,I-580 W,Clear,52.0
2017-03-11 09:00:00,60.96,Accident on I-880 Northbound at Exit 23 Alvarado Niles Rd.,3,1,I-880 N,Clear,63.0
2017-03-11 10:00:00,63.08,Accident on US-101 Southbound at Exits 425B 425C 426A 426B Oyster Point Blvd. | Accident on I-880 Northbound at Exit 22 Fremont Blvd.,2,3,"Bayshore Fwy S, I-880 N, I-580 W",Clear,61.0
2017-03-11 11:00:00,61.89,Normal traffic flow,0,0,,Clear,58.4
2017-03-11 12:00:00,44.88,Accident on US-101 Southbound at Exit 382 Capitol Expy. | Accident on US-101 Northbound at Exits 433 433B 433C San Francisco-Oakland Bay Bridge.,3,4,"E Capitol Expy, San Francisco-Oakland Bay Bridge, I-580 W",Mostly Cloudy,68.2
2017-03-11 13:00:00,61.82,Accident on Alpine Rd both ways at Pescadero Rd. | Accident on Franklin Canyon Rd both ways at McHarry Ranch Rd.,3,4,"Pescadero Creek Rd, McHarry Ranch Rd, Eastshore Fwy W",Mostly Cloudy,70.0
2017-03-11 14:00:00,62.88,Accident on I-580 Westbound at Exits 31 31B Grand Ave.,3,1,I-580 W,Scattered Clouds,66.0
2017-03-11 15:00:00,62.08,Accident on I-880 Northbound at Exit 25 Industrial Pkwy. | Right hand shoulder blocked due to multi-vehicle accident on I-580 Westbound at Exit 36 Redwood Rd.,3,4,"I-880 N, I-580 W, CA-17 S",Clear,66.0
2017-03-11 16:00:00,56.59,Right hand shoulder blocked due to accident on I-80 Eastbound at Exit 15 Potrero Ave. | Accident on US-101 Northbound at Exit 414B CA-92.,3,5,"I-80 E, J Arthur Younger Fwy W, Skyline Blvd",Clear,65.7
2017-03-11 17:00:00,60.56,Right hand shoulder blocked due to accident on I-880 Northbound at Exit 29 A St. | Two lanes blocked due to accident on CA-17 Southbound at I-880.,3,5,"I-880 N, I-880 S, CA-17 N",Clear,63.5
2017-03-11 18:00:00,61.28,Accident on CA-84 La Honda Rd Westbound at Stage Rd. | Accident on I-880 Southbound at Exit 24 Whipple Rd.,3,3,"La Honda Rd, I-880 N, Junipero Serra Fwy N",Clear,58.1
2017-03-11 19:00:00,60.52,Right hand shoulder blocked due to accident on CA-87 Guadalupe Pkwy Southbound at CA-87 Guadalupe Pkwy. | One lane blocked due to accident on I-280 Southbound at Exits 3A 3B Bird Ave.,3,4,"Guadalupe Pkwy N, Sinclair Fwy N, Norman Y Mineta Hwy",Scattered Clouds,57.2
2017-03-11 20:00:00,62.01,Right hand shoulder blocked due to accident on Grove Way at Dolores St. | Accident on County Hwy-G4 San Tomas Expy at Sunnyoaks Ave.,3,6,"Dolores St, Winchester Blvd, Nimitz Fwy S",Clear,56.4
2017-03-11 21:00:00,62.59,Accident on US-101 Southbound at Exit 439 Transit Transfer Facility. | Accident on CA-130 Alum Rock Ave at Harriet Ave.,3,3,"Golden Gate Brg S, Alum Rock Ave, I-880 N",Scattered Clouds,53.9
2017-03-11 22:00:00,62.08,Right hand shoulder blocked due to accident on I-580 Westbound at Exit 46 Hacienda Dr.,3,1,Hacienda Dr,Clear,54.0
2017-03-11 23:00:00,61.75,Lane blocked and queueing traffic due to accident on I-80 Eastbound at Exit 4A Treasure Is.,3,1,San Francisco-Oakland Bay Brg E,Mostly Cloudy,54.0
2017-03-12 00:00:00,61.58,Accident on Rosemont Ct at Hilltop Cres. | Right hand shoulder blocked due to accident on I-880 Northbound at Exit 3 Airport Blvd.,3,5,"Hilltop Cres, I-880 N, I-680 S",Clear,53.6
2017-03-12 01:00:00,61.1,Accident on US-101 Northbound at Exits 430A 430B 431 I-280. | Middle lane blocked due to accident on I-80 Eastbound at Exits 2 2A Harrison St.,3,3,"James Lick Fwy N, I-80 E",Clear,52.4
2017-03-12 02:00:00,,Normal traffic flow,0,0,,Clear,58.4
2017-03-12 03:00:00,61.28,Right hand shoulder blocked due to accident on I-580 Eastbound at Exits 9 9A 9B Harbour Way. | Right hand shoulder blocked due to accident on I-280 Southbound at Exit 41 Larkspur Dr.,3,3,"I-580 E, I-280 S, I-680 S",Clear,48.8
2017-03-12 04:00:00,61.44,Fast lane blocked due to accident on I-880 Southbound before Exit 34 CA-61 Davis St.,3,1,Nimitz Fwy S,Partly Cloudy,52.0
2017-03-12 05:00:00,61.72,Right hand shoulder blocked due to accident on US-101 Northbound at Exit 433A Vermont St. | Right hand shoulder blocked due to accident on US-101 Southbound at Exits 425B 425C 426A 426B Oyster Point Blvd.,3,3,"James Lick Fwy N, Oyster Point Blvd, I-680 N",Clear,48.6
2017-03-12 06:00:00,61.61,Accident on I-80 Eastbound at Exit 4A Treasure Is. | Accident on I-680 Northbound at Exit 20 Andrade Rd.,3,2,"San Francisco-Oakland Bay Brg E, I-680 N",Clear,47.4
2017-03-12 07:00:00,61.49,Accident on I-880 Northbound at Exit 39B 23rd Ave. | Accident on Castro Valley Blvd at Wilbeam Ave.,3,4,"23rd Ave, Wilbeam Ave, Junipero Serra Fwy N",Overcast,50.7
2017-03-12 08:00:00,62.61,Right hand shoulder blocked due to accident on US-101 Northbound at Exit 408 Woodside Rd.,2,1,Woodside Rd,Clear,53.6
2017-03-12 09:00:00,63.18,Normal traffic flow,0,0,,Clear,58.4
2017-03-12 10:00:00,63.93,Ramp to I-580/27th St - Accident. | Ramp to I-980 Westbound and 27th St - Accident.,2,3,"30th St,  33rd St, I-580 W",Clear,60.1
2017-03-12 11:00:00,63.24,Accident on County Hwy-G2 Lawrence Expy both ways at Duane Ave.,2,1,E Duane Ave,Clear,64.0
2017-03-12 12:00:00,62.38,Accident on I-880 Northbound at Exit 21 Decoto Rd.,3,1,I-880 N,Clear,69.1
2017-03-12 13:00:00,63.23,Accident on I-580 Eastbound at Exit 50 CA-84 Airway Blvd. | Accident on I-580 Westbound at Exit 50 CA-84 Airway Blvd.,3,7,"Airway Blvd, I-580 W, I-580 E",Partly Cloudy,67.9
2017-03-12 14:00:00,62.94,Accident on Fairway Dr both ways at Loyola Dr. | Accident on I-880 Northbound at Exit 41A 6th St.,3,4,"Loyola Dr, I-880 N, CA-84 W",Clear,69.5
2017-03-12 15:00:00,63.45,Accident on US-101 at Exit 432 Potrero Ave. | One lane blocked due to accident on I-880 Northbound at Exit 31B Washington Ave.,3,2,"Bay Shore Blvd, Nimitz Fwy N",Clear,69.6
2017-03-12 16:00:00,63.49,Accident on US-101 Northbound at Exit 439 Transit Transfer Facility. | Accident on Lake Chabot Rd at Dominic Dr.,3,5,"US-101 N, Dominic Dr, Hesperian Blvd",Partly Cloudy,69.0
2017-03-12 17:00:00,63.57,Right hand shoulder blocked due to accident on CA-1 Cabrillo Hwy Southbound at Bean Hollow Rd. | Accident on I-80 Westbound at Exits 8A 8B I-880.,3,2,"Cabrillo Hwy, I-80 W",Clear,69.4
2017-03-12 18:00:00,64.18,Between Old Middlefield Way/Exit 399B and Shoreline Blvd - Accident.,3,1,Bayshore Fwy S,Clear,63.0
2017-03-12 19:00:00,62.61,Accident on CA-242 Southbound at Exit 1C Concord Ave. | Accident on US-101 Northbound at Exits 454 454B San Pedro Rd.,3,3,"CA-242 S, US-101 N, Marina Blvd",Clear,64.3
2017-03-12 20:00:00,61.12,Normal traffic flow,0,0,,Clear,58.4
2017-03-12 21:00:00,62.44,One lane blocked due to accident on I-280 Southbound at Exit 45 Westborough Blvd. | Accident on I-880 Northbound at Exit 10 Dixon Landing Rd.,3,2,"I-280 S, I-880 N",Clear,56.9
2017-03-12 22:00:00,62.09,Normal traffic flow,0,0,,Clear,58.4
2017-03-12 23:00:00,61.58,At Capitol Expy - Accident.,3,1,Bayshore Fwy S,Clear,57.2
2017-03-13 00:00:00,61.21,Accident on CA-1 Cabrillo Hwy at Tunitas Creek Rd. | Accident on I-880 Northbound at Exit 34 CA-61 Davis St.,3,2,"Tunitas Creek Rd, I-880 N",Clear,49.8
2017-03-13 01:00:00,61.03,Accident on 16th Ave at Embarcadero / 16th Ave. | Accident on CA-85 Northbound at Exits 22A 22B CA-82 El Camino Real.,3,5,"Embarcadero E, Norman Y Mineta Hwy, I-680 S",Clear,52.5
2017-03-13 02:00:00,61.08,Accident on CA-1 Cabrillo Hwy at Medio Ave. | Accident on 7th Ave at Spring St.,3,3,"Cabrillo Hwy N, 7th Ave, I-680 N",Clear,46.9
2017-03-13 03:00:00,61.19,#1 lane blocked due to accident on I-880 Southbound at Exits 33A 33B Marina Blvd. | Shoulder blocked on exit ramp due to accident on 106th Ave Eastbound at I-580.,3,4,"Nimitz Fwy S, I-580 E, Mission Blvd",Clear,50.6
2017-03-13 04:00:00,61.98,Normal traffic flow,0,0,,Clear,58.4
2017-03-13 05:00:00,66.77,At CA-242/Gregory Ln - Accident.,2,1,CA-242 S,Clear,48.0
2017-03-13 06:00:00,47.11,At I-680 - Accident. Left lane blocked. | At 3rd St/Exit 429B/Exit 429C - Accident. Right lane blocked.,2,2,"I-580 W, James Lick Fwy N",Clear,47.0
2017-03-13 07:00:00,23.52,At Alpine Rd - Accident. | At Industrial Pky - Accident. Left lane blocked.,2,2,"Junipero Serra Fwy N, Nimitz Fwy S",Clear,49.1
2017-03-13 08:00:00,22.05,Accident on I-280 Northbound at Exit 42 Cunningham Way. | Accident on CA-242 Southbound before Exit 1 Clayton Rd.,3,6,"Junipero Serra Fwy N, CA-242 S, Bayfront Expy W",Clear,54.0
2017-03-13 09:00:00,21.33,Accident on Greenwood Dr at Fordham St. | Accident on I-880 Southbound before Exit 29 A St.,3,8,"Greenwood Dr, I-880 N, I-580 E",Clear,55.8
2017-03-13 10:00:00,48.38,Accident on McLaughlin Ave at Owsley Ave. | Accident on CA-84 Westbound after Quarry Rd.,3,3,"Owsley Ave, CA-84 W, Industrial Pkwy W",Clear,63.5
2017-03-13 11:00:00,63.01,Accident on I-80 I-580 Westbound after Exit 9 I-580. | Accident on US-101 Northbound at Exit 380 Hellyer Ave.,3,5,"I-80 W, US-101 N, Bayshore Fwy S",Clear,65.3
2017-03-13 12:00:00,62.96,#1 lane blocked due to accident on US-101 Northbound at Exit 402 Embarcadero Rd. | At Coolidge Ave - Accident. Right lane blocked.,2,2,"Embarcadero Rd, I-580 W",Clear,66.0
2017-03-13 13:00:00,63.68,Accident on I-880 Northbound at Exit 26 Tennyson Rd. | Accident on CA-87 Guadalupe Pkwy Northbound before Exit 7 Taylor St.,3,3,"W Tennyson Rd, Guadalupe Pkwy N, Sinclair Fwy N",Clear,72.3
2017-03-13 14:00:00,63.34,At Park Blvd - Accident. | Ramp to Army St/Potrero Ave - Accident.,2,8,"I-580 E,  San Bruno Ave, James Lick Fwy S",Clear,68.6
2017-03-13 15:00:00,61.64,Lane blocked on exit ramp due to accident on I-580 Westbound at Exits 26 26A 26B Mountain Blvd. | Between Broadway and 5th St/Adeline St/Market St - Accident.,3,3,"I-580 W, Madison St, I-880 N",Partly Cloudy,71.7
2017-03-13 16:00:00,63.06,Lane blocked due to accident on CA-1 Shoreline Hwy Westbound at Coastal Fire Trl. | Between Eden Canyon Rd and Foothill Rd/San Ramon Rd - Accident.,2,2,"Coastal Fire Trl, I-580 E",Clear,75.0
2017-03-13 17:00:00,63.41,Lane blocked on exit ramp due to accident on I-580 Eastbound at Exit 22 MacArthur Blvd. | Lane blocked due to accident on CA-85 Southbound at Exits 10 11 Bascom Ave.,3,7,"I-580 E, CA-85 S, I-280 S",Clear,74.5
2017-03-13 18:00:00,64.08,Lane blocked due to accident on I-880 Northbound at Exit 41B I-980. | Lane blocked on exit ramp due to accident on I-880 Northbound at Exit 41A 6th St.,3,2,I-880 N,Partly Cloudy,69.1
2017-03-13 19:00:00,63.1,Lane blocked on exit ramp due to accident on I-580 Eastbound at Exit 44A San Ramon Rd.,3,1,I-580 E,Clear,64.9
2017-03-13 20:00:00,62.94,Lane blocked on exit ramp due to accident on I-680 Northbound at Exit 46 Hillside Ave. | Lane blocked on exit ramp due to accident on I-680 Northbound at Exit 14 Auto Mall Pkwy.,3,6,"I-680 N, I-280 S, Bayshore Fwy S",Clear,67.1
2017-03-13 21:00:00,62.43,Normal traffic flow,0,0,,Clear,58.4
2017-03-13 22:00:00,62.37,Normal traffic flow,0,0,,Clear,58.4
2017-03-13 23:00:00,61.81,Right hand shoulder blocked due to accident now on the shoulder on I-280 Southbound at Exits 4 5A Meridian Ave.,3,1,I-280 S,Clear,62.1
2017-03-14 00:00:00,61.22,Right hand shoulder blocked due to accident on I-280 Southbound at Exit 52 Bosworth St. | Right hand shoulder blocked due to accident now on the shoulder on I-280 Southbound at Exit 52 Bosworth St.,3,3,"I-280 S, I-880 N",Partly Cloudy,59.0
2017-03-14 01:00:00,61.16,Normal traffic flow,0,0,,Clear,58.4
2017-03-14 02:00:00,60.93,Right hand shoulder blocked due to accident on I-280 Northbound around Exit 7 Saratoga Ave.,3,1,Saratoga Ave,Clear,57.0
2017-03-14 03:00:00,61.08,Normal traffic flow,0,0,,Clear,58.4
2017-03-14 04:00:00,62.42,Right hand shoulder blocked due to accident on CA-24 Eastbound at Exit 6 Caldecott Ln.,2,1,CA-24 W,Clear,55.0
2017-03-14 05:00:00,65.29,At Central Ave - Accident.,2,1,I-80 E,Clear,52.0
2017-03-14 06:00:00,40.36,#3 lane blocked due to accident on I-580 Westbound at Airway Blvd.,3,1,I-580 W,Clear,46.0
2017-03-14 07:00:00,21.5,At Industrial Blvd - Accident. | At W Campbell Ave - Accident. Left lane blocked.,2,3,"W Jackson St, San Tomas Expy, US-101 N",Clear,55.0
2017-03-14 08:00:00,21.39,Accident on I-80 Westbound before Exit 14A Central Ave.,3,1,Central Ave,Clear,57.0
2017-03-14 09:00:00,22.72,Accident on US-101 Northbound at I-280. | Right hand shoulder blocked due to accident on US-101 Southbound at Alum Rock Ave.,3,3,"US-101 N, Alum Rock Ave, I-680 N",Clear,61.4
2017-03-14 10:00:00,47.5,Accident on I-880 Southbound at Exit 23 Alvarado Niles Rd. | Accident on I-680 Southbound before Exit 48 Main St.,3,5,"Alvarado Niles Rd, I-680 S, W Jackson St",Clear,66.7
2017-03-14 11:00:00,63.54,Right hand shoulder blocked due to accident on US-101 Southbound before CA-92 . | Accident on I-880 Northbound before I-238.,3,4,"Bayshore Fwy S, I-880 N, Nimitz Fwy S",Partly Cloudy,67.1
2017-03-14 12:00:00,63.02,Right hand shoulder blocked due to accident on I-580 Westbound at Exit 24 35th Ave. | At San Pablo Dam Rd - Accident. Left lane blocked.,3,3,"I-580 E, I-80 W, Nimitz Fwy S",Partly Cloudy,72.3
2017-03-14 13:00:00,60.54,At Gateway Blvd - Accident. | At CA-84/Decoto Rd - Accident.,2,2,"CA-24 W, CA-84 W",Clear,72.3
2017-03-14 14:00:00,61.69,Right hand shoulder blocked due to accident on I-280 Northbound before San Jose Ave. | Accident on I-880 Southbound before Exit 29 A St.,3,3,"John F Foran Fwy, Nimitz Fwy S, CA-92 E",Partly Cloudy,74.4
2017-03-14 15:00:00,61.03,Lane blocked on exit ramp due to accident on I-80 Westbound at Exit 18 San Pablo Dam Rd. SigAlert issued. | Lane blocked on exit ramp due to accident on CA-87 Guadalupe Pkwy Northbound at Exit 6A Santa Clara St.,3,9,"I-80 W, Guadalupe Pkwy N, Monroe St",Clear,78.2
2017-03-14 16:00:00,61.2,Lane blocked on exit ramp to two due to accident on CA-24 Westbound at Exit 7B Wilder Rd. | At CA-92/Jackson St - Accident.,2,8,"CA-24 W, Nimitz Fwy S,  E Castro Valley Blvd",Clear,76.3
2017-03-14 17:00:00,61.16,Lane blocked on exit ramp due to accident on CA-92 Eastbound at Exit 24 Clawiter Rd. | #3 lane blocked due to accident on CA-92 Eastbound in Redwood City.,2,8,"W Jackson St, CA-92 E, Monroe St",Partly Cloudy,74.9
2017-03-14 18:00:00,62.59,Lane blocked on entry ramp due to accident on I-580 Westbound at Exit 32 Foothill Blvd. | Lane blocked due to accident on I-580 Eastbound at Exit 44A San Ramon Rd.,3,4,"I-580 W, I-580 E, San Francisco-Oakland Bay Bridge",Clear,70.8
2017-03-14 19:00:00,63.04,Lane blocked due to accident on CA-84 Eastbound at Dumbarton Bridge. | Lane blocked due to accident on US-101 Southbound at Exit 403 Bayshore Rd.,3,5,"Dumbarton Bridge, Bayshore Fwy S, US-101 N",Clear,68.5
2017-03-14 20:00:00,61.88,Lane blocked on exit ramp due to accident on I-280 Southbound at Exit 25 CA-84 Woodside Rd. | Lane blocked due to accident on US-101 Southbound at Exit 417 Poplar Ave.,3,3,"I-280 S, Bayshore Fwy S, Stevens Creek Blvd",Clear,64.0
2017-03-14 21:00:00,62.03,Right hand shoulder blocked due to accident on I-80 Westbound at Exits 8A 8B I-880. | Accident on US-101 Northbound at Exits 400B 400C San Antonio Rd.,3,6,"I-80 W, US-101 N, Junipero Serra Fwy N",Clear,62.5
2017-03-14 22:00:00,61.62,Normal traffic flow,0,0,,Clear,58.4
2017-03-14 23:00:00,61.72,At CA-109/University Ave/Exit 403 - Accident.,3,1,Bayshore Fwy S,Clear,60.8
2017-03-15 00:00:00,61.08,Slow traffic due to accident on I-280 Southbound at Exit 57 King St.,3,1,I-280 S,Clear,57.9
2017-03-15 01:00:00,60.94,Slow lane blocked and right hand shoulder blocked due to multi-vehicle accident on US-101 Southbound at Exits 420 421 Millbrae Ave. | Two lanes blocked due to accident on US-101 Northbound at Exits 419A 419B Rollins Rd.,3,5,"Bayshore Fwy S, Smalley Ave, I-680 N",Clear,56.1
2017-03-15 02:00:00,60.97,Right hand shoulder blocked due to accident on I-880 Northbound at Exit 24 Whipple Rd. | Lane blocked due to accident on I-680 Northbound at Exits 49 49A 49B 50 CA-242.,3,3,"I-880 N, CA-242 S, I-680 S",Clear,57.3
2017-03-15 03:00:00,61.05,Shoulder blocked on entry ramp due to accident on CA-87 Guadalupe Pkwy Southbound at Exit 6B Julian St.,2,1,W Julian St,Clear,57.9
2017-03-15 04:00:00,62.7,Normal traffic flow,0,0,,Clear,58.4
2017-03-15 05:00:00,63.05,Right hand shoulder blocked due to accident on US-101 Southbound at I-80 . | #1 lane blocked due to accident on US-101 Northbound before Hellyer Ave.,2,3,"Central Fwy, US-101 N, I-80 W",Overcast,53.0
2017-03-15 06:00:00,33.82,At Poplar Ave/Exit 417 - Accident. | At Winton Ave - Accident.,2,2,"US-101 N, I-880 N",Overcast,53.1
2017-03-15 07:00:00,22.72,At US-101 - Accident. Left lane blocked. | At I-280/Alemany Blvd - Accident.,2,2,"CA-92 E, James Lick Fwy N",Mostly Cloudy,53.4
2017-03-15 08:00:00,21.44,At CA-82/El Camino Real - Accident. | At CA-238 - Accident. Right lane blocked.,2,3,"Norman Y Mineta Hwy, I-580 E, Bayshore Fwy S",Mostly Cloudy,56.3
2017-03-15 09:00:00,23.71,Accident on US-101 Northbound at Exit 417 Poplar Ave. | Accident on I-280 Southbound at Sneath Ln.,3,6,"US-101 N, I-280 S, I-580 W",Mostly Cloudy,56.6
2017-03-15 10:00:00,66.87,Accident on US-101 Northbound after Exits 430A 430B 431 I-280. | Accident on I-80 Westbound at Exit 19B Hilltop Dr.,3,9,"James Lick Fwy N, I-80 W, Hess Rd",Clear,59.6
2017-03-15 11:00:00,63.63,Accident on CA-87 Northbound before Exits 3 3A Curtner Ave. | Ramp to Alemany Blvd - Accident. Left lane blocked.,2,2,"Guadalupe Fwy N, John F Foran Fwy N",Mostly Cloudy,60.0
2017-03-15 12:00:00,65.18,Left lane blocked due to accident on I-280 Southbound at Exit 52 Bosworth St. | #3 lane blocked due to accident on CA-85 Northbound at I-280.,3,6,"John F Foran Fwy, Norman Y Mineta Hwy, I-880 S",Mostly Cloudy,61.9
2017-03-15 13:00:00,63.27,Ramp to I-580/27th St - Accident. Left lane blocked. | At Alcosta Blvd - Accident.,2,3,"I-580 W, I-680 S, Nimitz Fwy S",Clear,64.1
2017-03-15 14:00:00,63.33,Accident on I-280 Southbound after Exit 52 Bosworth St. | Accident on Hazelwood Dr at Maywood Way.,3,7,"I-280 S, Maywood Way, I-238 N",Mostly Cloudy,62.1
2017-03-15 15:00:00,61.23,Two lanes blocked due to accident on I-880 Southbound at Exit 27 CA-92 Jackson St. | Two lanes blocked due to accident on I-580 Westbound at Exits 19B 19C 19D 20 I-980.,3,4,"Nimitz Fwy S, I-580 E, Sinclair Fwy N",Clear,64.3
2017-03-15 16:00:00,62.89,Lane blocked due to accident on I-880 Southbound at Exit 23 Alvarado Niles Rd. | At Sickles Ave - Accident.,3,3,"Nimitz Fwy S, I-280 S, Bayshore Fwy S",Mostly Cloudy,58.9
2017-03-15 17:00:00,63.51,Accident on US-101 Northbound at Exit 446 Redwood Hwy. | #4 lane blocked due to accident on I-580 Westbound at I-80.,3,9,"US-101 N, I-580 W, Scott Blvd",Mostly Cloudy,60.4
2017-03-15 18:00:00,63.3,Lane blocked due to accident on I-80 I-580 Westbound at Exit 10 I-580. | Lane blocked due to accident on I-580 Eastbound at Exit 44A San Ramon Rd.,3,4,"Ashby Ave, I-580 E",Mostly Cloudy,60.0
2017-03-15 19:00:00,63.41,At CA-185/14th St/Mission Blvd - Accident.,2,1,I-238 N,Partly Cloudy,57.9
2017-03-15 20:00:00,61.68,Accident on I-238 Northbound at Exit 14 I-580. | Lane blocked due to accident on CA-24 Eastbound at Exit 7A Old Tunnel Rd.,3,6,"I-238 N, Caldecott Tunl E, I-880 S",Mostly Cloudy,57.3
2017-03-15 21:00:00,62.12,Lane blocked due to accident on CA-35 Half Moon Bay Rd Eastbound at Skyline. | Lane blocked due to accident on I-880 Northbound at Exit 17 Mowry Ave.,3,2,"Half Moon Bay Rd, I-880 N",Mostly Cloudy,56.3
2017-03-15 22:00:00,61.82,Normal traffic flow,0,0,,Clear,58.4
2017-03-15 23:00:00,61.4,Lane blocked and queueing traffic due to accident on US-101 Southbound at Exit 388A Oakland Rd.,2,1,Bayshore Fwy S,Mostly Cloudy,55.9
2017-03-16 00:00:00,61.32,Right hand shoulder blocked due to accident now on the shoulder on I-680 Northbound at Exit 4 Berryessa Rd.,3,1,I-680 N,Overcast,55.4
2017-03-16 01:00:00,60.98,One lane blocked due to accident on US-101 Northbound at Exits 388B 388C I-880.,2,1,I-880 S,Clear,54.0
2017-03-16 02:00:00,60.8,One lane blocked due to accident on US-101 Northbound at Exit 445A Donahue St. | Lane blocked due to accident on US-101 Northbound at Exit 412 Ralston Ave.,3,4,"N Bridge Blvd, Ralston Ave, Lawrence Expy",Overcast,56.0
2017-03-16 03:00:00,61.1,Normal traffic flow,0,0,,Clear,58.4
2017-03-16 04:00:00,62.51,One lane blocked due to accident on I-880 Northbound at Exit 10 Dixon Landing Rd.,3,1,Dixon Landing Rd,Overcast,55.0
2017-03-16 05:00:00,64.08,At Coleman Ave - Accident. Left lane blocked.,2,1,I-880 N,Overcast,55.9
2017-03-16 06:00:00,48.26,#1 lane blocked due to accident on I-80 I-580 Eastbound before Powell St. | At I-680 - Accident. Left lane blocked.,3,2,"I-80 W, I-580 W",Overcast,57.0
2017-03-16 07:00:00,22.98,Accident on 2nd St at Campus Dr. | At Saratoga Ave - Accident.,3,3,"2nd St, Norman Y Mineta Hwy, I-880 N",Overcast,57.9
2017-03-16 08:00:00,25.34,Lane blocked on exit ramp due to accident on I-880 Southbound at Exit 4A 1st St. | At Tennyson Rd - Accident. Left lane blocked.,3,6,"Guadalupe Pkwy S, I-880 N, I-680 N",Overcast,58.2
2017-03-16 09:00:00,44.39,Accident on I-80 Westbound at Toll Plaza. | Accident on I-580 Westbound before I-680.,3,7,"I-80 W, I-580 E, I-680 N",Overcast,58.2
2017-03-16 10:00:00,60.84,One lane blocked due to accident on I-880 Northbound at Exit 28 Winton Ave. | #3 lane blocked due to accident on I-680 Southbound at Exit 43 Livorna Rd.,3,4,"I-880 N, I-680 S, N 4th St",Overcast,62.3
2017-03-16 11:00:00,63.03,Accident on CA-84 Westbound after Quarry Rd.,2,1,CA-84 W,Mostly Cloudy,62.1
2017-03-16 12:00:00,62.68,Accident on I-880 Southbound at Exit 25 Industrial Pkwy. | #2 lane blocked due to accident on I-80 Westbound at Exit 13 I-580.,3,7,"Industrial Pkwy W, Eastshore Fwy W, Patton St",Mostly Cloudy,64.4
2017-03-16 13:00:00,63.49,Accident on US-101 Southbound after Exit 402 Embarcadero Rd. | Accident on CA-85 Northbound before Exits 22A 22B CA-82 El Camino Real.,2,4,"Embarcadero Rd, Norman Y Mineta Hwy, Great America Pkwy",Mostly Cloudy,65.8
2017-03-16 14:00:00,63.12,Accident on Rollingwood Dr at Fordham St.,2,1,Fordham St,Clear,72.0
2017-03-16 15:00:00,60.47,Lane blocked on entry ramp due to accident on CA-24 Eastbound at Exit 7A Old Tunnel Rd. | Lane blocked due to accident on I-680 Southbound at Exit 43 Livorna Rd.,3,5,"Grove Shafter Fwy E, I-680 S, US-101 N",Clear,70.8
2017-03-16 16:00:00,61.58,At CA-92/Fashion Island Blvd/Exit 414B - Accident.,2,1,Bayshore Fwy S,Mostly Cloudy,66.2
2017-03-16 17:00:00,61.39,At Lafayette St - Accident.,2,1,Lafayette St,Mostly Cloudy,64.0
2017-03-16 18:00:00,62.99,Lane blocked on entry ramp due to accident on US-101 Northbound at Exit 388A Oakland Rd. | Lane blocked due to accident on CA-84 Eastbound at CA-109 University Ave.,3,6,"US-101 N, Bayfront Expy W, I-680 N",Mostly Cloudy,63.4
2017-03-16 19:00:00,62.74,Lane blocked due to accident on I-980 Eastbound at Exits 2A 2B I-580. | Lane blocked due to accident on I-280 Northbound at Exit 51 Ocean Ave.,3,8,"I-580 E, John F Foran Fwy, CA-85 S",Mostly Cloudy,60.0
2017-03-16 20:00:00,61.78,Lane blocked due to accident on I-280 Southbound at Exits 3A 3B Bird Ave. | Lane blocked due to accident on I-280 Northbound at Exit 55 Indiana St.,3,3,"I-280 S, John F Foran Fwy N, Golden Gate Brg S",Scattered Clouds,57.3
2017-03-16 21:00:00,60.68,#1. #2 and slow lane blocked due to accident on I-580 Eastbound before Exits 30 31A MacArthur Blvd. | Accident on County Hwy-G4 San Tomas Expy at Payne Ave. On the median.,3,3,"I-580 E, Payne Ave, CA-85 S",Scattered Clouds,57.4
2017-03-16 22:00:00,61.32,Lane blocked due to accident on I-280 Northbound at Exit 25 CA-84 Woodside Rd. | Lane blocked due to accident on I-680 Northbound at Exit 53 CA-4.,3,6,"Junipero Serra Fwy N, CA-4 E, CA-85 S",Clear,55.7
2017-03-16 23:00:00,61.42,Queueing traffic and Slow lane blocked due to accident on I-680 Northbound around Exit 15 Washington Blvd.,3,1,I-680 S,Clear,55.0
2017-03-17 00:00:00,61.26,Right hand shoulder blocked due to accident on US-101 Southbound at Exits 385A 385B I-680. | At Harrison St - Accident.,3,2,"I-680 S, James Lick Fwy N",Clear,50.2
2017-03-17 01:00:00,60.98,Normal traffic flow,0,0,,Clear,58.4
2017-03-17 02:00:00,60.92,Lane blocked due to accident on Black Mountain Rd both ways at Skyline Blvd. | Right hand shoulder blocked due to accident on I-880 Southbound at Exit 21 Decoto Rd.,3,2,"Golf Course Dr, Nimitz Fwy S",Clear,50.6
2017-03-17 03:00:00,61.02,Normal traffic flow,0,0,,Clear,58.4
2017-03-17 04:00:00,62.68,At CA-92 - Accident.,2,1,Junipero Serra Fwy N,Clear,50.0
2017-03-17 05:00:00,63.56,At I-880/CA-17 - Accident. | At CA-238 - Accident.,2,2,"Sinclair Fwy N, I-238 N",Clear,48.4
2017-03-17 06:00:00,58.79,Normal traffic flow,0,0,,Clear,58.4
2017-03-17 07:00:00,37.94,Accident on I-280 Northbound before Exit 33 CA-92.,3,1,CA-92 E,Partly Cloudy,48.2
2017-03-17 08:00:00,28.19,Accident on I-280 Southbound before Exit 7 Saratoga Ave. | Accident on I-280 Northbound at CA-17.,3,4,"Saratoga Ave, Junipero Serra Fwy N, Fallon Rd",Clear,51.1
2017-03-17 09:00:00,22.6,Accident on I-680 Southbound before Stone Valley Rd. | Accident on US-101 Southbound at Exit 446 Redwood Hwy.,3,4,"I-680 S, US-101 N, I-580 E",Clear,53.4
2017-03-17 10:00:00,34.78,Accident on I-280 Northbound before Exit 22 Alpine Rd. | Accident on I-680 Southbound before Concord Ave.,3,4,"I-280 S, Concord Ave, James Lick Fwy N",Partly Cloudy,60.7
2017-03-17 11:00:00,64.17,Lane blocked on exit ramp due to accident on CA-84 Marsh Rd Southbound at CA-84 Marsh Rd. | #2 lane blocked due to accident on US-101 Northbound after CA-130 Alum Rock Ave.,3,8,"Bayshore Fwy S, Alum Rock Ave, I-880 N",Clear,63.3
2017-03-17 12:00:00,62.6,Accident on I-80 Eastbound before Exit 4 Hillcrest Rd. | Accident on I-580 Westbound before I-680 .,3,7,"San Francisco-Oakland Bay Brg E, I-580 E, James Lick Fwy N",Scattered Clouds,63.7
2017-03-17 13:00:00,63.46,Accident on I-280 Northbound before Alemany Blvd. | Accident on CA-237 Westbound before Exit 5 County Hwy-G2 Lawrence Expy.,3,4,"John F Foran Fwy, Lawrence Expy, I-80 E",Clear,71.0
2017-03-17 14:00:00,63.44,Accident on I-580 Westbound before Santa Rita Rd. | Accident on I-680 Southbound before Exit 31 Alcosta Blvd.,3,3,"Tassajara Rd, I-680 S, US-101 N",Clear,71.6
2017-03-17 15:00:00,61.82,#3 lane blocked due to accident on US-101 Southbound before Exits 433 433B 433C San Francisco-Oakland Bay Bridge. | Carpool lane blocked due to accident on I-80 I-580 Westbound near Exit 10 I-580.,3,4,"San Bruno Ave, Eastshore Fwy W, US-101 N",Mostly Cloudy,70.9
2017-03-17 16:00:00,62.06,#4 lane blocked due to accident on I-880 Northbound between Exit 41B I-980 and Exit 42A I-980. | Right hand shoulder blocked due to accident on I-238 Northbound before Exits 16A 16B I-880.,3,8,"Jefferson St, Hesperian Blvd, Bayshore Fwy S",Clear,74.6
2017-03-17 17:00:00,62.63,Accident on US-101 Southbound before Exits 390 391 CA-87 Guadalupe Pkwy. | Right hand shoulder blocked due to accident on I-880 Northbound before Exit 24 Whipple Rd.,3,3,"Charcot Ave, I-880 N, CA-24 E",Mostly Cloudy,71.7
2017-03-17 18:00:00,63.56,Right hand shoulder blocked due to accident on CA-13 Warren Fwy Southbound after Exit 4 Moraga Ave. | Accident on Los Gatos Blvd at Samaritan Dr.,3,13,"Warren Fwy S, Los Gatos Blvd, Junipero Serra Fwy N",Mostly Cloudy,68.6
2017-03-17 19:00:00,63.02,Accident on US-101 Southbound before Exits 396B 396C CA-237. | Right hand shoulder blocked due to accident on US-101 Southbound before Exits 395 395A 395B Fair Oaks Ave.,3,16,"Bayshore Fwy S, US-101 N, Junipero Serra Fwy N",Clear,67.3
2017-03-17 20:00:00,61.86,#1 lane blocked due to accident on US-101 Northbound between Exit 439 Transit Transfer Facility and Exit 442 Sausalito Lateral. | Shoulder blocked on exit ramp due to accident on CA-24 Eastbound at Exit 12 Oak Hill Rd.,3,18,"Sausalito Lateral, CA-24 E, San Tomas Expy",Mostly Cloudy,62.9
2017-03-17 21:00:00,62.31,Accident on US-101 Southbound at Exits 386A 386B McKee Rd. | Accident on I-680 Southbound at Exit 1A US-101.,3,6,"Bayshore Fwy S, US-101 N, Buskirk Ave",Clear,64.2
2017-03-17 22:00:00,62.55,Accident on Blackhawk Rd near Blackhawk Plaza Cir.,2,1,Blackhawk Rd,Clear,61.0
2017-03-17 23:00:00,62.29,Normal traffic flow,0,0,,Clear,58.4
2017-03-18 00:00:00,61.61,Normal traffic flow,0,0,,Clear,58.4
2017-03-18 01:00:00,61.16,Normal traffic flow,0,0,,Clear,58.4
2017-03-18 02:00:00,61.14,Accident on I-880 Northbound at Exits 30 31A I-238. | #1 lane blocked due to accident on US-101 Northbound at Exits 433 433B 433C San Francisco-Oakland Bay Bridge.,3,3,"I-880 N, San Bruno Ave, Aladdin Ave",Clear,56.9
2017-03-18 03:00:00,61.24,Slow lane blocked due to accident on I-680 Southbound at Exits 1B 1C King Rd.,3,1,I-680 S,Clear,53.6
2017-03-18 04:00:00,61.51,Accident on I-680 Northbound at Exits 21 21A 21B CA-84. | Accident on I-680 Northbound at Exits 1D 2A Capitol Expy.,3,2,I-680 N,Clear,52.4
2017-03-18 05:00:00,62.25,#1 lane blocked due to accident on CA-24 Westbound at Exits 5 5A 5B CA-13 Warren Fwy. | #2 and #3 lane blocked due to accident on I-680 Northbound at Exit 48 Main St.,3,2,"CA-24 W, I-680 N",Clear,54.0
2017-03-18 06:00:00,62.22,Normal traffic flow,0,0,,Clear,58.4
2017-03-18 07:00:00,62.3,Normal traffic flow,0,0,,Clear,58.4
2017-03-18 08:00:00,62.75,Accident on I-680 Northbound at Exit 25 Pleasanton Sunol Rd.,3,1,I-680 S,Clear,55.9
2017-03-18 09:00:00,62.39,Normal traffic flow,0,0,,Clear,58.4
2017-03-18 10:00:00,63.07,Normal traffic flow,0,0,,Clear,58.4
2017-03-18 11:00:00,63.43,Normal traffic flow,0,0,,Clear,58.4
2017-03-18 12:00:00,63.0,Between Mariposa St and 5th St - Accident.,2,1,John F Foran Fwy N,Overcast,62.1
2017-03-18 13:00:00,62.2,Accident on Cherry Way at Western Blvd. | Accident on CA-131 Tiburon Blvd at Bay Vista Dr.,2,2,"Western Blvd, Tiburon Blvd",Clear,63.8
2017-03-18 14:00:00,62.93,Accident on CA-84 Vallecitos Rd at Kalthoff Cmn. | Accident on Lark Ave at CA-17.,3,3,"Vallecitos Rd, CA-17 S, I-580 E",Clear,65.7
2017-03-18 15:00:00,62.55,Accident on Chester Ave at Belle Ave. | Right hand shoulder blocked due to accident on US-101 Southbound at Exit 432 Potrero Ave.,2,2,"Belle Ave, James Lick Fwy S",Partly Cloudy,68.0
2017-03-18 16:00:00,63.08,Accident on CA-24 Westbound at Exit 6 Caldecott Ln.,2,1,CA-24 W,Partly Cloudy,66.0
2017-03-18 17:00:00,59.94,Accident on Almonte Blvd at CA-1 Shoreline Hwy. | Multi-vehicle accident on US-101 Southbound at Exit 408 Woodside Rd.,2,3,"Shoreline Hwy, Woodside Rd, US-101 N",Mostly Cloudy,67.4
2017-03-18 18:00:00,63.0,One lane blocked due to accident on I-80 Westbound at Exit 13 I-580. | Accident on CA-92 Jackson St Westbound at Exits 26A 26B I-880.,3,4,"I-80 E, W Jackson St, I-680 N",Clear,66.4
2017-03-18 19:00:00,60.5,Normal traffic flow,0,0,,Clear,58.4
2017-03-18 20:00:00,59.98,Accident on Parkmoor Ave Southbound at I-280.,2,1,Meridian Ave,Overcast,59.0
2017-03-18 21:00:00,62.01,Normal traffic flow,0,0,,Clear,58.4
2017-03-18 22:00:00,62.09,Left hand shoulder blocked due to accident on US-101 Southbound at Exit 403 Bayshore Rd. | Accident on White Rd at CA-130 Alum Rock Ave.,2,2,"Bayshore Fwy S, White Rd",Mostly Cloudy,59.0
2017-03-18 23:00:00,62.06,Accident on US-101 Northbound at Exits 433 433B 433C San Francisco-Oakland Bay Bridge.,2,1,San Bruno Ave,Scattered Clouds,54.0
2017-03-19 00:00:00,61.88,Normal traffic flow,0,0,,Clear,58.4
2017-03-19 01:00:00,61.22,Accident on CA-84 Westbound in Redwood City. | Accident on Greenridge Rd around Greenridge Ct.,3,3,"Bayfront Expy W, Greenridge Rd, Sinclair Fwy N",Clear,55.7
2017-03-19 02:00:00,60.86,Right hand shoulder blocked due to accident on I-680 Northbound at Exit 43 Livorna Rd.,3,1,I-680 N,Clear,55.0
2017-03-19 03:00:00,61.02,Accident on CA-92 Westbound in Hayward. | Right hand shoulder blocked due to accident on I-580 Westbound at Exit 37 Grove Way.,3,2,"J Arthur Younger Fwy W, I-580 W",Mostly Cloudy,55.9
2017-03-19 04:00:00,61.24,At Sycamore Valley Rd - Accident.,3,1,I-680 S,Clear,54.0
2017-03-19 05:00:00,61.78,Lane blocked due to accident on I-80 Westbound at Exits 8A 8B I-880.,3,1,I-80 W,Mostly Cloudy,55.9
2017-03-19 06:00:00,62.02,Normal traffic flow,0,0,,Clear,58.4
2017-03-19 07:00:00,62.29,Accident on I-680 Northbound at Exit 38 Sycamore Valley Rd.,3,1,I-680 N,Overcast,55.9
2017-03-19 08:00:00,63.13,Normal traffic flow,0,0,,Clear,58.4
2017-03-19 09:00:00,63.33,First lane blocked due to accident on US-101 Southbound at Exit 432 Potrero Ave.,2,1,James Lick Fwy S,Mostly Cloudy,60.1
2017-03-19 10:00:00,64.18,Normal traffic flow,0,0,,Clear,58.4
2017-03-19 11:00:00,64.16,Normal traffic flow,0,0,,Clear,58.4
2017-03-19 12:00:00,63.33,First lane blocked due to accident on US-101 Southbound at Exit 417 Poplar Ave.,2,1,Bayshore Fwy S,Mostly Cloudy,61.0
2017-03-19 13:00:00,64.73,One lane blocked and right hand shoulder blocked due to accident on I-680 Southbound at Exit 46 Hillside Ave. | Accident on Appian Way at La Paloma Rd.,3,2,"I-680 S, Appian Way",Overcast,68.6
2017-03-19 14:00:00,64.04,Accident on I-80 Westbound at Exits 8A 8B I-880. | Right hand shoulder blocked due to accident on US-101 Northbound at Exit 388A Oakland Rd.,3,2,"I-80 W, US-101 N",Overcast,66.0
2017-03-19 15:00:00,63.67,Accident on Turk St at Larkin St. | One lane blocked due to accident on I-580 Westbound at Exits 44B 45 I-680.,3,4,"Larkin St, I-580 W, Sinclair Fwy N",Mostly Cloudy,67.2
2017-03-19 16:00:00,62.99,Accident on US-101 Northbound at Exits 384 385 Story Rd.,2,1,US-101 N,Overcast,64.4
2017-03-19 17:00:00,63.02,Normal traffic flow,0,0,,Clear,58.4
2017-03-19 18:00:00,63.35,Right hand shoulder blocked due to accident on I-680 Southbound at Exit 12 CA-262 Mission Blvd. | Accident on I-80 Westbound at Exits 2 2A Harrison St.,3,4,"I-680 S, I-80 W, I-280 S",Clear,60.0
2017-03-19 19:00:00,62.56,Right hand shoulder blocked due to accident on I-280 Southbound at Exit 55 Indiana St.,3,1,John F Foran Fwy N,Overcast,57.0
2017-03-19 20:00:00,61.71,Accident on I-580 Westbound at Exit 21B Grand Ave.,3,1,Grand Ave,Overcast,57.0
2017-03-19 21:00:00,61.44,Right hand shoulder blocked due to accident on I-680 Northbound at Exit 34 Bollinger Canyon Rd.,3,1,I-680 S,Clear,57.0
2017-03-19 22:00:00,61.67,Normal traffic flow,0,0,,Clear,58.4
2017-03-19 23:00:00,61.76,Accident on US-101 Van Ness Ave Southbound at Van Ness Ave. | Accident on I-980 Westbound at Exits 1A 1B 1C 1D Brush St.,3,3,"S Van Ness Ave, I-980 W, Thrush Ave",Clear,56.0
2017-03-20 00:00:00,61.25,Accident on CA-4 Eastbound at Exits 12B 12C I-680.,2,1,I-680 S,Clear,57.0
2017-03-20 01:00:00,60.93,Normal traffic flow,0,0,,Clear,58.4
2017-03-20 02:00:00,60.68,Normal traffic flow,0,0,,Clear,58.4
2017-03-20 03:00:00,61.16,Lane blocked due to accident on CA-87 Southbound at County Hwy-G8 Almaden Expy.,2,1,Almaden Expy,Clear,57.0
2017-03-20 04:00:00,62.3,Lane blocked due to accident on Whipple Rd both ways at 6th St. | At Grand Ave - Accident.,2,2,"6th St, W Grand Ave",Clear,55.5
2017-03-20 05:00:00,60.41,Right hand shoulder blocked due to accident on I-880 Northbound at Tennyson Rd. | At Concord Ave - Accident.,3,2,"I-880 N, CA-242 S",Clear,53.6
2017-03-20 06:00:00,43.08,At I-80 - Accident.,2,1,Central Fwy,Mostly Cloudy,55.9
2017-03-20 07:00:00,25.02,Accident on US-101 at Exit 394 County Hwy-G2 Lawrence Expy. | #3 and #4 lane blocked due to accident on US-101 Northbound at Exit 389B Brokaw Rd.,2,3,"Lawrence Expy, US-101 N, CA-242 S",Overcast,56.6
2017-03-20 08:00:00,27.05,Accident on I-680 Southbound at Exit 29 Stoneridge Dr.,3,1,I-680 S,Clear,57.9
2017-03-20 09:00:00,59.32,Gore point obstructed due to accident on US-101 Northbound at De La Cruz Blvd. | Right hand shoulder blocked due to accident on I-80 Westbound at Exit 22 Pinole Valley Rd.,3,9,"Trimble Rd, Pinole Valley Rd, Alameda St",Overcast,58.2
2017-03-20 10:00:00,61.64,Right hand shoulder blocked due to accident on I-580 Eastbound near Keller Ave. | Accident on I-880 Southbound after Exit 23 Alvarado Niles Rd. On the median.,3,8,"Keller Ave, Nimitz Fwy S, I-680 N",Mostly Cloudy,59.3
2017-03-20 11:00:00,63.58,Accident on I-580 Westbound before Keller Ave. | Accident now on the shoulder on CA-242 Southbound at Exit 2 Grant St.,3,9,"Keller Ave, Grant St, Grand Ave",Overcast,60.8
2017-03-20 12:00:00,62.48,#4 lane blocked due to accident on US-101 Northbound after Exit 393 Great America Pkwy. | Accident on Lake Chabot Rd at Astor Dr.,3,10,"US-101 N, Lake Chabot Rd, Fairmont Dr",Overcast,62.0
2017-03-20 13:00:00,62.83,Accident on CA-24 Westbound at Exit 14 Pleasant Hill Rd. | Accident on County Hwy-G4 San Tomas Expy at Moorpark Ave.,3,5,"Pleasant Hill Rd, San Tomas Expy, Auto Mall Pkwy",Overcast,62.3
2017-03-20 14:00:00,61.12,Right hand shoulder blocked due to accident on I-880 Southbound at Exit 41A 6th St. | #1 2 lane blocked due to accident on US-101 Northbound at Exit 414A Hillsdale Blvd.,3,7,"Nimitz Fwy S, Bayshore Fwy S, US-101 N",Overcast,61.9
2017-03-20 15:00:00,55.12,#1 lane blocked due to accident on I-580 Eastbound before Gilman St. | #1 lane blocked due to accident on I-80 I-580 Westbound before Powell St.,3,9,"I-580 W, Eastshore Fwy W, Bayshore Fwy S",Light Rain,61.5
2017-03-20 16:00:00,58.68,Right hand shoulder blocked due to accident on Montebello Rd at Stevens Canyon Rd. | #2 lane blocked due to accident on I-580 Eastbound after Exits 31 31B Grand Ave.,3,7,"Stevens Canyon Rd, I-580 E, Grove Shafter Fwy E",Light Rain,61.0
2017-03-20 17:00:00,58.32,Right hand shoulder blocked due to accident on CA-185 Mission Blvd at Cherry Way. | Accident on I-80 Westbound at Exit 19B Hilltop Dr.,3,17,"Mission Blvd, I-80 W, Camino Pablo",Light Rain,60.4
2017-03-20 18:00:00,60.81,Right hand shoulder blocked due to accident on I-280 Southbound at Exits 4 5A Meridian Ave. | Right hand shoulder blocked due to accident on I-580 Westbound at Exit 46 Hacienda Dr.,3,4,"I-280 S, I-580 W, Golden Gate Brg S",Overcast,59.1
2017-03-20 19:00:00,61.55,Accident on I-580 Eastbound at Exit 37 Grove Way. | Right hand shoulder blocked due to accident on I-880 Southbound at Exits 30 31A I-238.,3,9,"Grove Way, Nimitz Fwy S, CA-24 E",Overcast,60.5
2017-03-20 20:00:00,61.13,Right hand shoulder blocked due to accident on US-101 Southbound at Exit 452 Irwin St. | Slow lane blocked due to accident on I-280 at Exits 49 49B CA-1.,3,10,"US-101 S, John F Foran Fwy, I-380 E",Light Rain,58.8
2017-03-20 21:00:00,59.32,Accident on CA-1 Southbound after Exits 509 509A Clarinada Ave. | Right hand shoulder blocked due to accident on I-880 Southbound at Exit 29 A St.,3,3,"Coast Hwy, Nimitz Fwy S, I-80 W",Light Rain,59.4
2017-03-20 22:00:00,60.85,Middle lane blocked due to accident on US-101 Northbound at Exits 424 425A Airport Blvd. | #2 lane blocked due to accident on I-80 Westbound at Exit 13 I-580.,3,3,"S Airport Blvd, I-80 E, W A St",Light Rain,59.4
2017-03-20 23:00:00,61.46,Normal traffic flow,0,0,,Clear,58.4
2017-03-21 00:00:00,60.98,Accident on I-580 Eastbound at Exits 1 1B US-101. | Lane blocked and slow traffic due to accident on I-580 Westbound at Exit 23 Fruitvale Ave.,3,4,"I-580 E, I-580 W, CA-24 W",Overcast,59.4
2017-03-21 01:00:00,60.88,Normal traffic flow,0,0,,Clear,58.4
2017-03-21 02:00:00,60.79,One lane blocked due to accident on I-280 Southbound at Exits 43A 43B I-380. | #1 lane blocked due to accident on I-80 Eastbound at Exit 4A Treasure Is.,3,4,"Junipero Serra Fwy N, San Francisco-Oakland Bay Brg E, I-280 S",Overcast,60.0
2017-03-21 03:00:00,60.78,Lane blocked due to accident on CA-4 Westbound at Exit 9 Alhambra Ave. | Accident on Oyster Point Blvd both ways at Veterans Blvd.,3,3,"Alhambra Ave, Oyster Point Blvd, Paloverde Rd",Light Rain,60.0
2017-03-21 04:00:00,61.34,Normal traffic flow,0,0,,Clear,58.4
2017-03-21 05:00:00,57.84,Ramp to CA-237/Exit 22 - Accident. | At Washington Blvd - Accident.,2,3,"Norman Y Mineta Hwy, I-680 S",Light Rain,60.0
2017-03-21 06:00:00,35.37,Right hand shoulder blocked due to accident on CA-87 Guadalupe Pkwy Northbound before Taylor St. | At A St - Accident. Left lane blocked.,2,3,"Guadalupe Pkwy N, Nimitz Fwy S, I-280 S",Light Rain,59.7
2017-03-21 07:00:00,21.37,At Andrade Rd/Mission Rd - Accident.,3,1,I-680 S,Light Rain,59.0
2017-03-21 08:00:00,19.92,Accident on CA-85 Northbound at CA-237 . | At Pleasant Hill Rd - Accident.,2,2,"Norman Y Mineta Hwy, CA-24 W",Light Rain,59.0
2017-03-21 09:00:00,21.97,Accident on I-980 Westbound at I-880. | Accident on I-280 Southbound before Exit 27 Farm Hill Blvd.,3,6,"I-980 W, I-280 S, Junipero Serra Fwy N",Mostly Cloudy,58.2
2017-03-21 10:00:00,36.44,Accident on I-80 I-580 Eastbound near Ashby Ave. | Lane blocked on exit ramp due to accident on US-101 Southbound at Exit 409 Whipple Ave.,3,7,"I-580 W, Bayshore Fwy S, Sinclair Fwy N",Mostly Cloudy,60.8
2017-03-21 11:00:00,60.26,Accident on I-680 Southbound before Exit 25 Pleasanton Sunol Rd. | Accident on I-280 Southbound at Exit 33 CA-92.,3,5,"I-680 S, I-280 S, San Francisco-Oakland Bay Brg E",Mostly Cloudy,62.3
2017-03-21 12:00:00,62.48,Accident on US-101 Northbound before I-280. | #1 lane blocked due to accident on US-101 Southbound at CA-92 .,3,11,"US-101 N, CA-92 E, Edgewood Rd",Mostly Cloudy,64.3
2017-03-21 13:00:00,63.6,Accident on I-880 Northbound at Exit 35 98th Ave. | Accident on CA-1 Southbound before Manor Dr.,3,7,"Nimitz Fwy S, Coast Hwy, Bayshore Fwy S",Mostly Cloudy,65.0
2017-03-21 14:00:00,64.5,Accident on I-80 Westbound after Toll Plaza. | Accident on I-580 Westbound at I-80.,3,6,"I-80 W, I-580 W, I-680 N",Mostly Cloudy,66.4
2017-03-21 15:00:00,63.15,Two lanes blocked due to accident on County Hwy-G4 San Tomas Expy Northbound at Monroe St. | At Bascom Ave - Accident.,2,6,"Monroe St, I-880 N, I-680 N",Scattered Clouds,65.6
2017-03-21 16:00:00,63.36,Lane blocked due to accident on I-380 Westbound at Exits 5A 5B I-280. | Three lanes blocked due to accident on I-80 I-580 Westbound at Exit 9 I-580. SigAlert issued.,3,4,"San Bruno Ave W, Eastshore Fwy W, CA-24 E",Clear,64.7
2017-03-21 17:00:00,63.44,Accident on Lux Ave at San Miguel Ave. | Accident on I-280 Northbound at Exits 3A 3B Bird Ave. On the median.,3,4,"Lux Ave, Sinclair Fwy N, US-101 N",Scattered Clouds,64.6
2017-03-21 18:00:00,63.86,Lane blocked due to accident on I-880 Northbound at Exit 25 Industrial Pkwy. | Lane blocked due to accident on I-80 Westbound at Exit 17 Amador St.,3,4,"I-880 N, I-80 W, CA-85 S",Scattered Clouds,63.2
2017-03-21 19:00:00,63.48,Lane blocked due to accident on CA-24 Eastbound at Exit 14 Pleasant Hill Rd. | Lane blocked due to accident on I-680 Northbound at Exits 21 21A 21B CA-84.,3,4,"CA-24 E, I-680 N, I-580 E",Mostly Cloudy,61.6
2017-03-21 20:00:00,62.99,Lane blocked due to accident on I-580 Eastbound at Exit 21A Harrison St. | Lane blocked on exit ramp due to accident on I-880 Southbound at Exit 5 Brokaw Rd.,3,3,"I-580 E, I-880 S, J Arthur Younger Fwy W",Mostly Cloudy,60.0
2017-03-21 21:00:00,63.23,Accident on Maubert Ave at 162nd Ave. | Accident on US-101 Southbound before Exits 400B 400C San Antonio Rd.,2,3,"Maubert Ave, US-101 N, CA-85 S",Mostly Cloudy,59.4
2017-03-21 22:00:00,61.96,Normal traffic flow,0,0,,Clear,58.4
2017-03-21 23:00:00,61.42,Normal traffic flow,0,0,,Clear,58.4
2017-03-22 00:00:00,60.74,Right hand shoulder blocked due to accident now on the shoulder on I-880 Southbound at Exit 40 Embarcadero. | Right hand shoulder blocked due to accident now on the shoulder on US-101 Southbound at Exits 423A 423B San Bruno Ave.,3,4,"Nimitz Fwy S, Bayshore Fwy S, N Capitol Ave",Rain,58.8
2017-03-22 01:00:00,60.62,At US-101 (San Francisco) - Accident.,3,1,John F Foran Fwy,Overcast,57.9
2017-03-22 02:00:00,60.67,Right hand shoulder blocked due to accident and vehicles spun around on I-880 Southbound at Exit 39B 23rd Ave. | Lane blocked due to accident on US-101 Southbound at Exits 404A 404B CA-114 Willow Rd.,3,4,"23rd Ave, Bayshore Fwy S, I-880 N",Light Rain,54.0
2017-03-22 03:00:00,60.42,Right hand shoulder blocked due to accident on US-101 Southbound at Exit 439 Transit Transfer Facility. | Slow lane blocked due to accident on CA-24 Eastbound at Exit 12 Oak Hill Rd.,3,7,"Golden Gate Brg S, Oak Hill Rd, John F Foran Fwy",Overcast,54.6
2017-03-22 04:00:00,60.82,Lane blocked due to accident and vehicles spun around on CA-24 Eastbound at Exit 9 Camino Pablo. | Right hand shoulder blocked due to accident on US-101 Northbound at Exit 429A Alanna Way.,4,5,"Camino Pablo, James Lick Fwy N, 42nd Ave",Overcast,54.3
2017-03-22 05:00:00,59.85,Right hand shoulder blocked due to accident on I-680 Northbound before Contra Costa Blvd. | Left hand shoulder blocked due to accident on CA-242 Northbound before Olivera Rd.,3,4,"I-680 N, Olivera Rd, US-101 N",Light Rain,53.2
2017-03-22 06:00:00,34.93,#1 &amp; #2 lane blocked due to accident on I-680 Northbound before Auto Mall Pkwy. | #1 &amp; #2 lane blocked due to accident on I-680 Northbound after CA-238.,3,8,"I-680 N, I-680 S, I-580 E",Overcast,54.1
2017-03-22 07:00:00,20.57,Right lane blocked and right hand shoulder blocked due to accident and flooding on CA-13 Warren Fwy Southbound after CA-24. | #1 lane blocked due to accident on US-101 Northbound after Exit 411 Holly St.,4,11,"CA-13 S, US-101 N, Woodside Rd",Light Rain,53.4
2017-03-22 08:00:00,22.49,Accident on I-880 Southbound before Exit 40 Embarcadero. | Accident on I-580 Westbound before Exit 21B Grand Ave.,3,14,"I-880 N, Grand Ave, Nimitz Fwy S",Mostly Cloudy,54.1
2017-03-22 09:00:00,23.76,Accident on I-280 Northbound before CA-85. | Accident on I-280 Northbound after CA-87.,3,7,"Norman Y Mineta Hwy, Sinclair Fwy N, Sloat Blvd",Mostly Cloudy,55.1
2017-03-22 10:00:00,38.92,Accident on I-280 Southbound before Exit 1A McLaughlin Ave. | Accident on CA-85 Northbound at I-280.,3,7,"McLaughlin Ave, Norman Y Mineta Hwy, I-80 E",Mostly Cloudy,57.9
2017-03-22 11:00:00,61.81,Accident on I-880 Southbound after Exit 19 Thornton Ave. | Accident on I-280 Northbound before 6th St.,3,11,"Thornton Ave, John F Foran Fwy N, Livorna Rd",Mostly Cloudy,57.4
2017-03-22 12:00:00,61.22,Accident on I-880 Southbound at Exit 36 Hegenberger Rd. | Accident on I-580 Eastbound before CA-84 Airway Blvd.,3,5,"Hegenberger Rd, I-580 E, US-101 S",Scattered Clouds,59.2
2017-03-22 13:00:00,61.53,Accident on Reynolds Rd Eastbound after Hicks Rd. | Accident on I-280 Southbound at Exit 1A McLaughlin Ave.,3,3,"Hicks Rd, McLaughlin Ave, I-880 N",Mostly Cloudy,59.9
2017-03-22 14:00:00,62.39,#2 lane blocked due to accident on I-80 Westbound near Exit 4A Treasure Is. | Accident on CA-17 Santa Cruz Hwy Southbound at Santa Cruz Hwy.,3,4,"James Lick Fwy N, Santa Cruz Hwy, I-680 N",Mostly Cloudy,60.5
2017-03-22 15:00:00,61.07,At El Charro Rd/Fallon Rd - Accident. | At Amphitheatre/Exit 400A/Exit 400B - Accident.,2,2,"I-580 E, Bayshore Fwy S",Scattered Clouds,59.6
2017-03-22 16:00:00,61.87,Lane blocked due to accident on I-880 Northbound at Exit 28 Winton Ave. | At High St - Accident.,3,3,"I-880 N, Nimitz Fwy S, Bayshore Fwy S",Scattered Clouds,59.1
2017-03-22 17:00:00,62.83,Right hand shoulder blocked due to accident on I-680 Northbound after Exit 14 Auto Mall Pkwy. | Right hand shoulder blocked due to accident on I-580 Eastbound at Exit 50 CA-84 Airway Blvd.,3,6,"I-680 N, I-580 E, US-101 N",Clear,57.7
2017-03-22 18:00:00,63.6,Lane blocked due to accident on I-580 Eastbound at Exit 48 El Charro Rd. | At El Monte Rd - Accident.,3,3,"I-580 E, I-280 S, Junipero Serra Fwy N",Clear,55.3
2017-03-22 19:00:00,63.04,Lane blocked due to accident on US-101 Northbound at Exit 411 Holly St. | Lane blocked due to accident on I-880 Southbound at Exit 38 CA-77 42nd Ave.,3,2,"US-101 N, Nimitz Fwy S",Scattered Clouds,55.3
2017-03-22 20:00:00,62.62,Lane blocked due to accident on US-101 Northbound at Exits 454 454B San Pedro Rd. | Lane blocked due to accident on I-580 Eastbound at Exit 45 Hopyard Rd.,3,4,"US-101 N, I-580 E, I-80 W",Clear,51.7
2017-03-22 21:00:00,62.59,Right hand shoulder blocked due to accident on I-880 Northbound before Exit 29 A St. | Right hand shoulder blocked due to accident on I-680 Northbound after CA-242 .,3,5,"I-880 N, I-680 N, I-580 W",Clear,52.8
2017-03-22 22:00:00,62.28,Normal traffic flow,0,0,,Clear,58.4
2017-03-22 23:00:00,61.62,Normal traffic flow,0,0,,Clear,58.4
2017-03-23 00:00:00,61.33,Right hand shoulder blocked and slow lane blocked due to accident on I-880 Southbound at Exit 36 Hegenberger Rd.,3,1,Nimitz Fwy S,Partly Cloudy,52.0
2017-03-23 01:00:00,61.03,Normal traffic flow,0,0,,Clear,58.4
2017-03-23 02:00:00,60.8,One lane blocked due to accident on US-101 Southbound at Exit 432 Potrero Ave. | Right hand shoulder blocked due to accident on I-280 Southbound at Exits 1C 5A 5B CA-17.,3,2,"Bay Shore Blvd, I-880 S",Mostly Cloudy,51.0
2017-03-23 03:00:00,61.2,Slow lane blocked and right hand shoulder blocked due to accident on I-680 Southbound at Exit 15 Washington Blvd. | Lane blocked due to accident on I-680 Southbound at Exit 12 CA-262 Mission Blvd.,3,3,"I-680 S, I-580 E",Clear,50.7
2017-03-23 04:00:00,62.46,Lane blocked due to accident on Charter St both ways at Spring St.,2,1,Charter St,Clear,50.0
2017-03-23 05:00:00,64.05,Normal traffic flow,0,0,,Clear,58.4
2017-03-23 06:00:00,42.01,Slow lane blocked due to accident on CA-24 Eastbound at Pleasant Hill Rd. | At El Portal Dr - Accident.,2,2,"Pleasant Hill Rd, I-80 E",Clear,44.0
2017-03-23 07:00:00,22.83,Lane blocked on exit ramp due to accident on I-80 Eastbound at Richmond Pkwy. | At Bayshore Blvd - Accident.,3,3,"Richmond Pkwy, US-101 N, I-680 S",Clear,48.3
2017-03-23 08:00:00,29.49,Accident on I-80 Westbound before Grand Ave. | Accident on I-880 Southbound at Exit 24 Whipple Rd.,3,2,"I-80 E, I-880 N",Partly Cloudy,53.6
2017-03-23 09:00:00,41.32,Accident on I-80 Westbound before Portal. | At Powell St - Accident.,3,3,"I-80 W, Eastshore Fwy W",Clear,54.0
2017-03-23 10:00:00,63.01,Accident on US-101 Northbound before Cesar Chavez. | Accident on US-101 Northbound near Oyster Point Blvd.,3,8,"Cesar Chavez St, Oyster Point Blvd, Bayshore Fwy S",Mostly Cloudy,55.2
2017-03-23 11:00:00,63.52,Accident on US-101 Southbound before Cesar Chavez St. | Right hand shoulder blocked due to accident on I-880 Southbound before Exit 24 Whipple Rd.,3,4,"James Lick Fwy S, I-880 N, I-80 W",Scattered Clouds,58.0
2017-03-23 12:00:00,63.33,Lane blocked on exit ramp due to accident on I-80 Westbound at Exit 20 Blume Dr. | #2 lane blocked due to accident on I-80 I-580 Westbound before Powell St.,3,8,"Richmond Pkwy, I-80 W, CA-17 S",Scattered Clouds,58.9
2017-03-23 13:00:00,63.34,Right hand shoulder blocked due to accident on I-280 Northbound before Exit 11 De Anza Blvd. | Accident on US-101 Northbound before Fair Oaks Ave.,3,3,"N De Anza Blvd, US-101 N,  Strobridge Ave",Clear,60.4
2017-03-23 14:00:00,63.08,Lane blocked on exit ramp due to accident on I-880 Southbound at Exit 29 A St. | Accident on Edes Ave at Hegenberger Rd.,3,3,"I-880 N, Joe Morgan Way,  Park Blvd",Partly Cloudy,60.4
2017-03-23 15:00:00,61.69,Lane blocked due to accident on I-580 Westbound at Exit 22A MacArthur Blvd. | Between Montague Expy/San Tomas Expy and De La Cruz Blvd - Accident.,3,4,"I-580 W, Bayshore Fwy S, James Lick Fwy S",Partly Cloudy,61.7
2017-03-23 16:00:00,54.05,At Powell St - Accident. | At CA-262/Mission Blvd/Warren Ave - Accident.,2,2,"I-580 W, I-880 N",Scattered Clouds,60.4
2017-03-23 17:00:00,59.82,Lane blocked due to accident on I-580 Westbound at Exit 22B MacArthur Blvd. | Right hand shoulder blocked due to accident on US-101 Southbound before Exits 396A 396B Mathilda Ave.,3,12,"I-580 W, Bayshore Fwy S, I-880 N",Clear,58.2
2017-03-23 18:00:00,63.22,Lane blocked due to accident on US-101 Northbound at Exit 432 Potrero Ave. | At Millbrae Ave/Exit 420/Exit 421 - Accident.,2,2,"James Lick Fwy N, Bayshore Fwy S",Mostly Cloudy,55.4
2017-03-23 19:00:00,62.77,Lane blocked due to accident on US-101 Northbound at Exit 452 2nd St. | Two lanes blocked due to accident on US-101 Northbound at Exit 450B Sir Francis Drake Blvd.,3,6,"US-101 N, I-580 W, I-80 E",Overcast,55.6
2017-03-23 20:00:00,62.89,Lane blocked due to accident on I-280 Northbound at Exit 55 Indiana St. | Two lanes blocked due to accident on I-80 Westbound at Exit 22 Pinole Valley Rd.,3,8,"John F Foran Fwy N, I-80 W, CA-84 W",Overcast,55.3
2017-03-23 21:00:00,63.01,Normal traffic flow,0,0,,Clear,58.4
2017-03-23 22:00:00,62.18,Normal traffic flow,0,0,,Clear,58.4
2017-03-23 23:00:00,61.81,Right hand shoulder blocked due to accident now on the shoulder on I-880 Northbound at Exit 19 Thornton Ave. | 2nd &amp; 3rd St lane blocked due to accident on I-580 Westbound at Exit 46 Hacienda Dr.,3,3,"CA-84 W, I-580 W, I-680 N",Mostly Cloudy,52.8
2017-03-24 00:00:00,61.5,Queueing traffic due to accident on Marina Blvd at Mason St.,2,1,Mason St,Overcast,55.0
2017-03-24 01:00:00,61.12,Normal traffic flow,0,0,,Clear,58.4
2017-03-24 02:00:00,60.98,Right hand shoulder blocked due to accident on I-880 Northbound at Exit 34 CA-61 Davis St. | Right hand shoulder blocked due to accident on US-101 Northbound at Exit 389B Brokaw Rd.,3,2,"I-880 N, N 1st St",Overcast,54.5
2017-03-24 03:00:00,61.35,Lane blocked due to accident on County Hwy-G2 Lawrence Expy both ways at CA-82 El Camino Real.,2,1,Lawrence Expy,Overcast,53.1
2017-03-24 04:00:00,62.31,Accident on I-80 Eastbound at Exit 13 I-580. | Accident on Buskirk Ave both ways before Las Juntas Way.,3,3,"I-80 E, Buskirk Ave, CA-242 S",Overcast,54.6
2017-03-24 05:00:00,64.06,At Park Blvd - Accident.,2,1,I-580 E,Light Rain,53.1
2017-03-24 06:00:00,59.02,Accident on Sobrante Ave both ways at Sobrante Ct.,2,1,Sobrante Ave,Light Rain,53.1
2017-03-24 07:00:00,40.84,Accident on US-101 Southbound before I-380. | Accident on I-580 Westbound at Exit 13 I-80. On the median.,3,3,"Bayshore Fwy S, I-80 E",Overcast,54.2
2017-03-24 08:00:00,31.22,Accident on Hathaway Ave at A St. | Accident on I-880 Northbound before 7th St.,3,7,"Santa Clara St, 7th St, Park Blvd",Overcast,55.0
2017-03-24 09:00:00,57.58,#1 lane blocked due to accident on US-101 Northbound before CA-109 University Ave. | Lane blocked on entry ramp due to accident on I-880 Southbound at Exit 25 Industrial Pkwy.,3,2,"US-101 N, Industrial Pkwy W",Light Rain,57.1
2017-03-24 10:00:00,62.31,#3 lane blocked due to accident on US-101 Northbound after San Antonio Rd. | Slow lane blocked due to accident on CA-24 Westbound before I-580.,3,7,"US-101 N, I-580 W, I-880 N",Rain,55.5
2017-03-24 11:00:00,62.72,Accident on Hacienda Ave at Hesperian Blvd. | Accident on I-580 Eastbound near Main St.,3,12,"Hesperian Blvd, Richmond-San Rafael Bridge, Livorna Rd",Light Rain,54.4
2017-03-24 12:00:00,60.21,One lane blocked due to accident on County Hwy-G4 Montague Expy Westbound at Research Pl. | Accident on Central Expy Westbound at De la Cruz Blvd.,3,14,"Montague Expy, Central Expy, Mission Ave",Light Rain,53.9
2017-03-24 13:00:00,62.31,Accident on I-80 Westbound at Buchanan St. | Accident on I-580 Westbound before Richmond Pkwy.,3,11,"I-580 W, Canal Blvd, Livorna Rd",Rain,55.3
2017-03-24 14:00:00,64.2,Accident on I-280 Northbound after Exit 27 Farm Hill Blvd. | #2 and #3 lane blocked due to accident on I-280 Southbound after Exit 41 Larkspur Dr.,3,9,"Junipero Serra Fwy N, Larkspur Dr, Grove Way",Light Rain,55.2
2017-03-24 15:00:00,62.96,Lane blocked due to accident on I-580 Westbound at Exits 9 9A 9B Harbour Way. | Lane blocked due to accident on I-280 Northbound at Exit 33 CA-92.,3,15,"I-580 W, Junipero Serra Fwy N, I-280 S",Light Rain,55.1
2017-03-24 16:00:00,63.35,Lane blocked due to accident on I-880 Northbound at Exit 29 A St. | Lane blocked due to accident on CA-85 Northbound at Exits 19A 19B Homestead Rd.,3,17,"Nimitz Fwy N, Norman Y Mineta Hwy, US-101 S",Overcast,56.4
2017-03-24 17:00:00,62.06,Slow lane blocked and right hand shoulder blocked due to accident on US-101 Southbound before Exit 442 Sausalito Lateral. | #1 and #2 lane blocked due to accident on I-280 Southbound before CA-92. On the median.,3,7,"Sausalito Lateral, I-280 S, I-680 S",Overcast,56.0
2017-03-24 18:00:00,61.82,Right hand shoulder blocked due to accident on I-280 Southbound at Exit 53 Alemany Blvd. | Lane blocked due to accident on I-880 Southbound at Exits 46A 46B Grand Ave.,3,12,"I-280 S, I-880 S, James Lick Fwy N",Overcast,56.3
2017-03-24 19:00:00,60.38,Hov &amp; #1 lane blocked due to accident on I-80 Westbound at Exit 14A Central Ave. | Lane blocked due to accident on I-580 Westbound at Exit 46 Hacienda Dr.,3,14,"I-80 W, I-580 W, Bayshore Fwy S",Overcast,55.4
2017-03-24 20:00:00,58.81,Lane blocked due to accident on US-101 Southbound at Exits 420 421 Millbrae Ave. | Lane blocked due to accident on US-101 Southbound at Exit 406 CA-84 Marsh Rd.,3,5,"Bayshore Fwy S, CA-84, W Campbell Ave",Mostly Cloudy,55.1
2017-03-24 21:00:00,59.58,Right hand shoulder blocked due to accident on I-880 Southbound before Exits 33A 33B Marina Blvd. | Accident and vehicles spun around on CA-17 Northbound before Exit 23 County Hwy-G4 Camden Ave.,3,6,"Nimitz Fwy S, CA-17 N, I-580 W",Overcast,55.1
2017-03-24 22:00:00,62.65,Lane blocked due to accident on I-80 Westbound at Exits 2B 2C Harrison St. | Two lanes blocked due to accident on US-101 Northbound at Exit 402 Embarcadero Rd.,3,7,"I-80 W, US-101 N, I-80 E",Overcast,55.0
2017-03-24 23:00:00,62.13,Accident on Tice Valley Blvd at Olympic Blvd. | Left hand shoulder blocked due to accident now on the shoulder on I-880 Southbound at Exit 27 CA-92 Jackson St.,3,4,"Boulevard Way, Peterman Ave, I-880 S",Overcast,54.2
2017-03-25 00:00:00,61.38,Queueing traffic and right hand shoulder blocked due to accident now on the shoulder on I-880 Northbound at Exit 39B 23rd Ave. | Right hand shoulder blocked due to accident now on the shoulder on I-580 Eastbound at Exit 25A High St.,4,5,"I-880 N, I-580 E, I-680 S",Overcast,54.8
2017-03-25 01:00:00,61.18,All lane blocked due to accident on I-580 Eastbound at Exits 25 25B MacArthur Blvd.,3,1,I-580 E,Light Rain,55.9
2017-03-25 02:00:00,61.07,Accident on I-880 Northbound at Exit 37 66th Ave. | #4 lane blocked due to accident on US-101 Northbound between Exits 424 425A Airport Blvd and Exit 425A Grand Ave.,3,2,"I-880 N, Bayshore Fwy S",Light Rain,55.0
2017-03-25 03:00:00,61.07,#1 and #2 lane blocked due to accident on I-80 I-580 Eastbound at Exit 9 I-580. | Trans lane blocked due to accident on CA-87 Guadalupe Pkwy Northbound at Exits 4 5 6 I-280.,4,4,"I-580 W, S Almaden Blvd, US-101 N",Overcast,53.9
2017-03-25 04:00:00,61.34,Right hand shoulder blocked due to accident on I-580 Westbound at Exits 34 35 I-238.,3,1,I-580 W,Overcast,55.0
2017-03-25 05:00:00,61.12,Accident on CA-87 Guadalupe Pkwy Northbound at Exits 9A 9B US-101. | Closed between Treat Blvd and Monument Blvd - Road closed due to accident.,4,2,"Guadalupe Pkwy N, I-680 N",Light Rain,53.6
2017-03-25 06:00:00,61.04,Right hand shoulder blocked due to accident on I-80 Eastbound at Exit 15 Potrero Ave. | Lane blocked due to accident on US-101 Northbound at Exit 403 Bayshore Rd.,3,3,"Potrero Ave, US-101 N, I-680 N",Overcast,52.6
2017-03-25 07:00:00,62.71,Lane blocked due to accident on I-880 Southbound at Exit 39B 23rd Ave.,3,1,23rd Ave,Partly Cloudy,52.0
2017-03-25 08:00:00,62.08,Normal traffic flow,0,0,,Clear,58.4
2017-03-25 09:00:00,62.25,Accident on I-680 Northbound at Exits 1D 2A Capitol Expy. | Accident on I-580 Westbound at Exits 2 2B Main St.,3,2,"I-680 N, Main St",Mostly Cloudy,52.7
2017-03-25 10:00:00,61.25,#4 lane blocked due to accident on US-101 Northbound at Exit 388A Oakland Rd. | Accident on US-101 Northbound at Exits 391A 391B Trimble Rd.,3,3,"US-101 N, Trimble Rd, I-680 N",Mostly Cloudy,55.9
2017-03-25 11:00:00,61.93,Accident on I-280 Eastbound at Exit 15 Eastbrook Ave. | Accident on I-580 Eastbound at Exit 44A San Ramon Rd.,3,3,"Junipero Serra Fwy N, I-580 E, J Arthur Younger Fwy W",Clear,56.4
2017-03-25 12:00:00,61.04,#1 lane blocked due to accident on I-880 Southbound at Exits 1A 1B 1D Bascom Ave.,3,1,N Bascom Ave,Mostly Cloudy,61.0
2017-03-25 13:00:00,60.99,Right hand shoulder blocked due to accident on I-880 Northbound at Exit 2 CA-82 The Alameda.,3,1,I-880 N,Scattered Clouds,63.0
2017-03-25 14:00:00,53.85,Accident on I-880 Northbound at Exit 27 CA-92 Jackson St.,3,1,I-880 N,Clear,63.0
2017-03-25 15:00:00,61.35,Accident on I-80 Westbound at Exit 20 Blume Dr. | Accident on I-880 Northbound at Exits 4B 4C US-101.,3,5,"Richmond Pkwy, I-880 N, Sinclair Fwy N",Mostly Cloudy,64.1
2017-03-25 16:00:00,61.66,Accident on US-101 Southbound at Exit 382 Capitol Expy. | Right hand shoulder blocked due to accident on US-101 Southbound at Exits 420 421 Millbrae Ave.,3,6,"E Capitol Expy, Bayshore Fwy S, Nimitz Fwy S",Clear,62.6
2017-03-25 17:00:00,62.24,Accident on US-101 Northbound at Exits 430A 430B 431 I-280.,2,1,James Lick Fwy N,Partly Cloudy,57.0
2017-03-25 18:00:00,61.89,Accident on I-280 Northbound at Exits 1C 5A 5B CA-17. | Right hand shoulder blocked due to accident on I-880 Northbound at Exit 38 CA-77 42nd Ave.,3,5,"I-280 S, I-880 N, Bayshore Fwy S",Mostly Cloudy,59.8
2017-03-25 19:00:00,62.59,Accident on Brush St Westbound at 9th St.,2,1,9th St,Partly Cloudy,57.9
2017-03-25 20:00:00,60.98,Accident on I-80 I-580 Westbound at Exit 9 I-580. | Right hand shoulder blocked due to multi-vehicle accident on US-101 Northbound at Exit 408 Woodside Rd.,3,3,"I-80 W, Bayshore Fwy S, I-680 N",Clear,53.8
2017-03-25 21:00:00,62.91,Normal traffic flow,0,0,,Clear,58.4
2017-03-25 22:00:00,62.8,Right hand shoulder blocked due to accident on Eden Canyon Rd Northbound at Hollis Canyon Rd. | Between Pinole Valley Rd and Appian Way - Accident.,3,2,"Eden Canyon Rd, I-80 W",Clear,54.5
2017-03-25 23:00:00,62.79,Queueing traffic and right hand shoulder blocked due to accident on US-101 Southbound at Exit 443 Monte Mar Dr. | Center lane blocked due to accident on I-580 Westbound at Exits 34 35 I-238.,3,2,"US-101 N, I-238 N",Mostly Cloudy,53.6
2017-03-26 00:00:00,61.91,Normal traffic flow,0,0,,Clear,58.4
2017-03-26 01:00:00,61.56,Right hand shoulder blocked due to accident on I-238 Northbound at Exit 14 I-580.,3,1,I-238 S,Scattered Clouds,54.0
2017-03-26 02:00:00,61.06,Accident on I-680 Southbound at Exit 34 Bollinger Canyon Rd.,3,1,I-680 S,Partly Cloudy,50.0
2017-03-26 03:00:00,61.11,Accident on Foothill Blvd at John Dr. | Right hand shoulder blocked due to accident on I-680 Southbound at Exit 52 Contra Costa Blvd.,3,4,"John Dr, I-680 S, I-680 N",Clear,51.6
2017-03-26 04:00:00,61.32,Normal traffic flow,0,0,,Clear,58.4
2017-03-26 05:00:00,61.98,Three lanes blocked due to accident on CA-84 Eastbound at CA-109 University Ave.,2,1,Bayfront Expy W,Overcast,51.8
2017-03-26 06:00:00,62.11,Accident on I-280 Southbound at Exit 56 Pennsylvania Ave. | Accident on I-80 I-580 Eastbound at Exit 10 I-580.,3,3,"I-280 S, Ashby Ave, Nimitz Fwy S",Overcast,55.0
2017-03-26 07:00:00,62.83,Normal traffic flow,0,0,,Clear,58.4
2017-03-26 08:00:00,63.58,Normal traffic flow,0,0,,Clear,58.4
2017-03-26 09:00:00,63.48,Accident on Grant Ave at Maiden Ln. | #1-3 lane blocked due to accident on I-880 Southbound at Exits 33A 33B Marina Blvd.,3,2,"Grant Ave, Nimitz Fwy S",Overcast,56.4
2017-03-26 10:00:00,61.72,Accident on I-880 Southbound at Exit 34 CA-61 Davis St.,3,1,Nimitz Fwy S,Overcast,57.0
2017-03-26 11:00:00,61.94,Normal traffic flow,0,0,,Clear,58.4
2017-03-26 12:00:00,62.02,#1 lane blocked due to accident on I-80 Eastbound at Exit 14A Central Ave. | #1 lane blocked due to traffic break and accident on I-580 Eastbound at Exit 12 I-80 I-580.,3,2,"I-80 E, I-580 W",Mostly Cloudy,60.6
2017-03-26 13:00:00,61.7,Right hand shoulder blocked due to accident on I-80 Eastbound at Exit 4A Treasure Is.,3,1,San Francisco-Oakland Bay Brg E,Overcast,60.1
2017-03-26 14:00:00,62.38,Normal traffic flow,0,0,,Clear,58.4
2017-03-26 15:00:00,62.02,Normal traffic flow,0,0,,Clear,58.4
2017-03-26 16:00:00,61.63,One lane blocked due to accident on I-580 Westbound at Exits 31 31B Grand Ave. | Accident on I-80 Westbound at Exit 4A Treasure Is.,3,2,"I-580 W, I-80 W",Overcast,61.0
2017-03-26 17:00:00,61.91,Accident on County Hwy-G4 San Tomas Expy at Monroe St.,2,1,Monroe St,Overcast,63.0
2017-03-26 18:00:00,62.96,Accident on I-280 Northbound at Exit 13 Foothill Expy.,3,1,Foothill Expy,Overcast,59.0
2017-03-26 19:00:00,62.6,Accident on I-680 Northbound at Exits 42A 42B Stone Valley Rd.,3,1,I-680 S,Light Rain,57.9
2017-03-26 20:00:00,62.3,One lane blocked due to accident on CA-17 Northbound at Exits 20A 20B CA-9 Los Gatos Saratoga Rd. | Right hand shoulder blocked due to accident on I-580 Westbound at Exits 44B 45 I-680.,3,2,"CA-17 S, I-580 W",Mostly Cloudy,56.0
2017-03-26 21:00:00,63.48,Multi-vehicle accident on I-880 Northbound at Exit 29 A St. | Right hand shoulder blocked due to multi-vehicle accident on I-580 Eastbound at Exit 21B Grand Ave.,3,3,"I-880 N, MacArthur Blvd, Pacheco Blvd",Light Rain,56.3
2017-03-26 22:00:00,63.21,At 35th Ave - Accident.,3,1,I-580 E,Overcast,57.0
2017-03-26 23:00:00,62.51,Normal traffic flow,0,0,,Clear,58.4
2017-03-27 00:00:00,62.28,Accident on 5th St at Grove Ave. | Accident on 52nd St at Shattuck Ave.,2,3,"Grove Ave, Shattuck Ave, E Tregallas Rd",Mostly Cloudy,54.3
2017-03-27 01:00:00,62.32,Slow lane blocked due to accident on I-280 Northbound before Exit 44 Avalon Dr. | Accident on CA-24 Westbound at Exit 7A Old Tunnel Rd.,3,3,"Junipero Serra Fwy N, Grove Shafter Fwy W, I-280 N",Light Rain,53.3
2017-03-27 02:00:00,60.92,One lane blocked due to accident on US-101 Northbound at Exit 452 2nd St. | Right hand shoulder blocked due to accident on San Pablo Dam Rd both ways at La Honda Rd.,3,3,"2nd St, San Pablo Dam Rd, I-680 N",Clear,51.9
2017-03-27 03:00:00,61.09,Lane blocked due to accident on Fabian Way both ways before Meadow Dr. | Lane blocked due to accident on Stanton Ave both ways at San Carlos Ave.,2,2,"E Meadow Dr, Stanton Ave",Mostly Cloudy,51.6
2017-03-27 04:00:00,62.31,Normal traffic flow,0,0,,Clear,58.4
2017-03-27 05:00:00,62.77,Normal traffic flow,0,0,,Clear,58.4
2017-03-27 06:00:00,45.53,At Leland Ave - Accident.,2,1,Sinclair Fwy N,Mostly Cloudy,51.1
2017-03-27 07:00:00,24.38,Accident on I-580 Eastbound after Exit 21B Grand Ave. | At CA-87/Guadalupe Pky - Accident.,3,2,"Grand Ave, US-101 N",Mostly Cloudy,52.6
2017-03-27 08:00:00,23.23,Accident on I-680 Southbound at Willow Pass Rd. | Accident on CA-17 Southbound after Campbell Ave.,3,7,"I-680 S, E Campbell Ave, Guadalupe Pkwy N",Partly Cloudy,53.4
2017-03-27 09:00:00,49.77,Shoulder blocked on entry ramp due to accident on US-101 Northbound at Exits 384 385 Story Rd. | Accident on I-680 Southbound before Exit 16 Mission Blvd.,3,5,"US-101 N, I-680 S, Meridian Ave",Clear,56.1
2017-03-27 10:00:00,62.1,#2 lane blocked due to accident on US-101 Northbound before Trimble Rd. | Right hand shoulder blocked due to accident on I-238 Northbound near 14th.,3,8,"Trimble Rd, I-238 S, John F Foran Fwy",Partly Cloudy,58.5
2017-03-27 11:00:00,62.02,Lane blocked on exit ramp due to accident on I-680 Southbound at Exit 36 Crow Canyon Rd. | Accident on I-280 Northbound before Exit 46 Imperial Way.,3,8,"I-680 S, Junipero Serra Fwy N, US-101 N",Partly Cloudy,59.4
2017-03-27 12:00:00,62.12,Slow lane blocked due to accident on I-80 Eastbound before Exit 4A Treasure Is. | Accident on I-80 Westbound before Exit 15 Cutting Blvd.,3,7,"San Francisco-Oakland Bay Brg E, Cutting Blvd, I-80 W",Partly Cloudy,61.8
2017-03-27 13:00:00,62.28,#2 lane blocked due to multi-vehicle accident on US-101 Southbound at Exit 452 Irwin St. | #2 lane blocked due to accident on I-80 Westbound at Exits 8A 8B I-880.,3,6,"US-101 S, I-880 N, Montgomery Ave",Partly Cloudy,62.4
2017-03-27 14:00:00,62.38,Right hand shoulder blocked due to accident on US-101 Southbound at CA-109 University Ave. | Accident on Perkins St at Grand Ave.,2,8,"Bayshore Fwy S, Grand Ave, Madison St",Scattered Clouds,63.4
2017-03-27 15:00:00,61.11,At High St - Accident. | At Vargas Rd - Accident.,2,4,"I-880 N, I-680 N,  Shoreline Hwy",Clear,63.3
2017-03-27 16:00:00,61.6,Lane blocked due to accident on I-280 Northbound at Exits 43A 43B I-380. | Lane blocked due to accident on I-80 Westbound at Exit 15 Cutting Blvd.,3,5,"I-280 S, I-80 W, I-680 N",Scattered Clouds,63.2
2017-03-27 17:00:00,61.35,Two lanes blocked due to accident on I-880 Northbound at Exit 41A 6th St. | Lane blocked due to accident on I-580 Westbound at Exits 34 35 I-238.,3,5,"Nimitz Fwy S, I-580 E, I-80 E",Clear,62.2
2017-03-27 18:00:00,62.56,Lane blocked due to accident on I-680 Northbound at Exits 18 18A Vargas Rd. | At CA-109/University Ave/Exit 403 - Accident.,3,5,"I-680 N, Bayshore Fwy S, Nimitz Fwy S",Partly Cloudy,60.7
2017-03-27 19:00:00,63.17,Normal traffic flow,0,0,,Clear,58.4
2017-03-27 20:00:00,62.62,Two lanes blocked due to accident on I-680 Southbound at Exit 6 Montague Expy. | Lane blocked due to accident on I-680 Southbound at Exit 5A Hostetter Rd.,3,4,"I-680 S, CA-24 W",Clear,55.2
2017-03-27 21:00:00,62.31,#2 and #3 lane blocked due to accident on I-880 Southbound before Exit 40 Embarcadero. | #3 and middle lane blocked and right hand shoulder blocked due to accident on I-880 Southbound before US-101 .,4,6,"Nimitz Fwy S, I-880 S, Southbay Fwy",Clear,55.0
2017-03-27 22:00:00,61.96,Normal traffic flow,0,0,,Clear,58.4
2017-03-27 23:00:00,61.72,Accident on I-580 Westbound at Exit 7A Western Dr. | Between Meridian Ave and Bird Ave - Accident.,3,2,"Richmond-San Rafael Brg, I-280 S",Clear,53.1
2017-03-28 00:00:00,61.28,Normal traffic flow,0,0,,Clear,58.4
2017-03-28 01:00:00,61.01,Accident on I-280 Southbound at Exits 4 5A Meridian Ave.,3,1,I-280 S,Clear,50.0
2017-03-28 02:00:00,60.88,Lane blocked due to accident on I-280 Northbound at Exits 2B 3A 3B CA-87 Guadalupe Pkwy.,3,1,Sinclair Fwy N,Clear,50.0
2017-03-28 03:00:00,61.13,Lane blocked due to accident on I-80 I-580 Eastbound at Exit 9 I-580.,3,1,I-80 W,Clear,53.1
2017-03-28 04:00:00,62.82,Normal traffic flow,0,0,,Clear,58.4
2017-03-28 05:00:00,64.4,At Fitzgerald Dr/Richmond Pky - Accident.,2,1,I-80 W,Clear,48.0
2017-03-28 06:00:00,57.33,At CR-G10/Blossom Hill Rd - Accident.,2,1,CA-85 S,Clear,46.4
2017-03-28 07:00:00,33.54,Right hand shoulder blocked due to accident on US-101 Northbound after Rengstorff Ave.,2,1,US-101 N,Clear,51.1
2017-03-28 08:00:00,22.98,Right hand shoulder blocked due to accident on I-280 Southbound before Exit 27 Farm Hill Blvd. | Accident on CA-85 Northbound before CA-87 .,3,2,"I-280 S, Santa Teresa Blvd",Mostly Cloudy,54.5
2017-03-28 09:00:00,31.65,#1 lane blocked due to accident on I-280 Southbound before CA-92 . | Accident on I-280 Southbound after 7th St.,3,9,"Junipero Serra Fwy N, I-280 S, Richmond-San Rafael Brg",Mostly Cloudy,57.6
2017-03-28 10:00:00,59.49,Right hand shoulder blocked due to accident on I-880 Northbound before Exit 35 98th Ave. | Accident on I-280 Northbound at Stevens Creek.,3,9,"Nimitz Fwy S, I-280 S, J Arthur Younger Fwy W",Scattered Clouds,60.5
2017-03-28 11:00:00,62.63,Accident on I-280 Southbound before Exit 24 Sand Hill Rd. | Middle lane blocked due to accident on CA-85 Northbound at Bascom Ave.,3,9,"Sand Hill Rd, Norman Y Mineta Hwy, Harbour Way S",Clear,64.6
2017-03-28 12:00:00,51.55,#3 lane blocked due to accident on US-101 Lombard St Southbound after Octavia St. | #2 lane blocked due to accident on I-580 Eastbound after Eden Canyon Rd.,3,11,"Octavia St, I-580 E, I-680 S",Clear,65.7
2017-03-28 13:00:00,58.68,Accident on US-101 Northbound before County Hwy-G4 Montague Expy.,2,1,US-101 N,Partly Cloudy,64.9
2017-03-28 14:00:00,60.91,Accident on Moraga Way Southbound at CA-24. | Right hand shoulder blocked due to accident on I-238 Northbound before Hesperian Blvd.,3,6,"Orinda Theatre Sq, I-880 N, Stevenson Blvd",Clear,71.0
2017-03-28 15:00:00,60.02,Entry ramp closed due to car fire on I-880 Northbound at Exit 31B Washington Ave. | At Dyer St/Whipple Rd - Accident.,3,7,"I-880 N, Nimitz Fwy S, Bayshore Fwy S",Clear,69.5
2017-03-28 16:00:00,61.37,At CA-84/Woodside Rd/Exit 408 - Accident. | At Whipple Ave/Exit 409 - Accident.,2,5,"Bayshore Fwy S, US-101 S, CA-85 S",Clear,70.1
2017-03-28 17:00:00,61.58,Accident on CA-85 Northbound at Exit 14 Saratoga Ave. | Right hand shoulder blocked due to accident on I-880 Southbound at CA-237.,3,3,"Norman Y Mineta Hwy, Nimitz Fwy S,  Danville Blvd",Partly Cloudy,71.1
2017-03-28 18:00:00,62.53,Lane blocked due to accident on I-880 Southbound at Exit 24 Whipple Rd. | Lane blocked due to accident on US-101 Southbound at Exits 388B 388C I-880.,3,9,"Nimitz Fwy S, Bayshore Fwy S, I-580 W",Partly Cloudy,65.4
2017-03-28 19:00:00,62.69,Lane blocked due to accident on I-880 Northbound at Exit 41A 6th St. | Lane blocked on exit ramp due to accident on US-101 Southbound at Exit 409 Whipple Ave.,3,5,"Nimitz Fwy S, Bayshore Fwy S, Saratoga Ave",Partly Cloudy,63.7
2017-03-28 20:00:00,61.67,Lane blocked due to accident on I-580 Eastbound at Exits 19B 19C 19D 20 I-980. | Lane blocked due to accident on CA-13 Warren Fwy Northbound at Exits 5B 5C CA-24.,3,2,"Grove Shafter Fwy E, Warren Fwy N",Partly Cloudy,63.0
2017-03-28 21:00:00,61.91,Accident on I-280 Southbound before Exit 53 Alemany Blvd. On the median. | Accident on I-580 Westbound after Exit 37 Grove Way. On the median.,3,7,"I-280 S, I-580 W, CA-85 S",Clear,59.6
2017-03-28 22:00:00,62.09,Lane blocked due to accident on CA-237 Eastbound at Exit 5 County Hwy-G2 Lawrence Expy.,2,1,Southbay Fwy,Partly Cloudy,59.0
2017-03-28 23:00:00,61.69,Normal traffic flow,0,0,,Clear,58.4
2017-03-29 00:00:00,61.22,Normal traffic flow,0,0,,Clear,58.4
2017-03-29 01:00:00,60.96,Accident on CA-4 Westbound at Exit 11 Morello Ave.,2,1,CA-4 W,Clear,55.9
2017-03-29 02:00:00,61.02,Lane blocked due to accident on Sir Francis Drake Blvd both ways at College Ave. | Slow lane blocked due to accident on I-80 Eastbound at Exits 2B 2C Harrison St.,3,3,"College Ave, James Lick Fwy N, Bird Ave",Clear,53.9
2017-03-29 03:00:00,61.26,Right hand shoulder blocked due to accident on I-280 Northbound at Exit 1A McLaughlin Ave.,3,1,McLaughlin Ave,Clear,50.0
2017-03-29 04:00:00,62.73,Normal traffic flow,0,0,,Clear,58.4
2017-03-29 05:00:00,68.32,Normal traffic flow,0,0,,Clear,58.4
2017-03-29 06:00:00,39.44,At Industrial Pky - Accident. | At Oak St - Accident.,2,4,"Nimitz Fwy S, I-880 N, Guadalupe Fwy N",Clear,51.0
2017-03-29 07:00:00,22.66,At Bay Bridge Toll Plz - Accident. Right lane blocked. | At CA-1 (Uninc Marin County) - Accident.,2,2,"I-80 W, US-101 S",Clear,52.0
2017-03-29 08:00:00,24.38,Accident on CA-92 Jackson St Westbound before Exit 25A Industrial Blvd. | Right hand shoulder blocked due to accident on I-880 Southbound at Exit 25 Industrial Pkwy.,3,5,"W Jackson St, Industrial Pkwy W, Williams St",Partly Cloudy,57.6
2017-03-29 09:00:00,37.18,Accident on CA-87 Northbound at Exits 3 3A Curtner Ave. | Lane blocked on exit ramp due to accident on US-101 Southbound at Story Rd.,3,7,"Guadalupe Fwy N, US-101 N, San Pablo Dam Rd",Clear,61.3
2017-03-29 10:00:00,54.84,Accident on I-280 Southbound after Exit 51 Ocean Ave. | Accident on US-101 Northbound before Dore Ave.,3,6,"Ocean Ave, US-101 N, I-80 W",Partly Cloudy,64.0
2017-03-29 11:00:00,61.41,Lane blocked on exit ramp due to accident on I-880 Southbound at Exits 33A 33B Marina Blvd. | Right hand shoulder blocked due to accident on I-680 Southbound from Olympic Blvd to Exit 45A Main St.,3,8,"Marina Blvd, S Main St, W Winton Ave",Partly Cloudy,66.7
2017-03-29 12:00:00,62.35,Accident on CA-92 San Mateo Rd Eastbound near CA-35 Half Moon Bay Rd. | Accident on Tracy St at Lewelling Blvd.,3,10,"Half Moon Bay Rd, Tracy St, I-880 N",Partly Cloudy,66.9
2017-03-29 13:00:00,61.51,Accident on I-880 Southbound after Exit 5 Brokaw Rd. | Accident on Redwood Rd near Lorena Ave.,3,6,"I-880 S, Redwood Rd, I-880 N",Clear,71.7
2017-03-29 14:00:00,61.65,At N Main St - Accident. | At Eden Canyon Rd - Accident.,2,3,"I-680 N, I-580 E",Clear,72.0
2017-03-29 15:00:00,60.42,Lane blocked due to accident on CA-84 Westbound at Quarry Rd. | At Lawrence Expy - Accident.,2,5,"CA-84 W, US-101 S, I-680 S",Clear,70.1
2017-03-29 16:00:00,61.38,Lane blocked due to accident on I-80 Westbound at Exit 14A Central Ave. | Lane blocked due to accident on CA-24 Westbound at Exits 2 2B I-980.,3,5,"I-80 W, I-580 W, I-680 N",Clear,73.2
2017-03-29 17:00:00,63.06,Lane blocked due to accident on I-580 Eastbound at Exit 39 Eden Canyon Rd. | Accident on I-280 Northbound after CA-1.,3,8,"Paloverde Rd, John F Foran Fwy, I-680 S",Clear,70.0
2017-03-29 18:00:00,62.1,Lane blocked due to accident on I-680 Southbound at Exit 43 Livorna Rd. | At CA-84/Woodside Rd/Exit 408 - Accident.,3,2,"I-680 S, Bayshore Fwy S",Clear,65.3
2017-03-29 19:00:00,63.19,Lane blocked due to accident on I-680 Northbound at Exits 21 21A 21B CA-84. | Hov lane blocked due to accident on CA-87 Guadalupe Pkwy Southbound at Exits 4 5 6 I-280.,3,3,"I-680 N, I-280 S, Guadalupe Fwy S",Scattered Clouds,59.7
2017-03-29 20:00:00,62.66,Lane blocked due to accident on I-80 Westbound at Exit 4A Treasure Is.,3,1,James Lick Fwy N,Scattered Clouds,57.9
2017-03-29 21:00:00,63.01,Right hand shoulder blocked due to accident on I-280 Northbound before Exit 9 Stevens Creek Blvd. | Accident on I-280 Northbound at Exit 7 Saratoga Ave.,3,5,"Junipero Serra Fwy N, CA-84 E, Bayshore Fwy S",Scattered Clouds,58.2
2017-03-29 22:00:00,62.22,Between Vermont St and I-80 - Accident.,3,1,James Lick Fwy N,Partly Cloudy,57.9
2017-03-29 23:00:00,61.65,Slow lane blocked due to accident on CA-17 Northbound at I-880. | Accident on I-680 Northbound at Exit 6 Montague Expy.,3,3,"Junipero Serra Fwy N, I-680 N, James Lick Fwy N",Partly Cloudy,55.7
2017-03-30 00:00:00,61.06,Right hand shoulder blocked due to accident now on the shoulder on I-580 Westbound at Exits 26 26A 26B Mountain Blvd. | Accident on I-680 Southbound around Exit 8 CA-237 Calaveras Blvd.,3,2,"I-580 W, E Calaveras Blvd",Clear,56.4
2017-03-30 01:00:00,61.01,Normal traffic flow,0,0,,Clear,58.4
2017-03-30 02:00:00,60.94,Right hand shoulder blocked due to accident on I-238 Northbound at Exit 14 I-580. | Lane blocked due to accident on Heyer Ave both ways at Center St.,3,3,"I-238 N, Heyer Ave, I-680 S",Overcast,56.2
2017-03-30 03:00:00,61.13,Right hand shoulder blocked due to accident on US-101 Southbound at Exit 383 Tully Rd. | Lane blocked due to accident on I-680 Northbound at Exit 16 Mission Blvd.,3,2,"Bayshore Fwy S, I-680 N",Mostly Cloudy,54.8
2017-03-30 04:00:00,62.45,Accident on CA-92 Jackson St Eastbound at Exits 26A 26B I-880.,2,1,W Jackson St,Overcast,57.0
2017-03-30 05:00:00,57.58,Ramp to I-280/US-101 - Accident.,2,1,Bayshore Fwy S,Mostly Cloudy,53.6
2017-03-30 06:00:00,40.41,At CA-92/Jackson St - Accident. Left lane blocked. | At El Charro Rd/Fallon Rd - Accident. Left lane blocked.,2,2,"Nimitz Fwy S, I-580 W",Mostly Cloudy,52.6
2017-03-30 07:00:00,25.08,Entry ramp closed on CA-238 Mission Blvd Southbound near I-680. Repairs in progress. | At Embarcadero Rd/Exit 402 - Accident.,3,3,"Mission Rd, Bayshore Fwy S, I-580 E",Clear,53.9
2017-03-30 08:00:00,25.12,At Treasure Island Rd - Accident. Left lane blocked. | At Sir Francis Drake Blvd - Accident.,2,2,"I-80 W, US-101 S",Clear,55.3
2017-03-30 09:00:00,28.03,Accident on I-80 I-580 Eastbound before Exits 12 13A I-580. | Right hand shoulder blocked due to accident on US-101 Northbound before Exit 432 Potrero Ave.,3,11,"I-580 W, Bay Shore Blvd, I-580 E",Partly Cloudy,57.2
2017-03-30 10:00:00,57.76,#3 lane blocked due to accident on US-101 Southbound before Exit 402 Embarcadero Rd. | Right hand shoulder blocked due to accident on US-101 Presidio Pkwy at Exits 237 473 Marina Blvd.,3,8,"Bayshore Fwy S, Marina Blvd, I-80 W",Clear,59.9
2017-03-30 11:00:00,61.38,Accident on Treat Blvd Westbound at I-680. | Accident on I-280 Northbound at Exits 1 1B 2 11th St.,3,7,"I-680 S, Sinclair Fwy N, San Francisco-Oakland Bay Brg E",Clear,62.0
2017-03-30 12:00:00,61.43,Accident on I-880 Southbound before Exit 10 Dixon Landing Rd. | Right hand shoulder blocked due to accident on County Hwy-G2 Lawrence Expy Northbound before CA-82 El Camino Real.,3,9,"Nimitz Fwy S, Lawrence Expy, MacArthur Blvd",Partly Cloudy,62.7
2017-03-30 13:00:00,62.48,Right hand shoulder blocked and slow lane blocked due to accident on I-880 Southbound before Exits 8A 8B 8C CA-237. | Accident on I-280 Northbound before Exit 7 Saratoga Ave. On the median.,3,4,"Nimitz Fwy S, Junipero Serra Fwy N, John F Foran Fwy N",Partly Cloudy,62.6
2017-03-30 14:00:00,62.36,Accident on Coliseum Way at 46th Ave. | Accident on Redwood Rd at Somerset Ave.,3,6,"Coliseum Way, Redwood Rd, I-880 N",Partly Cloudy,65.3
2017-03-30 15:00:00,62.28,Lane blocked due to accident on US-101 Southbound at Exit 409 Whipple Ave. | Lane blocked due to accident on US-101 Northbound at Exit 383 Tully Rd.,2,6,"Bayshore Fwy S, US-101 N, Nimitz Fwy S",Partly Cloudy,64.3
2017-03-30 16:00:00,61.37,Lane blocked due to accident on I-280 Southbound at Exits 54 54A 54B US-101. | At Sand Hill Rd - Accident.,3,4,"I-280 S, Junipero Serra Fwy N, I-580 E",Partly Cloudy,61.0
2017-03-30 17:00:00,62.78,Lane blocked due to accident on I-80 I-580 Westbound at Exit 9 I-580. | Lane blocked due to accident on US-101 Northbound at Exit 432 Potrero Ave.,3,6,"Eastshore Fwy W, James Lick Fwy N, Broadway",Partly Cloudy,61.0
2017-03-30 18:00:00,62.86,Right hand shoulder blocked due to accident on US-101 Northbound at Exit 402 Embarcadero Rd. | Lane blocked on exit ramp due to accident on I-880 Southbound at Exit 37 66th Ave.,3,6,"US-101 N, I-880 S, Grove Shafter Fwy E",Partly Cloudy,61.0
2017-03-30 19:00:00,62.81,At Treat Blvd - Accident.,2,1,I-680 N,Clear,57.9
2017-03-30 20:00:00,62.54,Lane blocked due to accident and spillage on I-580 Eastbound at Exit 23 Fruitvale Ave. | Lane blocked due to accident on I-280 Northbound at Exits 43A 43B I-380.,3,2,"I-580 E, Junipero Serra Fwy N",Clear,55.5
2017-03-30 21:00:00,62.54,Accident on I-80 I-580 Eastbound at Exit 11 I-580.,3,1,I-580 W,Partly Cloudy,57.0
2017-03-30 22:00:00,62.59,Normal traffic flow,0,0,,Clear,58.4
2017-03-30 23:00:00,61.82,Normal traffic flow,0,0,,Clear,58.4
2017-03-31 00:00:00,61.51,Right hand shoulder blocked due to accident now on the shoulder on Solano Ave at I-80. | Accident on I-80 Westbound at Exit 22 Pinole Valley Rd.,3,3,"I-80 W, I-880 N",Clear,54.3
2017-03-31 01:00:00,60.98,Normal traffic flow,0,0,,Clear,58.4
2017-03-31 02:00:00,60.97,Accident on I-680 Northbound at Exits 42A 42B Stone Valley Rd. | One lane blocked due to accident on I-80 Westbound at Exits 2B 2C Harrison St.,3,3,"I-680 N, James Lick Fwy N, Tassajara Rd",Clear,53.3
2017-03-31 03:00:00,61.12,Lane blocked due to accident on Meekland Ave both ways at Alden Rd. | Lane blocked due to accident on I-880 Southbound at Exits 8A 8B 8C CA-237.,3,6,"Meekland Ave, Nimitz Fwy S, US-101 N",Clear,53.7
2017-03-31 04:00:00,62.21,Normal traffic flow,0,0,,Clear,58.4
2017-03-31 05:00:00,63.7,#1 &amp; #2 lane blocked due to accident on I-280 Southbound before Alemany Blvd. | Accident on US-101 Southbound at I-280.,3,2,"I-280 S, I-680 S",Clear,53.8
2017-03-31 06:00:00,60.39,Accident on Foothill Rd both ways near Carver Ln.,2,1,Carver Ln,Clear,53.1
2017-03-31 07:00:00,44.82,Entry ramp closed on US-101 both ways at Exit 414A Hillsdale Blvd. Repairs in progress. | Accident on Arnold Dr at Sundance Pl.,2,3,"Bayshore Fwy S, Arnold Dr, San Tomas Expy",Clear,54.8
2017-03-31 08:00:00,33.11,Right hand shoulder blocked due to accident on I-680 Southbound before Exit 22 Koopman Rd.,3,1,I-680 S,Clear,53.1
2017-03-31 09:00:00,53.3,Accident on County Hwy-G4 San Tomas Expy Northbound at Williams Rd. | At Oregon Expy/Exit 402 - Accident.,2,2,"San Tomas Expy, US-101 N",Clear,60.4
2017-03-31 10:00:00,52.14,#2 lane blocked due to accident on I-880 Southbound after Broadway. | Accident on Sharon Rd at Alameda de Las Pulgas.,3,5,"I-880 S, Sharon Rd, James Lick Fwy N",Clear,62.9
2017-03-31 11:00:00,61.06,Accident on I-580 Eastbound at Exit 36 Redwood Rd. | Accident on I-680 Northbound at Exit 2B McKee Rd.,3,7,"Redwood Rd, I-680 N, 10th Ave",Clear,65.8
2017-03-31 12:00:00,61.04,Right hand shoulder blocked due to accident on CA-85 Northbound after Exit 20 Fremont Ave. | Left &amp; #1 lane blocked due to accident on US-101 Northbound before County Hwy-G3 Oregon Expy. On the median.,2,5,"Norman Y Mineta Hwy, US-101 N, Trimble Rd",Clear,65.3
2017-03-31 13:00:00,61.51,Right hand shoulder blocked due to accident on CA-24 Westbound at Exit 14 Pleasant Hill Rd. | Multi-vehicle accident on US-101 Southbound at Exit 397 Ellis St.,2,4,"CA-24 W, Bayshore Fwy S, US-101 N",Clear,68.7
2017-03-31 14:00:00,61.62,Accident on Moorpark Ave at MacArthur Ave. | Accident on I-880 Northbound before Exit 35 98th Ave.,3,5,"Moorpark Ave, I-880 N, I-880 S",Partly Cloudy,71.6
2017-03-31 15:00:00,60.36,Lane blocked due to accident on I-680 Northbound at Exit 16 Mission Blvd. | Between Golden Gate Bridge/Toll Plaza and Golden Gate Brg (Marin County) - Accident.,3,5,"Mission Rd, Golden Gate Brg N, I-580 E",Clear,72.0
2017-03-31 16:00:00,61.37,At San Mateo Bridge - Accident. | At Capitol Ave - Accident.,2,3,"CA-92 E, I-680 S, I-580 W",Clear,70.6
2017-03-31 17:00:00,62.25,Right hand shoulder blocked due to accident on CA-24 Eastbound before Exit 11 Acalanes Rd. | Right hand shoulder blocked due to accident on I-880 Southbound before Exit 29 A St.,3,4,"CA-24 E, Nimitz Fwy S, I-680 S",Clear,70.4
2017-03-31 18:00:00,63.49,Right hand shoulder blocked due to accident on CA-1 Cabrillo Hwy Southbound at CA-84 La Honda Rd. | At Sir Francis Drake Blvd - Accident.,2,3,"Cabrillo Hwy, Redwood Hwy, I-880 N",Clear,64.9
2017-03-31 19:00:00,63.55,Two lanes blocked due to accident on I-680 Southbound at Exit 9 Jacklin Rd. | Two lanes blocked due to accident on I-680 Southbound at Exit 6 Montague Expy.,3,3,"I-680 S, W Jackson St",Scattered Clouds,62.3
2017-03-31 20:00:00,63.41,Lane blocked due to accident on I-580 Westbound at Exit 44A San Ramon Rd. | Lane blocked due to accident on I-680 Southbound at Exit 2B McKee Rd.,3,2,"I-580 W, I-680 S",Clear,64.6
2017-03-31 21:00:00,63.02,Accident on Dublin Blvd at Scarlett Dr. | Accident on I-880 Northbound at Exits 4B 4C US-101.,3,2,"Dublin Blvd, I-880 N",Clear,64.0
2017-03-31 22:00:00,63.18,Normal traffic flow,0,0,,Clear,58.4
2017-03-31 23:00:00,62.48,Middle lane blocked due to accident on I-680 Northbound at Exit 26 Bernal Ave. | Ramp closed to CA-24 Eastbound and 52nd St - Road closed due to accident.,4,4,"I-680 N, W MacArthur Blvd, I-580 W",Partly Cloudy,59.0
2017-04-01 00:00:00,61.7,Accident on Hesperian Blvd both ways around I-880.,2,1,Lewelling Blvd,Clear,57.0
2017-04-01 01:00:00,61.08,Normal traffic flow,0,0,,Clear,58.4
2017-04-01 02:00:00,63.59,Lane blocked due to accident on I-580 Westbound at CA-24.,3,1,I-580 E,Partly Cloudy,60.1
2017-04-01 03:00:00,61.65,Lane blocked due to accident on McDonnell Rd Northbound at San Bruno Ave.,2,1,San Bruno Ave E,Clear,54.0
2017-04-01 04:00:00,61.5,#4 and #5 lane blocked due to accident on I-280 Southbound at Ocean Ave. | Right hand shoulder blocked due to accident on US-101 Northbound at Tully Rd.,3,3,"I-280 S, US-101 N, Nimitz Fwy S",Clear,51.2
2017-04-01 05:00:00,62.36,Normal traffic flow,0,0,,Clear,58.4
2017-04-01 06:00:00,62.04,Accident on I-880 Southbound at A St. Detour in operation. | Accident on I-880 Southbound at Winton Ave.,3,4,"I-880, Nimitz Fwy S, Paloverde Rd",Clear,51.8
2017-04-01 07:00:00,63.08,Normal traffic flow,0,0,,Clear,58.4
2017-04-01 08:00:00,62.48,Accident on I-280 Northbound at Exit 36 Golf Course Dr.,3,1,Junipero Serra Fwy N,Partly Cloudy,57.0
2017-04-01 09:00:00,61.47,Normal traffic flow,0,0,,Clear,58.4
2017-04-01 10:00:00,61.69,Accident and two stalled vehicles on CA-17 at I-880.,2,1,Leland Ave,Mostly Cloudy,71.1
2017-04-01 11:00:00,63.08,Accident on I-680 Northbound at Exit 5A Hostetter Rd.,3,1,I-680 N,Mostly Cloudy,71.1
2017-04-01 12:00:00,61.62,Normal traffic flow,0,0,,Clear,58.4
2017-04-01 13:00:00,64.76,Right hand shoulder blocked due to accident on I-580 Westbound at Exit 45 Hopyard Rd.,3,1,I-580 W,Clear,73.0
2017-04-01 14:00:00,61.7,#1 lane blocked due to accident on US-101 Northbound at Exit 414B CA-92. | Accident on US-101 Northbound at Exit 445B CA-1.,2,2,US-101 N,Clear,74.3
2017-04-01 15:00:00,61.55,Accident on US-101 Northbound at Exit 414A Hillsdale Blvd. | Accident on I-280 Southbound at Exit 52 Bosworth St.,3,5,"Bayshore Fwy S, I-280 S, James Lick Fwy N",Partly Cloudy,76.0
2017-04-01 16:00:00,61.74,Accident on I-80 I-580 Eastbound between Exit 13 I-580 and Exits 12 13A I-580. | Accident on Alpine Rd at Page Mill Rd.,3,10,"I-580 W, Page Mill Rd, Alvarado Niles Rd",Clear,76.1
2017-04-01 17:00:00,64.93,Accident on I-880 Southbound at Exit 29 A St. | Accident on CA-1 Cabrillo Hwy at Tunitas Creek Rd.,3,9,"I-880 N, Tunitas Creek Rd, I-880 S",Clear,70.0
2017-04-01 18:00:00,62.98,Right hand shoulder blocked due to accident on I-880 Southbound at Exits 46A 46B Grand Ave. | Accident on I-680 Northbound at Exit 14 Auto Mall Pkwy.,3,3,"I-880 N, Auto Mall Pkwy, I-680 S",Clear,70.3
2017-04-01 19:00:00,61.48,Normal traffic flow,0,0,,Clear,58.4
2017-04-01 20:00:00,65.66,Right hand shoulder blocked due to accident on US-101 Southbound at Exits 388B 388C I-880. | Lane blocked due to accident on CA-85 Southbound at Exit 6 Almaden Expy.,3,3,"I-880 S, Almaden Expy, Berryessa Rd",Clear,65.8
2017-04-01 21:00:00,65.32,Right hand shoulder blocked due to accident on CA-237 Westbound at Exit 8 Zanker Rd. | Lane blocked due to accident on US-101 Northbound at Exit 406 CA-84 Marsh Rd.,2,3,"CA-237 W, Bayshore Fwy S, Lawrence Expy",Clear,58.7
2017-04-01 22:00:00,63.86,Normal traffic flow,0,0,,Clear,58.4
2017-04-01 23:00:00,64.22,Accident on US-101 Southbound at Exits 420 421 Millbrae Ave. | Accident on County Hwy-G4 San Tomas Expy Westbound at Campbell Ave.,2,2,"Millbrae Ave, W Campbell Ave",Partly Cloudy,56.0
2017-04-02 00:00:00,62.42,Queueing traffic and right hand shoulder closed due to accident on CA-237 Eastbound at Exit 5 County Hwy-G2 Lawrence Expy. | Lane blocked due to accident on CA-17 Santa Cruz Hwy Northbound at Santa Cruz Hwy.,2,2,"Lawrence Expy, CA-17 N",Clear,55.9
2017-04-02 01:00:00,64.64,Normal traffic flow,0,0,,Clear,58.4
2017-04-02 02:00:00,64.26,Right hand shoulder blocked due to accident on I-580 Westbound at CA-84 Airway Blvd.,3,1,I-580 W,Clear,52.0
2017-04-02 03:00:00,62.89,Accident on I-580 Westbound at Golf Links Rd. | Between Fitzgerald Dr/Richmond Pky and Hilltop Dr - Accident.,4,3,"I-580 W, I-80 W, I-580 E",Clear,54.7
2017-04-02 04:00:00,61.31,Accident on US-101 Northbound at Story Rd. | Between CA-114/Exit 404 and CA-84/Marsh Rd/Exit 406 - Accident.,3,2,US-101 N,Clear,50.9
2017-04-02 05:00:00,61.83,#1 lane blocked and right hand shoulder blocked due to accident on I-80 Westbound at Exit 20 Blume Dr.,3,1,Richmond Pkwy,Clear,52.0
2017-04-02 06:00:00,63.88,Right hand shoulder blocked due to accident on I-880 Southbound at I-80 . | Slow lane blocked due to accident on US-101 Northbound at Marsh Rd.,3,2,"I-880 S, Bayshore Fwy S",Overcast,53.4
2017-04-02 07:00:00,63.06,Normal traffic flow,0,0,,Clear,58.4
2017-04-02 08:00:00,62.75,Normal traffic flow,0,0,,Clear,58.4
2017-04-02 09:00:00,62.78,Right hand shoulder blocked due to accident on CA-242 Southbound at Exit 2 Grant St.,2,1,CA-242 S,Clear,64.0
2017-04-02 10:00:00,61.66,Normal traffic flow,0,0,,Clear,58.4
2017-04-02 11:00:00,61.12,Accident on CA-185 14th St at 167th Ave.,2,1,Elgin St,Partly Cloudy,60.1
2017-04-02 12:00:00,59.91,Normal traffic flow,0,0,,Clear,58.4
2017-04-02 13:00:00,61.17,Normal traffic flow,0,0,,Clear,58.4
2017-04-02 14:00:00,59.71,Accident on CA-92 San Mateo Rd at Digges Canyon Rd. | Accident on I-80 Eastbound at Exit 4A Treasure Is.,3,8,"Digges Canyon Rd, San Francisco-Oakland Bay Brg E, Stone Valley Rd",Clear,70.2
2017-04-02 15:00:00,65.73,Lane blocked due to accident on I-880 Northbound at Exits 33A 33B Marina Blvd. | Lane blocked due to accident on I-580 Westbound at Exits 44B 45 I-680.,3,2,"Nimitz Fwy S, I-580 W",Clear,73.0
2017-04-02 16:00:00,61.95,Two lanes blocked due to accident on I-280 Northbound at Exit 20 County Hwy-G3 Page Mill Rd.,3,1,I-280 S,Clear,73.9
2017-04-02 17:00:00,60.75,Normal traffic flow,0,0,,Clear,58.4
2017-04-02 18:00:00,60.88,Normal traffic flow,0,0,,Clear,58.4
2017-04-02 19:00:00,61.44,Lane blocked due to accident on I-80 Eastbound at Exit 4A Treasure Is. | Lane blocked due to accident on I-80 Westbound at Exit 4A Treasure Is.,3,2,"San Francisco-Oakland Bay Brg E, I-80 W",Scattered Clouds,62.1
2017-04-02 20:00:00,60.06,Lane blocked due to accident on I-580 Westbound at Exits 8B 19A I-80 I-580. | Lane blocked due to accident on I-680 Southbound at Exits 42A 42B Stone Valley Rd.,3,2,"I-580 W, I-680 S",Clear,64.0
2017-04-02 21:00:00,61.47,Normal traffic flow,0,0,,Clear,58.4
2017-04-02 22:00:00,61.37,Lane blocked due to accident on I-80 Westbound at Exit 4A Treasure Is.,3,1,San Francisco-Oakland Bay Brg E,Partly Cloudy,60.1
2017-04-02 23:00:00,60.98,Accident on CA-17 Northbound at Exit 25 Creekside Way.,2,1,CA-17 S,Clear,59.0
2017-04-03 00:00:00,60.36,Queueing traffic due to accident on I-80 Westbound at Exits 8A 8B I-880. | Queueing traffic and right hand shoulder blocked due to accident on I-880 Southbound at Exit 29 A St.,3,2,"I-80 W, I-880 N",Clear,57.4
2017-04-03 01:00:00,59.92,Accident on I-880 Northbound before Exit 5 Brokaw Rd. | Accident on Central Ave at Regent St.,3,2,"I-880 N, Regent St",Clear,56.9
2017-04-03 02:00:00,56.7,Lane blocked due to accident on I-680 Southbound at Exit 14 Auto Mall Pkwy. | Lane blocked due to accident on County Hwy-G2 Lawrence Expy both ways at Central Expy.,3,2,"Auto Mall Pkwy, Central Expy",Clear,54.5
2017-04-03 03:00:00,60.86,Normal traffic flow,0,0,,Clear,58.4
2017-04-03 04:00:00,62.07,Lane blocked due to accident on US-101 Northbound at Exit 388A Oakland Rd.,2,1,US-101 N,Clear,55.0
2017-04-03 05:00:00,64.16,#3 &amp; #4 lane blocked due to large boulder in the road and accident on I-280 Southbound before Alpine Rd. | Right hand shoulder blocked due to accident on US-101 Southbound at Yerba Buena Rd.,3,2,"I-280 S, Bayshore Fwy S",Clear,50.9
2017-04-03 06:00:00,41.97,Normal traffic flow,0,0,,Clear,58.4
2017-04-03 07:00:00,19.83,Accident on CA-237 Westbound before Exit 5 County Hwy-G2 Lawrence Expy. | At Van Ness Ave/Duboce Ave/Exit 434A - Accident.,2,3,"Lawrence Expy, Central Fwy, I-580 E",Clear,52.7
2017-04-03 08:00:00,19.12,Right hand shoulder blocked due to accident on I-80 Westbound after Exit 21 Appian Way. | Accident on US-101 Southbound near Exit 439 Transit Transfer Facility.,3,5,"I-80 W, Golden Gate Brg S, Norman Y Mineta Hwy",Clear,55.7
2017-04-03 09:00:00,25.88,Accident on I-680 Northbound before Stone Valley Rd. | Accident on Center St at Grove Way.,3,9,"I-680 S, Center St, E Castro Valley Blvd",Clear,59.3
2017-04-03 10:00:00,51.98,Accident on I-880 Southbound after Exit 26 Tennyson Rd. | #2 lane blocked due to accident on I-680 Northbound after Exit 38 Sycamore Valley Rd.,3,6,"W Tennyson Rd, I-680 N, Bridgepointe Pkwy",Clear,60.7
2017-04-03 11:00:00,62.13,Right hand shoulder blocked due to accident on US-101 Southbound after Exit 380 Hellyer Ave. | #2 lane blocked due to accident on CA-85 Northbound at Union Ave.,3,7,"US-101 N, Norman Y Mineta Hwy, Senter Rd",Partly Cloudy,64.3
2017-04-03 12:00:00,62.28,#1 lane blocked due to accident on CA-24 Westbound after Exits 5 5A 5B CA-13 Warren Fwy. | #1 lane blocked due to accident on I-880 Southbound before Exit 23 Alvarado Niles Rd.,3,6,"CA-24 W, Nimitz Fwy S, I-880 N",Clear,66.3
2017-04-03 13:00:00,63.31,Accident on Industrial Blvd Westbound at CA-92 Jackson St. | Accident on County Hwy-G4 San Tomas Expy near Monroe St.,2,2,"Industrial Blvd, Monroe St",Clear,69.4
2017-04-03 14:00:00,62.18,Accident on Berkshire Dr near Selborne Dr. | Accident on I-680 Southbound before CA-24.,3,4,"Berkshire Rd, I-680 S,  Perry St",Clear,70.3
2017-04-03 15:00:00,61.9,Accident on CA-185 14th St Eastbound at Hesperian Blvd. | Closed at 4th St/5th St - Road closed due to accident.,4,3,"E 14th St, I-80 W, I-80 E",Clear,71.4
2017-04-03 16:00:00,61.82,Accident on Sir Francis Drake Blvd at Eliseo Dr. | Right hand shoulder blocked due to accident on I-580 Eastbound at Castro Valley Blvd.,3,3,"Sir Francis Drake Blvd, I-238 S, Bayshore Fwy S",Clear,71.5
2017-04-03 17:00:00,61.59,#2 lane blocked due to accident on I-80 Westbound before Exits 2 2A Harrison St. | Accident on I-880 Northbound after Exit 28 Winton Ave.,3,5,"Perry St, I-880 N, I-280 S",Clear,67.7
2017-04-03 18:00:00,62.04,Accident on I-680 Northbound before Vallecitos Rd. | Accident on I-680 Northbound before Exit 48 Main St. On the median.,3,13,"I-680 N, I-680 S, I-580 E",Clear,65.9
2017-04-03 19:00:00,63.12,Accident on US-101 Northbound at Exit 414A Hillsdale Blvd. | Right hand shoulder blocked due to accident on I-680 Southbound at Exit 14 Auto Mall Pkwy.,3,8,"US-101 N, Auto Mall Pkwy, Castro Valley Blvd",Partly Cloudy,59.4
2017-04-03 20:00:00,62.57,Right hand shoulder blocked due to accident on I-380 Westbound at Exit 5 CA-82 El Camino Real. | Right hand shoulder blocked due to accident on Castro Valley Blvd at Five Canyons Pkwy.,3,9,"I-380 W, Five Canyons Pkwy, Bayshore Fwy S",Scattered Clouds,57.0
2017-04-03 21:00:00,62.25,Slow lane blocked due to accident on I-280 Northbound before Junipero Serra Blvd. | Right hand shoulder blocked due to accident on I-880 Southbound at Exit 5 Brokaw Rd.,3,5,"I-280 S, I-880 S, I-680 S",Clear,54.0
2017-04-03 22:00:00,62.3,Accident on CA-1 Shoreline Hwy at Panoramic Hwy. | Right hand shoulder blocked due to accident on CA-17 Northbound after Garden Hill Dr.,2,2,"Shoreline Hwy, CA-17 N",Clear,52.5
2017-04-03 23:00:00,61.58,Right hand shoulder blocked due to accident now on the shoulder on I-980 Westbound at Exits 2A 2B I-580.,3,1,Grove Shafter Fwy W,Clear,55.0
2017-04-04 00:00:00,61.08,Right hand shoulder blocked due to accident now on the shoulder on US-101 Northbound at Exits 430A 430B 431 I-280. | Accident on I-580 Eastbound at Exit 21B Grand Ave.,3,4,"James Lick Fwy N, I-580 E, US-101 N",Clear,51.3
2017-04-04 01:00:00,60.81,Accident on Claremont Ave at Madeline Dr.,2,1,N Claremont Ave,Clear,48.2
2017-04-04 02:00:00,60.93,Three lanes blocked due to accident on I-80 Eastbound at Exit 17 Amador St. | Lane blocked due to accident on I-880 Southbound at Exits 30 31A I-238.,3,2,"I-80 W, Nimitz Fwy S",Clear,53.6
2017-04-04 03:00:00,61.23,Shoulder blocked on exit ramp due to accident on I-280 Northbound at Exits 47 47B CA-1. | Accident on Crow Canyon Rd both ways after Norris Canyon Rd.,3,2,"Coast Hwy, Crow Canyon Rd",Clear,49.4
2017-04-04 04:00:00,62.64,Accident on 35th St at West St.,2,1,West St,Mostly Cloudy,54.0
2017-04-04 05:00:00,63.48,Slow lane blocked due to accident on CA-17 Santa Cruz Hwy Southbound before The Cats Statues. | At Octavia St - Accident.,2,3,"Santa Cruz Hwy,  Lombard St, I-580 W",Clear,52.1
2017-04-04 06:00:00,45.79,At Tennyson Rd - Accident. | At Shoreline Blvd - Accident. Left lane blocked.,2,3,"Nimitz Fwy S, Norman Y Mineta Hwy, I-80 W",Clear,51.7
2017-04-04 07:00:00,25.06,Right hand shoulder blocked due to accident on I-880 Southbound before Exit 2 CA-82 The Alameda.,3,1,I-880 S,Mostly Cloudy,48.9
2017-04-04 08:00:00,26.35,#1 lane blocked due to accident on I-580 Westbound at I-80. | Accident on CA-24 Westbound at I-580.,3,6,"I-80 E, I-580 W, Nimitz Fwy S",Mostly Cloudy,56.1
2017-04-04 09:00:00,37.78,#2 lane blocked due to accident on I-880 Southbound after Exit 26 Tennyson Rd. | Right hand shoulder blocked due to accident on US-101 Northbound before Mathilda Ave.,3,6,"Nimitz Fwy S, N Mathilda Ave, Southbay Fwy",Clear,57.4
2017-04-04 10:00:00,60.85,#2 lane blocked due to accident on I-80 Westbound at Exit 19B Hilltop Dr. | Accident on I-580 Westbound at I-80.,3,8,"I-80 W, I-580 W, Norman Y Mineta Hwy",Partly Cloudy,59.0
2017-04-04 11:00:00,63.0,Accident on River Oaks Pkwy at County Hwy-G4 Montague Expy. | Accident on Brunswick St at Pope St.,3,10,"River Oaks Pkwy, Brunswick St, Fish Ranch Rd",Scattered Clouds,64.1
2017-04-04 12:00:00,62.06,Accident on CA-1 Shoreline Hwy Northbound before Panoramic Hwy. | At Fremont St/Harrison St - Accident.,2,5,"Shoreline Hwy, I-80 W,  San Tomas Expy",Scattered Clouds,67.2
2017-04-04 13:00:00,62.29,Accident on Plum St at US-101 Mission St. | Lane blocked on exit ramp due to accident on US-101 Northbound at Cesar Chavez St.,3,5,"Plum St, James Lick Fwy N, I-980 W",Mostly Cloudy,65.6
2017-04-04 14:00:00,61.51,Lane blocked on exit ramp due to accident on I-680 Southbound at Exit 2B McKee Rd. | Lane blocked on entry ramp due to accident on I-680 Northbound at Exits 42A 42B Stone Valley Rd.,3,6,"I-680 N, I-680 S, I-80 W",Clear,69.6
2017-04-04 15:00:00,60.94,Two lanes blocked due to accident on I-80 Westbound at Exits 2B 2C Harrison St. | At CA-92/Jackson St - Accident.,3,7,"I-80 W, I-880 N, CA-237 W",Mostly Cloudy,69.7
2017-04-04 16:00:00,61.8,Lane blocked due to accident on I-80 Westbound at Exit 4A Treasure Is. | At 5th St - Accident.,3,7,"San Francisco-Oakland Bay Brg E, John F Foran Fwy N, I-580 E",Clear,69.8
2017-04-04 17:00:00,61.62,At CR-G8/Almaden Expy/Exit 3B - Accident. | At Solano Ave - Accident.,2,5,"Guadalupe Fwy S, I-80 E, CA-85 S",Clear,71.1
2017-04-04 18:00:00,63.04,Lane blocked due to accident on CA-237 Westbound at Exit 6 Great America Pkwy. | Lane blocked due to accident on I-280 Southbound at Exits 54 54A 54B US-101.,3,5,"CA-237 W, I-280 S, John F Foran Fwy N",Clear,62.1
2017-04-04 19:00:00,63.62,Two lanes blocked due to accident on I-238 Northbound at Exits 16A 16B I-880. | Lane blocked due to accident on US-101 Southbound at Exits 400A 400B Rengstorff Ave.,3,4,"I-238 N, US-101 N, Bayshore Fwy S",Clear,62.9
2017-04-04 20:00:00,62.3,Lane blocked due to accident on I-80 Westbound at Exit 18 San Pablo Dam Rd. | Lane blocked due to accident on I-580 Westbound at Exits 44B 45 I-680.,3,2,"I-80 W, I-580 W",Clear,63.0
2017-04-04 21:00:00,62.48,#4 lane blocked due to accident on US-101 Northbound after Hillsdale Blvd. | #2 lane blocked due to accident on US-101 Southbound before Charleston Rd.,2,4,"US-101 N, Bayshore Fwy S",Clear,59.3
2017-04-04 22:00:00,62.02,Lane blocked due to accident on US-101 Southbound at Exits 381 382 Yerba Buena Rd. | At I-238/Washington Ave - Accident.,3,2,"Bayshore Fwy S, Nimitz Fwy S",Clear,59.4
2017-04-04 23:00:00,61.82,Right hand shoulder blocked due to accident on I-880 Northbound at Exit 24 Whipple Rd.,3,1,I-880 N,Clear,57.9
2017-04-05 00:00:00,61.4,Accident on I-980 Westbound at Exits 1A 1B 1C 1D Brush St. | Lane blocked and queueing traffic due to accident on I-80 Westbound at Exit 4A Treasure Is.,3,5,"I-980 W, San Francisco-Oakland Bay Brg E, Grove Shafter Fwy E",Clear,56.6
2017-04-05 01:00:00,61.09,Lane closed on exit ramp due to accident on CA-85 Northbound at Exit 14 Saratoga Ave.,2,1,Norman Y Mineta Hwy,Clear,55.9
2017-04-05 02:00:00,60.87,Lane blocked due to accident on I-880 Southbound at Exit 17 Mowry Ave. | Lane blocked due to accident on I-880 Southbound at Exit 29 A St.,3,4,"Mowry Ave, I-880 N, Marina Blvd",Clear,56.9
2017-04-05 03:00:00,61.19,Accident on Meekland Ave both ways around Medford Ave.,2,1,Meekland Ave,Clear,54.0
2017-04-05 04:00:00,62.83,Right hand shoulder blocked due to accident on I-280 Northbound at Exits 2B 3A 3B CA-87 Guadalupe Pkwy. | At Jacklin Rd - Accident.,3,2,"I-280 S, I-680 S",Clear,55.0
2017-04-05 05:00:00,61.87,At Auto Mall Pky - Accident. Left lane blocked. | At Mowry Ave - Accident.,2,2,Nimitz Fwy S,Mostly Cloudy,62.6
2017-04-05 06:00:00,42.11,Accident on I-680 Southbound after Jacklin Rd. | Accident on Chynoweth Ave both ways at Ivygate Ln.,3,7,"Jacklin Rd, Chynoweth Ave, US-101 N",Clear,53.8
2017-04-05 07:00:00,23.18,Normal traffic flow,0,0,,Clear,58.4
2017-04-05 08:00:00,22.38,#1 and #2 lane blocked due to accident on I-880 Southbound before Exit 15 Auto Mall Pkwy. | #2 lane blocked due to accident on I-880 Southbound before Exit 17 Mowry Ave.,3,3,"I-880 N, Mowry Ave, Southbay Fwy",Mostly Cloudy,60.7
2017-04-05 09:00:00,22.18,#1 lane blocked due to accident on US-101 Northbound before CA-130 Alum Rock Ave. | Lane blocked on entry ramp due to accident on I-880 Southbound at Exit 34 CA-61 Davis St.,3,7,"US-101 N, I-880 N, I-680 S",Mostly Cloudy,61.0
2017-04-05 10:00:00,34.98,Accident on CA-24 Eastbound before Fish Ranch Rd. | Right hand shoulder blocked due to accident on I-880 Southbound after Exit 25 Industrial Pkwy.,3,5,"Caldecott Tunl E, Industrial Pkwy W, S 7th St",Clear,65.1
2017-04-05 11:00:00,63.31,Accident on Velvetlake Dr at Lakewood Dr. | #2 lane blocked due to accident on CA-237 Eastbound before Exit 7 1st St.,3,4,"Lakewood Dr, N 1st St, Lehigh Dr",Overcast,72.0
2017-04-05 12:00:00,64.71,Right hand shoulder blocked due to accident on County Hwy-G2 Lawrence Expy Southbound at CA-82 El Camino Real. | Accident on US-101 Southbound after Exit 414A Hillsdale Blvd.,3,7,"El Camino Real, Bayshore Fwy S, W Calaveras Blvd",Overcast,69.6
2017-04-05 13:00:00,63.5,Accident on I-280 Northbound before Exit 9 County Hwy-G2 Lawrence Expy. | At Fremont St/Harrison St - Accident.,3,2,"I-280 S, I-80 W",Mostly Cloudy,73.0
2017-04-05 14:00:00,63.27,Accident on I-80 Westbound before Exit 4A Treasure Is. | At University Ave - Accident.,3,2,"San Francisco-Oakland Bay Brg E, I-580 W",Overcast,72.0
2017-04-05 15:00:00,61.37,Lane blocked due to accident on I-280 Northbound at Exit 22 Alpine Rd. | Lane blocked due to accident on I-580 Westbound at MacArthur Blvd.,4,7,"Junipero Serra Fwy N, I-580 W, I-80 E",Clear,71.9
2017-04-05 16:00:00,62.34,Lane blocked due to accident on I-280 Northbound at Exit 24 Sand Hill Rd. | Lane blocked due to accident on I-80 Eastbound at Exits 2B 2C Harrison St.,3,6,"Sand Hill Rd, James Lick Fwy N, I-580 W",Clear,71.9
2017-04-05 17:00:00,62.35,Two lanes blocked due to accident on I-80 I-580 Eastbound at Exit 11 I-580. | Accident on US-101 Northbound after Blithedale Ave.,3,7,"I-580 W, US-101 N, Thornton Ave",Clear,68.9
2017-04-05 18:00:00,63.14,Lane blocked due to accident on I-680 Northbound at Exit 12 CA-262 Mission Blvd. | At Treasure Island Rd - Accident.,3,5,"I-680 N, I-80 W, I-580 W",Overcast,65.2
2017-04-05 19:00:00,63.87,Lane blocked due to accident on I-880 Southbound at Exit 7 County Hwy-G4 Montague Expy.,3,1,I-880 S,Mostly Cloudy,64.0
2017-04-05 20:00:00,62.9,Two lanes blocked due to accident on I-880 Southbound at Exit 23 Alvarado Niles Rd. | Lane blocked on entry ramp due to accident on US-101 Northbound at Exit 452 Irwin St.,3,2,"Nimitz Fwy S, US-101 N",Clear,58.2
2017-04-05 21:00:00,62.63,Slow lane blocked due to accident on I-880 Southbound before Exit 25 Industrial Pkwy. | Accident on I-680 Southbound at Exit 10 Scott Creek Rd.,3,7,"Industrial Pkwy W, I-680 S, San Francisco-Oakland Bay Brg E",Mostly Cloudy,60.8
2017-04-05 22:00:00,62.14,Normal traffic flow,0,0,,Clear,58.4
2017-04-05 23:00:00,61.51,Slow traffic due to accident on US-101 Southbound at Exits 390 391 CA-87 Guadalupe Pkwy. | 4th lane blocked due to accident on US-101 Northbound at Exit 403 Bayshore Rd.,3,3,"Bayshore Fwy S, I-680 S",Clear,59.7
2017-04-06 00:00:00,61.15,Accident on US-101 Southbound at Exits 424 425A Airport Blvd. | Right hand shoulder blocked due to accident now on the shoulder on I-880 Southbound at Exit 29 A St.,3,3,"Bayshore Fwy S, I-880, US-101 N",Clear,59.7
2017-04-06 01:00:00,60.99,Accident on US-101 Southbound at Exit 403 Bayshore Rd. | Accident on US-101 Southbound before Exit 403 Bayshore Rd.,3,4,"Bayshore Fwy S, I-580 W, US-101 N",Mostly Cloudy,57.4
2017-04-06 02:00:00,60.8,Normal traffic flow,0,0,,Clear,58.4
2017-04-06 03:00:00,61.21,Normal traffic flow,0,0,,Clear,58.4
2017-04-06 04:00:00,62.44,Right hand shoulder blocked due to accident on I-80 Eastbound at Exit 20 Blume Dr. | Left lane blocked due to accident on US-101 Northbound at Exit 383 Tully Rd.,3,2,"Richmond Pkwy, Bayshore Fwy S",Clear,56.6
2017-04-06 05:00:00,63.98,Normal traffic flow,0,0,,Clear,58.4
2017-04-06 06:00:00,46.28,Normal traffic flow,0,0,,Clear,58.4
2017-04-06 07:00:00,23.49,Normal traffic flow,0,0,,Clear,58.4
2017-04-06 08:00:00,30.17,Right hand shoulder blocked due to accident on I-80 Westbound before Exits 16 16B Barrett Ave. | Accident on CA-237 Westbound before Exit 6 Great America Pkwy.,3,6,"I-80 W, CA-237 W, I-880 S",Overcast,60.0
2017-04-06 09:00:00,56.05,Right hand shoulder blocked due to accident on I-880 Southbound at Hesperian Blvd. | Right hand shoulder blocked due to accident on I-680 Southbound before Exit 25 Pleasanton Sunol Rd.,3,8,"Nimitz Fwy S, I-680 S, I-80 W",Overcast,59.9
2017-04-06 10:00:00,61.75,Accident on I-80 Westbound at Grand Ave. | Right hand shoulder blocked due to accident on I-580 Westbound before Foothill Blvd.,3,7,"I-80 W, I-580 W, I-680 S",Overcast,60.1
2017-04-06 11:00:00,63.58,Accident on I-580 Eastbound before Exit 32 Foothill Blvd. On the median. | Right hand shoulder blocked due to accident on I-680 Southbound after Calaveras Rd.,3,9,"I-580 E, I-680 S, Bayshore Fwy S",Overcast,62.4
2017-04-06 12:00:00,63.29,Normal traffic flow,0,0,,Clear,58.4
2017-04-06 13:00:00,63.68,Accident on I-880 Northbound at 7th St. | Accident on Thrush Ave at CA-185 14th St.,3,3,"7th St, E 14th St, State Highway 1",Overcast,62.7
2017-04-06 14:00:00,63.85,Accident on I-80 I-580 Westbound at Gilman St. | Accident on I-880 Southbound at Fruitvale Ave.,3,3,"I-580 W, I-880 N, Cabrillo Hwy N",Overcast,63.0
2017-04-06 15:00:00,62.78,Normal traffic flow,0,0,,Clear,58.4
2017-04-06 16:00:00,64.18,Lane blocked due to accident on I-880 Northbound at Exit 39A Elmwood Ave. | At San Pablo Dam Rd - Accident.,3,3,"I-880 N, I-80 E",Overcast,65.0
2017-04-06 17:00:00,62.24,Right hand shoulder blocked due to multi-vehicle accident on CA-87 Southbound at Santa Teresa Blvd. | At Stone Valley Rd - Accident.,2,6,"Guadalupe Fwy S, I-680 N, US-101 N",Overcast,61.1
2017-04-06 18:00:00,57.57,Lane blocked due to accident on CA-92 Eastbound at San Mateo Bridge. | Lane blocked due to accident on US-101 Southbound at Exits 400B 400C San Antonio Rd.,3,12,"CA-92 E, US-101 N, Nimitz Fwy S",Rain,56.9
2017-04-06 19:00:00,49.4,Lane blocked due to accident on County Hwy-G4 San Tomas Expy Southbound at Moorpark Ave. | Lane blocked due to accident on I-680 Northbound at Exits 42A 42B Stone Valley Rd.,3,12,"Moorpark Ave, I-680 N, Grove Shafter Fwy E",Rain,54.2
2017-04-06 20:00:00,59.37,Right hand shoulder blocked due to accident on US-101 Southbound at Exit 414B CA-92. | At Treasure Island Rd - Accident.,3,3,"Bayshore Fwy S, Spear St",Light Rain,51.3
2017-04-06 21:00:00,60.67,Right hand shoulder blocked and slow lane blocked due to accident on I-280 Northbound before Exit 51 Ocean Ave. | Accident on I-80 Eastbound before Exit 14A Central Ave.,3,5,"John F Foran Fwy, I-80 E, CA-85 S",Light Rain,52.4
2017-04-06 22:00:00,60.95,Lane blocked due to accident on I-280 Northbound at Exit 33 CA-92. | Two lanes blocked due to accident on I-680 Southbound at Vargas Rd.,3,8,"Junipero Serra Fwy N, I-680 S, Guadalupe Fwy N",Light Rain,51.6
2017-04-06 23:00:00,60.84,Accident on Comstock Rd at CA-35 Skyline Blvd. | Queueing traffic and right hand shoulder blocked due to accident now on the shoulder on I-80 Eastbound at Exit 4 Hillcrest Rd.,3,3,"Skyline Blvd, San Francisco-Oakland Bay Bridge, Potrero Ave",Light Rain,53.2
2017-04-07 00:00:00,60.85,Right hand shoulder blocked due to accident now on the shoulder on I-680 Northbound near Oak Rd. | Accident on I-80 Westbound at Exit 13 I-580.,3,9,"I-680 N, I-580 W, Jo Lin Ct",Light Rain,53.7
2017-04-07 01:00:00,60.71,Normal traffic flow,0,0,,Clear,58.4
2017-04-07 02:00:00,60.49,Lane blocked due to accident on US-101 Southbound at Casa Buena Dr. | #3 and #4 lane blocked due to accident on I-880 Northbound at Exit 40 Embarcadero.,3,17,"US-101 S, I-880 N, Alemany Blvd",Overcast,55.0
2017-04-07 03:00:00,60.75,Lane blocked due to accident on I-280 Northbound at Exit 41 Larkspur Dr. | Right hand shoulder blocked due to accident on I-580 Eastbound at Exit 22A MacArthur Blvd.,3,7,"Larkspur Dr, I-580 W, Sand Hill Rd",Overcast,55.3
2017-04-07 04:00:00,61.18,Accident on Leila St at Orange Ave. | Accident on CA-87 Guadalupe Pkwy Southbound at Exits 4 5 6 I-280.,3,4,"N 4th St, I-280 S, Andrade Rd",Mostly Cloudy,54.6
2017-04-07 05:00:00,61.28,Slow lane blocked due to accident on I-580 Eastbound before Harrison St. | Right hand shoulder blocked due to earlier accident on I-880 Southbound before Thornton Ave. All lanes have been re-opened.,3,2,"I-580 E, Nimitz Fwy S",Light Rain,58.1
2017-04-07 06:00:00,47.32,Right hand shoulder blocked due to accident on CA-4 Westbound before Alhambra Ave. | At 7th St/10th St/Virginia St - Accident.,2,3,"CA-4 W, Sinclair Fwy N, CA-1 S",Overcast,56.3
2017-04-07 07:00:00,33.08,Lane blocked on exit ramp due to accident on I-880 Southbound at Exit 23 Alvarado Niles Rd. | At CA-1/John Daly Blvd - Accident.,3,2,"Alvarado Niles Rd, CA-1",Overcast,57.0
2017-04-07 08:00:00,32.22,Restrictions on entry ramp due to accident on I-880 Northbound at Exit 15 Auto Mall Pkwy. | Accident on I-580 Westbound before Harbour Way.,3,5,"I-880 N, Harbour Way S, Tassajara Rd",Overcast,58.7
2017-04-07 09:00:00,58.82,Accident on US-101 Northbound at Vermont St. | Accident on Fruitvale Ave at 9th St.,3,6,"James Lick Fwy N, Fruitvale Ave, I-580 W",Overcast,59.5
2017-04-07 10:00:00,63.57,Slow lane blocked due to accident on I-280 Northbound before John Daly Blvd. | Lane blocked on exit ramp due to accident on I-680 Northbound at Willow Pass Rd.,3,3,"John Daly Blvd, I-680 N, I-880 N",Light Rain,59.7
2017-04-07 11:00:00,64.01,#5 and #6 lane blocked due to accident on I-280 Northbound before Exit 1A McLaughlin Ave. | At CA-92/Jackson St - Accident.,3,3,"McLaughlin Ave, I-880 N, US-101 N",Overcast,61.8
2017-04-07 12:00:00,64.74,Accident on US-101 Northbound before CA-130 Alum Rock Ave. | Lane blocked on exit ramp due to accident on CA-237 Westbound at Exit 8 Zanker Rd.,2,5,"US-101 N, CA-237 W, I-680 N",Overcast,60.6
2017-04-07 13:00:00,63.71,#1 and #2 lane blocked due to accident on I-880 Northbound at Exit 29 A St. | #1 and #2 lane blocked due to accident on I-880 Northbound at Exit 28 Winton Ave.,3,10,"I-880 N, W Winton Ave, Nimitz Fwy S",Overcast,59.2
2017-04-07 14:00:00,63.91,Accident on I-880 Northbound at Exit 27 CA-92 Jackson St. | Gore point obstructed due to accident on US-101 Northbound at Exit 402 Embarcadero Rd.,3,2,"I-880 N, Embarcadero Rd",Overcast,63.2
2017-04-07 15:00:00,63.18,#2 lane blocked due to accident on I-680 Northbound at Exit 39 Diablo Rd. | Accident on I-280 Southbound at Exit 33 CA-92.,3,11,"I-680 N, I-280 S, Rapley Ranch Rd",Mostly Cloudy,64.6
2017-04-07 16:00:00,63.92,Lane blocked due to accident on US-101 Southbound at Anza Blvd. | Lane blocked due to accident on I-80 Westbound at Fifth St.,3,8,"Bayshore Fwy S, Perry St, I-680 N",Partly Cloudy,62.6
2017-04-07 17:00:00,63.64,Ramp to Eastbound I-380 Acc - Accident. | At CA-82/El Camino Real - Accident.,3,4,"Wong Way, Norman Y Mineta Hwy, I-580 W",Mostly Cloudy,63.0
2017-04-07 18:00:00,63.84,#3 lane blocked due to accident on I-80 Eastbound at Exit 4A Treasure Is. | Slow lane blocked due to accident on US-101 Northbound at Exit 444 Rodeo Ave.,3,10,"San Francisco-Oakland Bay Brg E, US-101 S, I-580 W",Light Rain,60.5
2017-04-07 19:00:00,63.79,Lane blocked due to accident on I-880 Southbound at Exit 31B Washington Ave. | Shoulder blocked on exit ramp due to accident on I-280 Northbound at Exit 53 Alemany Blvd.,3,11,"Nimitz Fwy S, John F Foran Fwy, N De Anza Blvd",Light Rain,58.9
2017-04-07 20:00:00,62.74,Center lane blocked due to accident on US-101 Eastbound at Bellam Blvd. | Right hand shoulder blocked due to accident on US-101 Southbound at CA-237 .,3,8,"US-101 N, Southbay Fwy, I-380 W",Overcast,58.1
2017-04-07 21:00:00,63.03,Accident on US-101 Southbound at Exit 450B Sir Francis Drake Blvd. | Accident on I-880 Southbound after Exit 2 CA-82 The Alameda.,3,8,"US-101 S, I-880 S, I-580 E",Light Rain,57.5
2017-04-07 22:00:00,61.79,Lane blocked due to accident on I-580 Southbound at Castro Valley Blvd. | Right hand shoulder blocked due to accident on US-101 Southbound at Wolfback Ridge Rd.,3,5,"Foothill Blvd, US-101 N, Mission Blvd",Heavy Rain,55.2
2017-04-07 23:00:00,61.89,Normal traffic flow,0,0,,Clear,58.4
2017-04-08 00:00:00,59.73,2nd lane blocked due to accident on US-101 Southbound at Exits 433 433B 433C San Francisco-Oakland Bay Bridge. | Middle lane blocked due to accident on I-680 Northbound at Exit 2B McKee Rd.,3,10,"San Bruno Ave, I-680 N, Junipero Serra Fwy N",Overcast,48.9
2017-04-08 01:00:00,58.86,Right hand shoulder blocked due to accident on I-280 Northbound at Geneva Ave. | Accident on Maritime St Westbound at I-80 .,3,3,"John F Foran Fwy, I-80 W, I-580 E",Mostly Cloudy,52.1
2017-04-08 02:00:00,60.82,Accident on I-80 Westbound at Treasure Is. | Right hand shoulder blocked due to accident on I-880 Southbound at I-880 .,3,2,"San Francisco-Oakland Bay Brg E, Nimitz Fwy S",Mostly Cloudy,53.1
2017-04-08 03:00:00,61.01,Accident on I-80 Westbound at 7th St. | Accident on I-280 Southbound at Page Mill Rd.,3,4,"I-80 W, I-280 S, Jacklin Rd",Scattered Clouds,49.2
2017-04-08 04:00:00,61.38,Accident on I-880 Westbound near I-880 Exit 41B. | Accident on I-580 Westbound at Redwood Rd.,3,5,"I-880 N, I-580 W, US-101 N",Overcast,48.5
2017-04-08 05:00:00,62.18,Right hand shoulder blocked due to accident on I-80 I-580 Eastbound at Powell St W. | Right hand shoulder blocked due to accident on I-580 Westbound at Exit 39 Eden Canyon Rd.,3,2,"I-80 W, Paloverde Rd",Partly Cloudy,51.6
2017-04-08 06:00:00,62.52,Accident on I-80 Eastbound at Grand Ave.,3,1,San Francisco-Oakland Bay Brg E,Scattered Clouds,52.0
2017-04-08 07:00:00,64.08,Right hand shoulder blocked due to accident on US-101 Northbound at Exit 417A Bayshore Blvd.,2,1,US-101 N,Scattered Clouds,50.0
2017-04-08 08:00:00,62.48,Accident on I-580 Eastbound at Exits 29 29A 98th Ave.,3,1,I-580 E,Light Rain,50.0
2017-04-08 09:00:00,60.28,Accident on CA-13 Warren Fwy at Exit 4 Moraga Ave. | Middle lane blocked due to accident on US-101 Northbound at Exit 397 Ellis St.,2,2,"Warren Fwy N, Ellis St",Light Rain,51.0
2017-04-08 10:00:00,58.78,Accident on I-580 Westbound at Exits 26 26A 26B Mountain Blvd. | Right hand shoulder blocked due to accident on US-101 Northbound at Exits 404A 404B CA-114 Willow Rd.,3,2,"I-580 W, Bayshore Fwy S",Mostly Cloudy,52.9
2017-04-08 11:00:00,19.13,#2-3 lane blocked due to accident on I-280 Southbound at Exit 45 Westborough Blvd. | Accident on I-280 Southbound at Exits 12A 12B CA-85.,3,2,"I-280 S, Norman Y Mineta Hwy",Light Rain,52.6
2017-04-08 12:00:00,50.63,Accident on I-80 Westbound at Exit 4A Treasure Is. | #1 lane blocked due to accident on I-680 Northbound at Exit 38 Sycamore Valley Rd.,3,7,"San Francisco-Oakland Bay Brg E, I-680 N, Ashby Ave",Mostly Cloudy,54.7
2017-04-08 13:00:00,61.13,Accident on I-880 Northbound at Exits 8A 8B 8C CA-237. | Accident on I-80 I-580 Westbound at I-580.,3,4,"I-880 N, I-80 W, Alhambra Ave",Mostly Cloudy,54.6
2017-04-08 14:00:00,62.05,Accident on US-101 Northbound at Exit 433A Vermont St. | Accident on I-80 Westbound at Exit 4 Hillcrest Rd.,3,5,"James Lick Fwy N, San Francisco-Oakland Bay Bridge, Guadalupe Pkwy N",Mostly Cloudy,56.6
2017-04-08 15:00:00,62.32,Right hand shoulder blocked due to accident on I-80 Westbound at Exit 14A Central Ave. | Right hand shoulder blocked due to accident on I-880 Northbound at Exit 38 CA-77 42nd Ave.,3,8,"Central Ave, I-880 N, I-680 S",Scattered Clouds,56.5
2017-04-08 16:00:00,61.28,Right hand shoulder blocked due to accident on I-880 Southbound at Exit 29 A St. | Accident on I-280 Southbound at Exits 1 1B 2 11th St.,3,3,"Nimitz Fwy S, Sinclair Fwy N",Mostly Cloudy,56.3
2017-04-08 17:00:00,61.51,Right hand shoulder blocked due to multi-vehicle accident on I-880 Southbound at Exits 12 12A 12B CA-262 Mission Blvd. | Accident on I-280 Northbound at Exit 7 Saratoga Ave.,3,3,"Nimitz Fwy S, Saratoga Ave, I-980 W",Scattered Clouds,56.4
2017-04-08 18:00:00,60.9,Right hand shoulder blocked due to accident on I-880 Northbound at Exit 16 Stevenson Blvd. | Accident on I-280 Southbound at Exits 3A 3B Bird Ave.,3,4,"Stevenson Blvd, Sinclair Fwy N, I-680 S",Clear,55.0
2017-04-08 19:00:00,62.02,Right hand shoulder blocked due to accident on US-101 Southbound at Exit 392 County Hwy-G4 San Tomas Expy.,2,1,Bayshore Fwy S,Scattered Clouds,52.0
2017-04-08 20:00:00,61.85,Right hand shoulder blocked due to accident on I-880 Southbound at Exit 21 Decoto Rd. | One lane blocked due to accident on US-101 Northbound at Exits 419A 419B Rollins Rd.,3,2,"Nimitz Fwy S, US-101 N",Clear,51.0
2017-04-08 21:00:00,62.88,Accident on US-101 Northbound at Exits 386A 386B McKee Rd.,2,1,Hedding St,Partly Cloudy,46.4
2017-04-08 22:00:00,62.93,Normal traffic flow,0,0,,Clear,58.4
2017-04-08 23:00:00,62.05,Accident on I-880 Northbound at Exit 23 Alvarado Niles Rd.,3,1,Alvarado Niles Rd,Clear,48.0
2017-04-09 00:00:00,61.67,Accident on Cedar Ave at Laurel Ave.,2,1,Cedar Ave,Clear,44.6
2017-04-09 01:00:00,61.39,Normal traffic flow,0,0,,Clear,58.4
2017-04-09 02:00:00,61.1,Normal traffic flow,0,0,,Clear,58.4
2017-04-09 03:00:00,60.97,Normal traffic flow,0,0,,Clear,58.4
2017-04-09 04:00:00,61.15,Right hand shoulder blocked due to accident on US-101 Northbound at Whipple Ave.,2,1,Bayshore Fwy S,Clear,44.6
2017-04-09 05:00:00,62.02,At MC Laughlin Ave - Accident.,3,1,I-280 S,Clear,41.0
2017-04-09 06:00:00,62.22,Right hand shoulder blocked due to accident on CA-17 Northbound at County Hwy-G4 Camden Ave.,2,1,CA-17 N,Scattered Clouds,43.0
2017-04-09 07:00:00,62.42,#1 lane blocked due to accident on I-80 Eastbound at Treasure Is. | Right hand shoulder blocked due to accident on I-880 Southbound at Exits 12 12A 12B CA-262 Mission Blvd.,3,2,"San Francisco-Oakland Bay Brg E, Nimitz Fwy S",Partly Cloudy,44.4
2017-04-09 08:00:00,63.08,Normal traffic flow,0,0,,Clear,58.4
2017-04-09 09:00:00,62.78,Accident on I-280 Southbound at Exit 29 Edgewood Rd.,3,1,I-280 S,Partly Cloudy,51.8
2017-04-09 10:00:00,62.45,Normal traffic flow,0,0,,Clear,58.4
2017-04-09 11:00:00,61.38,Normal traffic flow,0,0,,Clear,58.4
2017-04-09 12:00:00,61.04,Right hand shoulder blocked due to accident on I-80 Westbound at Exit 18 San Pablo Dam Rd. | Accident on I-80 Westbound at Exit 18 San Pablo Dam Rd.,3,3,"I-80 W, I-80 E, Marsh Rd",Scattered Clouds,59.4
2017-04-09 13:00:00,62.48,At I-80/I-580 Southern Split - Accident. | At CA-92/Fashion Island Blvd/Exit 414B - Accident.,3,2,"I-80 W, US-101 N",Partly Cloudy,58.6
2017-04-09 14:00:00,61.92,Accident on CA-35 Skyline Blvd at Old la Honda Rd.,2,1,Skyline Blvd,Partly Cloudy,57.2
2017-04-09 15:00:00,62.17,One lane blocked due to accident on US-101 Southbound at Exit 417 Poplar Ave. | Right hand shoulder blocked due to accident on I-80 I-580 Westbound at Exits 12 13A I-580.,3,5,"Bayshore Fwy S, I-580 W, I-880 S",Partly Cloudy,61.9
2017-04-09 16:00:00,62.07,Accident on I-80 I-580 Westbound at Exit 10 I-580. | 1 left lane blocked due to accident on I-80 I-580 Westbound at I-580.,3,3,"Ashby Ave, I-580 E, Skyline Blvd",Partly Cloudy,59.3
2017-04-09 17:00:00,62.43,Right hand shoulder blocked due to accident on Castro Valley Blvd at Lake Chabot Rd. | Two lanes blocked due to accident on US-101 Southbound at Exit 383 Tully Rd.,2,2,"Lake Chabot Rd, Bayshore Fwy S",Clear,61.7
2017-04-09 18:00:00,62.68,Right hand shoulder blocked due to accident on US-101 Northbound at Exit 415 Kehoe Ave. | Accident on CA-84 La Honda Rd at La Honda Rd.,3,3,"US-101 N, La Honda Rd, I-580 W",Clear,56.5
2017-04-09 19:00:00,62.68,Normal traffic flow,0,0,,Clear,58.4
2017-04-09 20:00:00,60.5,Accident on Almonte Blvd at CA-1 Shoreline Hwy. | One lane blocked due to accident on I-880 Southbound at Exit 38 CA-77 42nd Ave.,3,3,"Shoreline Hwy, Nimitz Fwy S, University Ave",Clear,52.3
2017-04-09 21:00:00,62.4,One lane blocked due to accident on I-580 Westbound at Exit 7A Western Dr. | Right hand shoulder blocked due to accident on CA-130 Alum Rock Ave at McCreery Ave.,3,3,"Richmond-San Rafael Brg, Alum Rock Ave, I-280 S",Clear,50.7
2017-04-09 22:00:00,62.84,Normal traffic flow,0,0,,Clear,58.4
2017-04-09 23:00:00,61.81,Normal traffic flow,0,0,,Clear,58.4
2017-04-10 00:00:00,61.32,Normal traffic flow,0,0,,Clear,58.4
2017-04-10 01:00:00,60.9,Accident on I-280 Northbound at Exit 7 Saratoga Ave.,3,1,Saratoga Ave,Clear,48.0
2017-04-10 02:00:00,60.92,Lane blocked due to accident on I-680 Southbound at Exit 43 Livorna Rd. | Lane blocked due to accident on Redwood Rd both ways at Terrabella Way.,3,2,"Livorna Rd, Redwood Rd",Clear,46.4
2017-04-10 03:00:00,61.16,Lane blocked due to accident on County Hwy-G4 Montague Expy both ways at Mission College Blvd. | Right hand shoulder blocked due to accident on US-101 Northbound at Exits 385A 385B I-680.,2,2,"Montague Expy, I-680 N",Clear,43.5
2017-04-10 04:00:00,62.71,Normal traffic flow,0,0,,Clear,58.4
2017-04-10 05:00:00,64.85,Normal traffic flow,0,0,,Clear,58.4
2017-04-10 06:00:00,50.65,At Monument Blvd - Accident. | At Tennyson Rd - Accident.,2,2,"I-680 S, I-880 N",Clear,45.0
2017-04-10 07:00:00,28.7,#1 lane blocked due to accident a deer involved on US-101 Southbound before Exit 450B Sir Francis Drake Blvd. | Accident on US-101 Southbound before Veterans Pkway.,3,3,"US-101 N, CA-1, I-580 E",Clear,46.7
2017-04-10 08:00:00,26.42,Right hand shoulder blocked due to accident on CA-92 Jackson St Westbound before Exit 25B Hesperian Blvd. | Right hand shoulder blocked due to accident on CA-35 Half Moon Bay Rd near CA-92 San Mateo Rd.,2,2,"W Jackson St, Half Moon Bay Rd",Partly Cloudy,49.9
2017-04-10 09:00:00,52.99,#2 lane blocked due to accident on I-680 Southbound at Monument Blvd. | Right hand shoulder blocked due to accident on US-101 Northbound near Exit 425A Grand Ave.,3,5,"I-680 S, Bayshore Fwy S, W Tennyson Rd",Mostly Cloudy,53.8
2017-04-10 10:00:00,56.38,Right hand shoulder blocked due to accident on CA-92 Westbound near US-101 Exit 414B. | Accident on County Hwy-G4 Montague Expy at Agnew Rd.,3,6,"Bayshore Fwy S, Montague Expy, CA-17 N",Overcast,58.9
2017-04-10 11:00:00,63.65,Slow traffic due to accident on Bellevue Ave at San Mateo Dr. | Shoulder blocked on entry ramp due to accident on CA-85 Northbound at Saratoga Ave.,3,6,"N San Mateo Dr, Norman Y Mineta Hwy, I-280 S",Overcast,60.4
2017-04-10 12:00:00,63.31,Restrictions on exit ramp due to accident on I-580 Westbound at I-580 Exit 21B / Grand Ave. | Lane blocked on entry ramp due to accident on US-101 Southbound at Whipple Ave.,3,12,"Grand Ave, Bayshore Fwy S, Skyline Blvd",Mostly Cloudy,62.0
2017-04-10 13:00:00,63.51,Slow lane blocked due to accident on CA-85 Northbound at Exit 14 Saratoga Ave. | At San Mateo Bridge - Accident.,2,2,"Norman Y Mineta Hwy, J Arthur Younger Fwy W",Mostly Cloudy,65.9
2017-04-10 14:00:00,63.08,Slow lane blocked due to accident on I-80 Westbound at Exits 8A 8B I-880. | Accident on Redwood Rd Eastbound at Castro Valley Blvd.,3,3,"I-80 W, Redwood Rd, Cutting Blvd",Clear,65.6
2017-04-10 15:00:00,62.29,One lane blocked due to accident on I-80 I-580 Westbound at Exit 9 I-580. | Lane blocked due to accident on CA-92 Westbound in Redwood City.,3,7,"I-580 W, J Arthur Younger Fwy W, James Lick Fwy N",Scattered Clouds,65.4
2017-04-10 16:00:00,62.66,Normal traffic flow,0,0,,Clear,58.4
2017-04-10 17:00:00,61.28,#1 and #2 lane blocked due to accident on I-80 Westbound before Exit 15 Cutting Blvd. | At Brokaw Rd - Accident.,3,6,"I-80 W, I-880 S,  Junipero Serra Blvd",Scattered Clouds,64.6
2017-04-10 18:00:00,61.59,#1 lane blocked due to accident on US-101 Northbound in San Rafael.,2,1,US-101 S,Partly Cloudy,60.8
2017-04-10 19:00:00,63.76,Entry ramp closed due to obstruction on the road on I-238 Southbound at Exit 14 I-580. | #2 lane blocked due to accident on US-101 Southbound at Exits 386A 386B McKee Rd.,3,3,"I-238 N, Bayshore Fwy S, I-80 W",Mostly Cloudy,59.2
2017-04-10 20:00:00,62.88,#1 lane blocked due to accident on CA-237 Westbound at Exit 8 Zanker Rd. | At Jacklin Rd - Accident.,2,2,"CA-237 W, Jacklin Rd",Mostly Cloudy,59.0
2017-04-10 21:00:00,62.78,#2 and middle lane blocked due to accident on CA-87 Guadalupe Pkwy Southbound before Exit 7 Taylor St. | Right hand shoulder blocked due to accident on I-880 Southbound at Exit 19 Thornton Ave.,3,2,"Guadalupe Pkwy S, Nimitz Fwy S",Mostly Cloudy,57.2
2017-04-10 22:00:00,62.11,Accident on Crestview Dr at Edgewood Rd. | Right hand shoulder blocked due to accident on US-101 Northbound at Exit 411 Holly St.,2,2,"Edgewood Rd, US-101 N",Clear,55.4
2017-04-10 23:00:00,61.49,Accident now on the shoulder on CA-87 Northbound at Exits 3 3A Curtner Ave.,2,1,Guadalupe Fwy N,Mostly Cloudy,55.0
2017-04-11 00:00:00,61.18,Accident on Center St both ways around Omega Ave. | Accident on I-280 Northbound at Exits 12A 12B CA-85.,3,3,"Center St, Norman Y Mineta Hwy, Junipero Serra Fwy N",Mostly Cloudy,55.8
2017-04-11 01:00:00,60.91,Normal traffic flow,0,0,,Clear,58.4
2017-04-11 02:00:00,61.01,Accident on US-101 Southbound at Exits 420 421 Millbrae Ave. | Accident on US-101 Southbound at Exits 419A 419B Rollins Rd.,2,3,"Millbrae Ave, Bayshore Fwy S",Mostly Cloudy,54.0
2017-04-11 03:00:00,61.23,Right hand shoulder blocked due to accident on I-880 Southbound at Exit 24 Whipple Rd.,3,1,I-880 N,Partly Cloudy,55.9
2017-04-11 04:00:00,62.71,Normal traffic flow,0,0,,Clear,58.4
2017-04-11 05:00:00,66.37,At I-980/CA-24 - Accident. Left lane blocked. | At Stevenson Blvd - Accident. Left lane blocked.,2,2,"I-580 E, Nimitz Fwy S",Mostly Cloudy,55.6
2017-04-11 06:00:00,45.57,At CA-242/Gregory Ln - Accident. Left lane blocked.,2,1,CA-242 S,Overcast,55.0
2017-04-11 07:00:00,27.85,Accident on Warburton Ave near Natalie Ave. | Right hand shoulder blocked due to accident on I-980 Westbound before I-880.,3,4,"Warburton Ave, I-980 W, Grove Shafter Fwy E",Overcast,56.4
2017-04-11 08:00:00,30.82,Hov lane blocked due to accident on I-880 Southbound between Exit 16 Stevenson Blvd and Exit 15 Auto Mall Pkwy. | Accident on Forest Ave at Toddika Ln.,3,4,"I-880 N, Toddika Ln, I-680 S",Overcast,57.3
2017-04-11 09:00:00,52.06,Accident on CA-242 Southbound before I-680. | Accident on County Hwy-G4 San Tomas Expy at Cabrillo Ave.,2,4,"CA-242 S, Cabrillo Ave, Norman Y Mineta Hwy",Overcast,59.0
2017-04-11 10:00:00,62.79,Accident on US-101 Northbound after Exits 391A 391B Trimble Rd. | Accident on CA-92 Westbound from San Mateo Bridge to US-101 .,3,5,"US-101 N, J Arthur Younger Fwy W, I-280 S",Overcast,60.5
2017-04-11 11:00:00,63.4,Right hand shoulder blocked due to accident on I-580 Westbound before Gilman St. | Accident on I-280 Northbound at Exit 53 Alemany Blvd.,3,4,"Eastshore Fwy W, John F Foran Fwy, E 3rd Ave",Mostly Cloudy,64.7
2017-04-11 12:00:00,64.81,Accident on Bay Shore Blvd Northbound at US-101. | Accident on US-101 Southbound after CA-92.,3,11,"Bay Shore Blvd, Bayshore Fwy S, I-680 S",Overcast,65.5
2017-04-11 13:00:00,63.22,Right hand shoulder blocked due to accident on I-680 Southbound before Exit 31 Alcosta Blvd. | Accident on Sequoia Valley Rd at Amaranth Blvd.,3,4,"I-680 S, Amaranth Blvd, Pleasanton Sunol Rd",Overcast,66.4
2017-04-11 14:00:00,63.06,Right hand shoulder blocked due to accident on US-101 Southbound before Lucky Drive. | Right lane blocked due to accident on I-880 Northbound before High St.,3,9,"US-101 S, I-880 N, US-101 N",Overcast,65.0
2017-04-11 15:00:00,62.14,Lane blocked due to accident on I-880 Southbound at Exit 27 CA-92 Jackson St. | Accident on Iris Ln at Miramontes Point Rd.,3,5,"Nimitz Fwy S, Miramontes Point Rd, CA-242 S",Overcast,63.8
2017-04-11 16:00:00,62.41,Right hand shoulder blocked due to accident on I-680 Southbound at Exits 1D 2A Capitol Expy. | Accident on Capitol Ave at Farallones St.,3,10,"I-680 S, Farallones St, US-101 N",Mostly Cloudy,65.2
2017-04-11 17:00:00,63.18,#1 lane blocked due to accident on I-80 Westbound before US-101. | #1 lane blocked due to accident on US-101 Southbound at Exit 432 Potrero Ave.,3,8,"San Francisco-Oakland Bay Bridge, James Lick Fwy S, I-80 E",Overcast,63.9
2017-04-11 18:00:00,63.28,#1 lane blocked due to accident on I-680 Northbound at Exits 49 49A 49B 50 CA-242. | Left lane blocked due to accident on I-280 Southbound at Exit 39 Skyline Blvd.,3,6,"CA-242 S, I-280 S, Norman Y Mineta Hwy",Light Rain,62.5
2017-04-11 19:00:00,63.6,Slow lane blocked due to accident on US-101 Southbound at Exits 429B 429C 3rd St. | Lane blocked due to accident on US-101 Southbound at Exits 419A 419B Rollins Rd.,2,2,"James Lick Fwy S, Bayshore Fwy S",Mostly Cloudy,59.6
2017-04-11 20:00:00,62.61,Lane blocked due to accident on US-101 Southbound at Exits 400B 400C San Antonio Rd. | Accident on I-580 Eastbound at Exit 44A San Ramon Rd.,3,13,"US-101 N, I-580 E, San Francisco-Oakland Bay Brg E",Overcast,60.7
2017-04-11 21:00:00,62.58,Right hand shoulder blocked due to accident on County Hwy-G4 San Tomas Expy Southbound at Forbes Ave. | Accident on US-101 Southbound at I-880 .,2,4,"San Tomas Expy, Bayshore Fwy S, Glen Way",Mostly Cloudy,60.4
2017-04-11 22:00:00,62.49,Normal traffic flow,0,0,,Clear,58.4
2017-04-11 23:00:00,61.58,Normal traffic flow,0,0,,Clear,58.4
2017-04-12 00:00:00,61.61,Accident on Mattox Rd both ways around Birch St. | Right hand shoulder blocked due to accident on US-101 Northbound at Exits 400B 400C San Antonio Rd.,2,2,"Mattox Rd, US-101 N",Mostly Cloudy,59.6
2017-04-12 01:00:00,60.99,#1 and #2 lane blocked due to accident on I-80 I-580 Eastbound at Powell St.,3,1,I-580 W,Light Rain,59.0
2017-04-12 02:00:00,60.99,Lane blocked due to accident on CA-82 El Camino Real both ways at I-380. | Lane blocked due to accident and vehicles spun around on I-280 Northbound at Exit 53 Alemany Blvd.,3,7,"I-380 W, Alemany Blvd, Bayshore Fwy S",Overcast,57.4
2017-04-12 03:00:00,61.17,Right hand shoulder blocked due to accident on CA-24 Eastbound at Exit 14 Pleasant Hill Rd. | One lane blocked due to accident on I-280 Southbound at Exit 55 Pennsylvania Ave.,3,3,"Pleasant Hill Rd, Cesar Chavez, I-880 S",Overcast,57.9
2017-04-12 04:00:00,62.54,Right lane blocked and right hand shoulder blocked due to accident on I-80 I-580 Eastbound at Exit 10 I-580.,3,1,I-580 W,Overcast,57.9
2017-04-12 05:00:00,63.25,#3 lane blocked due to accident on I-80 I-580 Eastbound at I-580 . | Slow lane blocked due to accident on I-880 Southbound after Broadway.,3,5,"I-80 E, Nimitz Fwy S, Grove Shafter Fwy W",Overcast,57.9
2017-04-12 06:00:00,48.12,#1 lane blocked and left hand shoulder blocked due to accident on I-580 Westbound before Hacienda Dr. | At Bascom Ave - Accident.,3,2,"Hacienda Dr, I-880 N",Light Rain,56.3
2017-04-12 07:00:00,28.34,Right hand shoulder blocked due to accident on I-80 Westbound after Toll Plaza. | Right hand shoulder blocked due to accident on I-680 Southbound before Monument Blvd.,3,8,"I-80 W, I-680 S, Bayshore Fwy S",Light Rain,56.6
2017-04-12 08:00:00,31.26,Lane blocked on exit ramp due to accident on US-101 Southbound at Exit 409 Whipple Ave. | At Montague Expy/San Tomas Expy - Accident. Right lane blocked.,2,6,"Bayshore Fwy S, US-101 N, Junipero Serra Fwy N",Overcast,56.6
2017-04-12 09:00:00,24.44,Accident on Airport Access Rd near US-101. | Accident on Taylor Blvd at Withers Ave.,2,9,"US-101 N, Taylor Blvd, Bayshore Fwy N",Overcast,57.5
2017-04-12 10:00:00,37.34,#1 lane blocked due to accident on I-80 Westbound before Exit 22 Pinole Valley Rd. | #2 lane blocked due to accident on I-880 Northbound after A St.,3,9,"Pinole Valley Rd, I-880 N, Washington Ave",Overcast,59.5
2017-04-12 11:00:00,63.48,Accident on I-80 Eastbound before Exit 4A Treasure Is. | Accident on US-101 Southbound before Cesar Chavez St.,3,11,"San Francisco-Oakland Bay Brg E, James Lick Fwy S, Ganic St",Overcast,59.9
2017-04-12 12:00:00,63.52,2 right lane blocked due to accident on I-880 Northbound before High St. | #3 and #4 lane blocked due to accident on I-580 Eastbound before Benedict Dr.,3,15,"I-880 N, I-580 W, Bayshore Fwy S",Mostly Cloudy,62.2
2017-04-12 13:00:00,64.03,Accident on I-880 Southbound before Exit 40 Embarcadero. | At I-380/Access Rd - Accident.,3,2,"Nimitz Fwy S, US-101 N",Mostly Cloudy,64.0
2017-04-12 14:00:00,63.42,Right hand shoulder blocked due to accident on CA-92 Half Moon Bay Rd Eastbound at CA-35 Skyline Blvd. | Accident on Portola Ct near Conejo Ln.,3,8,"Skyline Blvd, Portola Ct, I-280 S",Scattered Clouds,63.0
2017-04-12 15:00:00,60.93,At CA-109/University Ave/Exit 403 - Accident.,2,1,US-101 N,Scattered Clouds,68.0
2017-04-12 16:00:00,62.32,Middle lane blocked due to accident on I-80 Westbound at Exit 22 Pinole Valley Rd. | Accident on I-880 Southbound at Exits 30 31A I-238.,3,9,"I-80 W, I-238 S, US-101 N",Scattered Clouds,65.8
2017-04-12 17:00:00,63.09,Lane blocked due to accident on I-580 Westbound at Exit 21A Harrison St. | Lane blocked due to accident on I-80 Westbound at Exit 20 Blume Dr.,3,7,"I-580 W, I-80 W, Highway 9",Mostly Cloudy,65.1
2017-04-12 18:00:00,63.15,Right hand shoulder blocked due to accident on I-80 Eastbound at Exit 20 Blume Dr. | Accident on I-880 Northbound at Exit 4A 1st St.,3,7,"I-80 E, I-880 N, Livingston St",Mostly Cloudy,64.0
2017-04-12 19:00:00,64.02,Lane blocked due to accident on US-101 Southbound at Exits 423A 423B 423C I-380. | #1 &amp; #2 lane blocked due to accident on I-880 Eastbound at Exits 8A 8B 8C CA-237.,3,6,"Bayshore Fwy S, CA-237, I-880 S",Mostly Cloudy,61.1
2017-04-12 20:00:00,65.53,Lane blocked due to accident on CA-185 14th St Southbound at Fairmont Dr. | Lane blocked due to accident on CA-185 14th St Eastbound at 164th Ave.,3,7,"E 14th St, 164th Ave, Norman Y Mineta Hwy",Scattered Clouds,60.1
2017-04-12 21:00:00,63.38,Accident on CA-85 Northbound at Shoreline Blvd. | #1 lane blocked due to accident on US-101 Northbound at Exit 392 County Hwy-G4 San Tomas Expy.,2,2,US-101 N,Light Rain,60.1
2017-04-12 22:00:00,61.78,Normal traffic flow,0,0,,Clear,58.4
2017-04-12 23:00:00,63.88,Right hand shoulder blocked due to accident on I-280 Northbound at I-280 Exit 15 / Magdalena Ave. | At CA-82/El Camino Real - Accident. Roadway reduced to 1 lane.,3,2,"Junipero Serra Fwy N, CA-92 W",Light Rain,56.1
2017-04-13 00:00:00,66.97,Right hand shoulder blocked due to accident on I-580 Eastbound at CA-24 Exits 2 2B. Expect delays. | Right hand shoulder blocked due to accident on I-880 Northbound at Exit 23 Alvarado Niles Rd. Expect delays.,3,2,"I-580 E, Alvarado Niles Rd",Light Rain,57.4
2017-04-13 01:00:00,63.75,#1 lane blocked due to accident on CA-92 Westbound at Exits 12A 12B CA-82 El Camino Real.,2,1,S El Camino Real,Overcast,57.2
2017-04-13 02:00:00,60.76,Accident on CA-24 Eastbound at 52nd St. | Accident on 51st St at Shattuck Ave.,2,3,"Grove Shafter Fwy E, 51st St, Bayshore Fwy S",Partly Cloudy,55.1
2017-04-13 03:00:00,60.83,Shoulder blocked on exit ramp due to accident on I-880 Northbound at Exit 7 County Hwy-G4 Montague Expy.,3,1,I-880 N,Overcast,55.0
2017-04-13 04:00:00,62.07,Accident on Ogden Ave at Banks St. | Accident on Castlewood Dr at Pleasanton Sunol Rd.,2,2,"Banks St, Pleasanton Sunol Rd",Clear,51.0
2017-04-13 05:00:00,61.27,#1 &amp; #2 lane blocked due to accident on US-101 Northbound before I-80. | #4 &amp; #5 lane blocked due to accident and vehicles spun around on I-80 I-580 Eastbound before Powell St.,3,2,"Central Fwy, I-580 W",Mostly Cloudy,55.0
2017-04-13 06:00:00,45.62,Right hand shoulder blocked due to accident on I-880 Northbound before Dixon Landing Rd. | Three lanes blocked slow traffic and right hand shoulder blocked due to accident on I-80 Westbound before Fremont St.,3,5,"Nimitz Fwy N, James Lick Fwy N, W Jackson St",Mostly Cloudy,53.8
2017-04-13 07:00:00,25.52,Right lane blocked due to accident on I-80 Westbound after Exit 4A Treasure Is. | #1 lane blocked due to accident on CA-87 Guadalupe Pkwy Southbound before Airport pkwy.,3,9,"San Francisco-Oakland Bay Brg E, Guadalupe Pkwy S, CA-24 E",Mostly Cloudy,53.9
2017-04-13 08:00:00,25.63,Right hand shoulder blocked due to accident on I-580 Eastbound before San Ramon Rd. | At CA-84/Thornton Ave - Accident.,3,7,"I-580 E, I-880 N, Nimitz Fwy S",Mostly Cloudy,55.7
2017-04-13 09:00:00,35.99,Lane blocked on entry ramp due to accident on US-101 Northbound at I-380. | Shoulder blocked on exit ramp due to accident on I-80 Eastbound at Exit 14A Central Ave.,3,10,"Bayshore Fwy S, Central Ave, Trimble Rd",Mostly Cloudy,57.2
2017-04-13 10:00:00,60.36,Slow lane blocked due to accident on CA-24 Eastbound before Saint Stephens Dr. | Accident on Cambridge Ave Eastbound near Hampton Rd.,3,10,"CA-24 E, Hampton Rd, Andrade Rd",Mostly Cloudy,57.6
2017-04-13 11:00:00,62.99,Accident on I-880 Northbound at 66th Ave. | Accident on US-101 Northbound before Exit 388A Oakland Rd.,3,12,"Nimitz Fwy S, US-101 N, Bayshore Fwy S",Mostly Cloudy,57.9
2017-04-13 12:00:00,63.56,Middle lane blocked due to accident on I-80 I-580 Eastbound before Powell St. | Right hand shoulder blocked due to accident on I-880 Southbound before Exit 29 A St.,3,3,"I-80 W, I-880 N, Eastshore Fwy W",Mostly Cloudy,59.3
2017-04-13 13:00:00,65.73,Accident on CA-87 Guadalupe Pkwy Northbound before US-101. On the median. | Right hand shoulder blocked due to accident on US-101 Southbound after Cesar Chavez.,2,4,"Bayshore Fwy S, Bay Shore Blvd, Norman Y Mineta Hwy",Mostly Cloudy,59.6
2017-04-13 14:00:00,61.92,Left lane blocked due to accident on CA-85 Northbound at Exits 22A 22B CA-82 El Camino Real. | At Tennyson Rd - Accident.,3,3,"Norman Y Mineta Hwy, Nimitz Fwy S, CA-92 E",Mostly Cloudy,58.4
2017-04-13 15:00:00,61.45,Lane blocked due to accident on I-580 Westbound at Exit 11 I-80 I-580. | At Richmond-San Rafael Brg - Accident.,3,5,"Eastshore Fwy W, Richmond-San Rafael Brg, I-680 N",Mostly Cloudy,59.5
2017-04-13 16:00:00,61.62,Lane blocked due to accident on CA-24 Eastbound at Exit 6 Caldecott Ln. | At El Portal Dr - Accident.,2,3,"Grove Shafter Fwy E, I-80 W, Guadalupe Pkwy S",Mostly Cloudy,59.3
2017-04-13 17:00:00,61.97,Lane blocked due to accident on I-580 Eastbound after Exit 25A High St. | Accident on I-580 Eastbound before Mountain Blvd.,3,4,"I-580 E, I-580 W, I-80 W",Mostly Cloudy,58.4
2017-04-13 18:00:00,63.3,Lane blocked due to accident on I-680 Northbound at Exit 10 Scott Creek Rd. | Lane blocked due to accident on CA-92 Eastbound at Exit 11 Alameda de Las Pulgas.,3,6,"I-680 N, J Arthur Younger Fwy E, Nimitz Fwy S",Scattered Clouds,56.7
2017-04-13 19:00:00,63.38,Lane blocked due to accident on I-80 Westbound at Exit 20 Blume Dr. | Lane blocked due to accident on CA-87 Guadalupe Pkwy Southbound at Exit 6A Santa Clara St.,3,3,"I-80 W, Guadalupe Pkwy N, Eastshore Fwy W",Scattered Clouds,54.7
2017-04-13 20:00:00,62.48,Two lanes blocked due to accident on I-80 Westbound at El Portal Dr. | Lane blocked due to accident on I-80 Westbound at Exits 8A 8B I-880.,3,4,"I-80 W, I-580 W, I-880 N",Partly Cloudy,54.0
2017-04-13 21:00:00,62.45,Accident on I-680 Northbound before Exit 53 CA-4. | Accident on I-580 Westbound before Exit 39 Eden Canyon Rd.,3,3,"I-680 N, I-580 W, I-580 E",Clear,51.7
2017-04-13 22:00:00,62.62,Lane blocked due to accident on I-580 Westbound at Exit 12 I-80 I-580. | Lane blocked due to accident on CA-87 Guadalupe Pkwy Southbound at Exit 6A Santa Clara St.,3,3,"Eastshore Fwy W, Guadalupe Pkwy S, I-238 N",Partly Cloudy,52.7
2017-04-13 23:00:00,62.1,Normal traffic flow,0,0,,Clear,58.4
2017-04-14 00:00:00,61.21,Accident on I-880 Northbound at I-80. | Accident on 7th St both ways around F St.,3,3,"I-880 N, F St, I-680 N",Clear,50.3
2017-04-14 01:00:00,60.99,Normal traffic flow,0,0,,Clear,58.4
2017-04-14 02:00:00,61.02,Slow lane blocked due to accident on US-101 Southbound at I-80 . | Right hand shoulder blocked due to accident on I-80 Westbound at Exit 4A Treasure Is.,3,4,"Central Fwy, San Francisco-Oakland Bay Brg E, Montague Expy",Clear,49.2
2017-04-14 03:00:00,61.18,Accident on Upton St both ways at James Ave. | Accident on CA-13 Warren Fwy Southbound at Park Blvd.,2,3,"James Ave, Warren Fwy S, Skyview Dr",Clear,47.7
2017-04-14 04:00:00,62.35,Accident on Dale Dr both ways at CA-130 Alum Rock Ave. | Right lane blocked due to accident on I-280 Southbound at I-280 .,3,2,"Alum Rock Ave, I-280 S",Clear,45.4
2017-04-14 05:00:00,64.23,Normal traffic flow,0,0,,Clear,58.4
2017-04-14 06:00:00,59.45,Accident on Via Segundo both ways at Via Coches. | Accident on I-280 Southbound at I-880.,3,4,"Via Segundo, I-880 N, S White Rd",Clear,44.2
2017-04-14 07:00:00,45.88,Right hand shoulder blocked due to accident on I-880 Southbound before 23rd Ave. | Lane blocked on exit ramp due to accident on I-280 Northbound at Stevens Creek Blvd.,3,3,"23rd Ave, I-880 S",Partly Cloudy,47.6
2017-04-14 08:00:00,48.63,Accident on Hesperian Blvd Westbound at Lewelling Blvd. | At Edwards Ave - Accident.,2,4,"Hesperian Blvd, Edwards Ave, Homestead Rd",Clear,49.4
2017-04-14 09:00:00,61.27,Accident on I-680 Southbound before Olympic Blvd.,3,1,I-680 S,Clear,55.0
2017-04-14 10:00:00,60.82,#1 lane blocked due to accident on US-101 Northbound before San Pedro Rd. | Accident on I-880 Southbound before Brokaw Rd.,3,7,"US-101 N, I-880 S, I-580 W",Clear,55.5
2017-04-14 11:00:00,62.12,Lane blocked on exit ramp due to accident on US-101 Northbound at Broadway. | Accident on CA-85 Southbound before Exit 20 Fremont Ave.,3,7,"US-101 N, Norman Y Mineta Hwy, Junipero Serra Fwy N",Clear,56.5
2017-04-14 12:00:00,62.65,#1 lane blocked due to accident on I-880 Southbound after Exit 16 Stevenson Blvd. | Accident on County Hwy-G4 San Tomas Expy at US-101.,3,3,"Stevenson Blvd, Bayshore Fwy S, I-880 N",Partly Cloudy,60.3
2017-04-14 13:00:00,62.71,Ramp to I-580/27th St - Accident.,2,1,CA-24 W,Partly Cloudy,64.0
2017-04-14 14:00:00,62.4,Right hand shoulder blocked due to accident on I-280 Northbound before CA-92. | Right hand shoulder blocked due to accident on County Hwy-G2 Lawrence Expy at Lochinvar Ave.,3,5,"Junipero Serra Fwy N, Lochinvar Ave, Stanley Ave",Scattered Clouds,62.2
2017-04-14 15:00:00,60.86,Accident on CA-237 Eastbound at Exit 8 Zanker Rd. | Right hand shoulder blocked due to accident on CA-17 at Exits 21 22 Lark Ave.,2,4,"Southbay Fwy, CA-17 N, I-680 N",Clear,63.8
2017-04-14 16:00:00,62.26,Slow traffic and right hand shoulder blocked due to accident on CA-17 Northbound at Exits 21 22 Lark Ave. | Accident on US-101 at Exit 429A Alanna Way.,2,3,"CA-17 S, US-101 N, Apgar St",Scattered Clouds,62.0
2017-04-14 17:00:00,61.84,Accident on US-101 Southbound at Exits 433 433B 433C San Francisco-Oakland Bay Bridge. | Accident on Withers Ave at Shadow Hill Rd.,3,9,"Central Fwy, Withers Ave, I-680 S",Clear,62.1
2017-04-14 18:00:00,62.99,Accident on Castro Valley Blvd at Santa Maria Ave. | #1 lane blocked due to accident on I-680 Northbound at Exits 45B 46A 46B CA-24.,3,13,"Santa Maria Ave, I-680 N, Appian Way",Clear,59.9
2017-04-14 19:00:00,62.88,Right hand shoulder blocked due to accident on US-101 Northbound at Exits 433 433B 433C San Francisco-Oakland Bay Bridge. | Accident on US-101 Northbound near Exits 433 433B 433C San Francisco-Oakland Bay Bridge.,3,10,"San Bruno Ave, I-880 S, I-580 W",Clear,56.6
2017-04-14 20:00:00,61.99,Accident on Duane Ave near Alfred St. | Accident on CA-24 Eastbound at Exits 5 5A 5B CA-13 Warren Fwy.,3,14,"Duane Ave, Grove Shafter Fwy E, Norman Y Mineta Hwy",Clear,55.1
2017-04-14 21:00:00,62.86,Accident on I-280 Northbound at Exit 51 Ocean Ave. | Accident on I-580 Westbound at Exits 34 35 I-238.,3,3,"Geneva Ave, I-238 N, John Daly Blvd",Clear,53.0
2017-04-14 22:00:00,63.08,Accident on I-680 Northbound at Exit 45A Main St. | Center lane blocked and queueing traffic due to accident on I-580 Westbound at Exit 50 CA-84 Airway Blvd.,3,3,"S Main St, Airway Blvd, Isabel Ave",Clear,51.0
2017-04-14 23:00:00,62.49,Queueing traffic due to accident on San Pablo Ave both ways around Kay Rd. | Accident on Embarcadero at 5th Ave.,2,2,"Kay Rd, Embarcadero E",Clear,51.6
2017-04-15 00:00:00,62.11,Queueing traffic and right hand shoulder blocked due to accident on I-80 Eastbound at Exits 2 2A Harrison St. | Accident on CA-13 Warren Fwy Northbound at Exit 4 Moraga Ave.,3,2,"James Lick Fwy N, Warren Fwy N",Partly Cloudy,51.1
2017-04-15 01:00:00,61.17,Accident on I-680 Southbound at Scott Creek Rd.,2,1,I-680 S,Clear,51.1
2017-04-15 02:00:00,61.04,Normal traffic flow,0,0,,Clear,58.4
2017-04-15 03:00:00,61.02,#1 lane blocked and right hand shoulder blocked due to accident on I-580 Eastbound at CA-24 . | Accident on I-880 Northbound at Stevenson Blvd.,3,2,"I-580 E, I-880 N",Clear,56.6
2017-04-15 04:00:00,61.32,Right hand shoulder blocked due to accident on US-101 Southbound at Whipple Ave. | Left lane blocked and right hand shoulder blocked due to accident on CA-237 Westbound at CA-237 Exit 3B / Mathilda Ave.,2,2,"Bayshore Fwy S, N Mathilda Ave",Clear,46.6
2017-04-15 05:00:00,62.71,Accident on I-80 Westbound at Exit 15 Potrero Ave. | Accident on I-80 I-580 Eastbound at Exit 9 I-580.,3,2,I-80 W,Clear,45.5
2017-04-15 06:00:00,62.28,Right hand shoulder blocked due to accident on I-880 Northbound at I-880 / 7th St.,3,1,I-880 N,Scattered Clouds,46.0
2017-04-15 07:00:00,63.73,Accident on I-580 Eastbound at Exits 44B 45 I-680.,3,1,I-580 E,Clear,44.1
2017-04-15 08:00:00,62.38,Normal traffic flow,0,0,,Clear,58.4
2017-04-15 09:00:00,61.75,Accident on CA-24 Eastbound at Exit 14 Pleasant Hill Rd. | Accident on Westborough Blvd at I-280.,2,2,"CA-24 E, I-280 S",Clear,55.5
2017-04-15 10:00:00,61.72,#2 lane blocked due to accident on I-280 Southbound at Exit 52 Bosworth St. | Two lanes blocked due to accident on I-680 Northbound at Monument Blvd.,3,3,"John F Foran Fwy, Monument Blvd, CA-85 S",Clear,56.7
2017-04-15 11:00:00,61.66,#3 lane blocked due to multi-vehicle accident on I-280 Northbound at Exit 40 Skyline Blvd. | #1 lane blocked due to accident and deer on road on I-280 Northbound at Exit 39 Skyline Blvd.,3,2,"Hillcrest Blvd, Junipero Serra Fwy N",Clear,59.4
2017-04-15 12:00:00,61.76,Accident on Camino Tassajara at Highland Rd.,2,1,Camino Tassajara,Clear,63.0
2017-04-15 13:00:00,61.73,Accident on I-880 Northbound before Exits 30 31A I-238. | Right hand shoulder blocked due to accident on I-880 Northbound at Exits 30 31A I-238.,3,4,"Nimitz Fwy S, I-880 N, I-80 W",Clear,65.4
2017-04-15 14:00:00,61.98,Accident and animals on road on I-280 Southbound at Exit 29 Edgewood Rd. | Right hand shoulder blocked due to accident on I-880 Southbound at Exit 28 Winton Ave.,3,3,"I-280 S, Nimitz Fwy S, I-880 N",Clear,65.5
2017-04-15 15:00:00,61.84,Accident on US-101 Northbound at Exit 442 Sausalito Lateral. | Multi-vehicle accident on I-280 Northbound at Exits 54 54A 54B US-101.,3,4,"Golden Gate Brg N, John F Foran Fwy, I-880 N",Mostly Cloudy,65.4
2017-04-15 16:00:00,61.44,Accident on I-880 Northbound at Exit 28 Winton Ave. | Accident on US-101 Southbound at Exits 388B 388C I-880.,3,5,"I-880 N, Mountain Meadow Rd, Middlefield Rd",Mostly Cloudy,67.8
2017-04-15 17:00:00,61.7,Accident on I-280 Northbound between Exits 54 54A 54B US-101 and Exit 55 Pennsylvania Ave. | Accident on Vermont St at US-101.,3,9,"Cesar Chavez, Vermont St, I-880 N",Clear,64.8
2017-04-15 18:00:00,61.78,#3 lane blocked due to accident on CA-92 Jackson St Eastbound at Santa Clara St.,2,1,W Jackson St,Mostly Cloudy,64.0
2017-04-15 19:00:00,61.42,Accident on CA-1 Cabrillo Hwy at Bean Hollow Rd. | Accident on US-101 Northbound at Exits 430A 430B 431 I-280.,2,5,"Cabrillo Hwy, James Lick Fwy N, CA-17 N",Mostly Cloudy,59.5
2017-04-15 20:00:00,61.28,Slow lane blocked due to accident on I-880 Southbound at Exit 19 Thornton Ave. Traffic getting by on the shoulder. | Right hand shoulder blocked due to multi-vehicle accident on US-101 Northbound at Exit 388A Oakland Rd.,3,3,"Nimitz Fwy S, US-101 N, I-80 E",Mostly Cloudy,60.0
2017-04-15 21:00:00,62.64,Lane blocked due to accident on US-101 Southbound at Exit 414A Hillsdale Blvd. | Lane blocked due to accident on 4th Ave at Middlefield Rd.,3,4,"Bayshore Fwy S, 4th Ave, San Francisco-Oakland Bay Brg E",Clear,59.3
2017-04-15 22:00:00,63.41,Accident on CA-17 Santa Cruz Hwy Southbound at Santa Cruz Hwy. | Accident on I-580 Eastbound at Exit 10A 23rd St.,3,3,"Santa Cruz Hwy, 23rd St, CA-24 W",Mostly Cloudy,58.0
2017-04-15 23:00:00,62.22,Normal traffic flow,0,0,,Clear,58.4
2017-04-16 00:00:00,62.04,Accident on I-280 Southbound at Exits 49 49B CA-1. | Accident on I-580 Westbound at Exit 11 I-80 I-580.,3,4,"John Daly Blvd, I-580 W, I-880 N",Mostly Cloudy,55.4
2017-04-16 01:00:00,61.38,#3 lane blocked due to accident on I-680 Northbound at I-680 Exit 47 / Main St.,3,1,I-680 N,Clear,53.1
2017-04-16 02:00:00,60.94,#3 lane blocked due to accident on I-680 Northbound at I-680 Exit 47 / Main St.,3,1,I-680 N,Clear,53.1
2017-04-16 03:00:00,60.94,Normal traffic flow,0,0,,Clear,58.4
2017-04-16 04:00:00,61.14,Middle lane blocked due to accident on I-280 Northbound at I-280 Exits 4 5A / Meridian Ave.,3,1,Sinclair Fwy N,Clear,55.9
2017-04-16 05:00:00,61.39,Accident on I-280 Southbound at Exit 56 Pennsylvania Ave.,3,1,John F Foran Fwy S,Mostly Cloudy,52.0
2017-04-16 06:00:00,62.01,Right hand shoulder blocked due to accident on I-880 Southbound at CA-84 Thornton Ave.,3,1,Nimitz Fwy S,Mostly Cloudy,53.6
2017-04-16 07:00:00,62.28,Accident on CA-24 Eastbound at Exit 14 Pleasant Hill Rd.,2,1,CA-24 E,Clear,53.1
2017-04-16 08:00:00,63.22,#2 lane blocked due to accident on I-80 Westbound at Exit 17 Amador St.,3,1,I-80 W,Overcast,57.0
2017-04-16 09:00:00,63.16,Normal traffic flow,0,0,,Clear,58.4
2017-04-16 10:00:00,61.89,Right hand shoulder blocked due to accident on I-580 Eastbound at Exit 39 Eden Canyon Rd.,3,1,I-580 E,Light Rain,60.1
2017-04-16 11:00:00,61.62,Normal traffic flow,0,0,,Clear,58.4
2017-04-16 12:00:00,60.8,Left hand shoulder blocked due to multi-vehicle accident on I-80 Westbound at Exit 18 San Pablo Dam Rd. | Right lane blocked due to accident on I-580 Westbound at Exits 30 31A MacArthur Blvd.,3,2,"I-80 W, I-580 W",Overcast,57.9
2017-04-16 13:00:00,50.88,Right hand shoulder blocked due to accident on I-280 Westbound at Exit 29 Edgewood Rd. | Right hand shoulder blocked due to accident on I-280 Southbound at Exit 22 Alpine Rd.,3,6,"Junipero Serra Fwy N, I-280 S, Spring St",Rain,56.8
2017-04-16 14:00:00,43.31,Right hand shoulder blocked due to accident on I-880 Southbound at Exit 24 Whipple Rd. | Accident on I-880 Southbound at Exit 3 Airport Blvd.,3,3,"Nimitz Fwy S, I-880 S",Overcast,54.7
2017-04-16 15:00:00,61.93,One lane blocked due to accident on Black Mountain Rd at Skyline Blvd.,2,1,Golf Course Dr,Overcast,54.0
2017-04-16 16:00:00,61.02,Accident on County Hwy-G2 Lawrence Expy at Pruneridge Ave. | Accident on Moorpark Ave at Laswell Ave.,3,8,"Pruneridge Ave, Laswell Ave, Guadalupe Canyon Pkwy",Overcast,55.8
2017-04-16 17:00:00,62.26,Accident on I-580 Eastbound at Exits 26 26A 26B Mountain Blvd. | One lane blocked due to accident on US-101 Southbound at Exit 442 Sausalito Lateral.,3,4,"Kuhnle Ave, Sausalito Lateral, CA-85 S",Overcast,55.8
2017-04-16 18:00:00,62.96,Right hand shoulder blocked due to accident on I-80 I-580 Eastbound at Exit 10 I-580. | Accident on I-880 Southbound at Exit 28 Winton Ave.,3,8,"I-580 W, Nimitz Fwy S, Pinole Valley Rd",Overcast,57.0
2017-04-16 19:00:00,62.76,Right hand shoulder blocked due to multi-vehicle accident on I-80 I-580 Westbound at I-580. | Right hand shoulder blocked due to accident on CA-24 Westbound at Exit 6 Caldecott Ln.,3,4,"I-80 W, CA-24 W, E 14th St",Overcast,57.9
2017-04-16 20:00:00,61.36,Accident on I-980 Westbound at Exits 2A 2B I-580. | One lane blocked due to accident on I-80 Westbound at Exit 4A Treasure Is.,3,3,"27th St, San Francisco-Oakland Bay Brg E, US-101 S",Overcast,59.0
2017-04-16 21:00:00,63.14,Accident on I-580 Westbound at Exit 21B Grand Ave.,3,1,I-580 W,Overcast,59.0
2017-04-16 22:00:00,62.78,Accident on US-101 Westbound at Exits 396B 396C CA-237. | Accident on US-101 Northbound at Exit 394 County Hwy-G2 Lawrence Expy.,3,3,"CA-237 W, Lawrence Expy, I-880 N",Mostly Cloudy,57.7
2017-04-16 23:00:00,61.92,Normal traffic flow,0,0,,Clear,58.4
2017-04-17 00:00:00,61.08,Accident on I-80 Eastbound at Exit 4A Treasure Is. | Accident on I-680 Southbound at Exit 12 CA-262 Mission Blvd.,3,2,"San Francisco-Oakland Bay Brg E, I-680 S",Overcast,58.0
2017-04-17 01:00:00,60.88,Accident on I-880 Southbound at Exit 24 Whipple Rd.,3,1,Nimitz Fwy S,Overcast,59.0
2017-04-17 02:00:00,60.78,Right hand shoulder blocked due to accident on CA-24 Eastbound at Exit 9 Camino Pablo.,2,1,Camino Pablo,Light Rain,55.9
2017-04-17 03:00:00,60.98,Lane blocked due to accident on I-80 I-580 Westbound at Exits 12 13A I-580.,3,1,I-580 W,Overcast,57.9
2017-04-17 04:00:00,62.5,Accident on CA-17 Northbound at Exit 23 County Hwy-G4 Camden Ave.,2,1,CA-17 S,Overcast,57.0
2017-04-17 05:00:00,63.3,At 29th Ave - Accident. Right lane blocked.,2,1,Nimitz Fwy S,Overcast,57.9
2017-04-17 06:00:00,45.92,At Foothill Expy/Foothill Blvd - Accident. | At Stevens Creek Blvd/Exit 18 - Accident.,2,2,"Junipero Serra Fwy N, Norman Y Mineta Hwy",Overcast,57.0
2017-04-17 07:00:00,28.98,#1 lane blocked due to accident on I-880 Southbound after High St. | Accident on Frederick St Southbound before 23rd Ave.,3,6,"High St, Frederick St, I-880 N",Light Drizzle,57.4
2017-04-17 08:00:00,31.09,Lane blocked on exit ramp due to accident on I-580 Westbound at El Charro Rd. | At El Pintado Rd - Accident.,3,4,"Fallon Rd, I-680 N, I-280 S",Light Rain,56.5
2017-04-17 09:00:00,56.97,Accident on US-101 Southbound before North Access Rd. | Accident on I-280 Northbound after Exit 13 Foothill Expy.,3,3,"Bayshore Fwy S, Foothill Expy, Almaden Expy",Light Rain,58.9
2017-04-17 10:00:00,63.1,Accident on CA-85 Southbound at Exit 8 Camden Ave. | Accident on US-101 Southbound after Hellyer Ave.,3,9,"Norman Y Mineta Hwy, Bayshore Fwy S, I-580 E",Overcast,60.4
2017-04-17 11:00:00,64.11,#2 lane blocked due to accident on I-680 Northbound after Exit 40 El Cerro Blvd. | Accident on Highland Rd at Collier Canyon Rd.,3,4,"El Cerro Blvd, Highland Rd, I-80 W",Overcast,59.2
2017-04-17 12:00:00,64.06,Accident on I-380 Eastbound at Exit 6A US-101. | Right hand shoulder blocked due to accident on I-280 Southbound before Sneath Lane.,3,10,"US-101 N, Sneath Ln, I-580 E",Overcast,63.1
2017-04-17 13:00:00,63.78,#2 lane blocked due to accident on I-80 I-580 Westbound at Powell St. | Accident on CA-92 Westbound at Exit 24 Clawiter Rd.,3,5,"I-80 W, Clawiter Rd, I-680 S",Overcast,63.2
2017-04-17 14:00:00,62.41,Accident on San Pablo Dam Rd Eastbound at Clark Rd. | At Treasure Island Rd - Accident.,2,2,"San Pablo Dam Rd, San Francisco-Oakland Bay Brg E",Overcast,63.0
2017-04-17 15:00:00,62.35,Slow lane blocked due to accident on I-880 Northbound at Exit 36 Hegenberger Rd. | Accident on Edgewood Rd at Crestview Dr.,3,7,"I-880 N, Edgewood Rd, US-101 S",Overcast,63.1
2017-04-17 16:00:00,62.05,Lane blocked due to accident on I-280 Southbound at Exit 52 Bosworth St. | Right hand shoulder blocked due to accident on I-280 Southbound at Exit 25 CA-84 Woodside Rd.,3,6,"I-280 S, Eastshore Fwy W, CA-242 N",Light Rain,60.8
2017-04-17 17:00:00,58.87,Accident on I-80 Eastbound at Exit 4A Treasure Is. | Between De La Cruz Blvd and Montague Expy/San Tomas Expy - Accident.,3,5,"San Francisco-Oakland Bay Brg E, US-101 N, Bayshore Fwy S",Light Rain,59.1
2017-04-17 18:00:00,60.21,Accident on I-80 Westbound at Exits 2B 2C Harrison St. | Left lane blocked due to accident on CA-85 Northbound at Exit 16 De Anza Blvd.,3,7,"James Lick Fwy N, Norman Y Mineta Hwy, I-880 N",Light Rain,58.1
2017-04-17 19:00:00,63.12,#1 lane blocked due to accident on I-880 Northbound at Hegenberger Rd. | Accident on I-580 Westbound at I-580 Exit 32B / Fairmont Dr.,3,7,"I-880 N, I-580 W, John F Foran Fwy N",Overcast,57.8
2017-04-17 20:00:00,62.36,Accident on I-380 Westbound at CA-82 El Camino Real. | Right hand shoulder blocked due to accident on I-680 Northbound at Exit 43 Livorna Rd.,3,7,"El Camino Real, I-680 N, John F Foran Fwy",Overcast,56.4
2017-04-17 21:00:00,62.22,Accident on I-280 Northbound before San Bruno Ave. | Accident on I-280 Southbound after Exit 27 Farm Hill Blvd.,3,7,"Junipero Serra Fwy N, I-280 S, Nimitz Fwy S",Overcast,57.4
2017-04-17 22:00:00,61.99,Accident on I-80 Eastbound at Exit 22 Pinole Valley Rd. | Right hand shoulder blocked due to accident on US-101 Southbound at CA-237.,3,5,"Pinole Valley Rd, Bayshore Fwy S, I-880 N",Light Rain,57.0
2017-04-17 23:00:00,61.57,Right hand shoulder blocked due to accident on I-580 Westbound at MacArthur Blvd. | Accident on Central Expy at De la Cruz Blvd.,3,3,"I-580 W, Central Expy, San Tomas Expy",Light Rain,56.3
2017-04-18 00:00:00,60.76,1st lane blocked due to accident on I-80 Eastbound at Exit 21 Appian Way. | Right hand shoulder blocked due to accident on I-680 Northbound at Exit 46 Hillside Ave.,3,4,"I-80 E, I-680 N, Robin Williams Tunnel",Light Rain,54.8
2017-04-18 01:00:00,60.68,Right hand shoulder blocked due to accident on US-101 Southbound at Robin Williams Tunnel.,2,1,US-101 S,Mostly Cloudy,54.0
2017-04-18 02:00:00,60.77,Normal traffic flow,0,0,,Clear,58.4
2017-04-18 03:00:00,60.94,Lane blocked due to accident on CA-17 Northbound at Exit 23 County Hwy-G4 Camden Ave. | Right hand shoulder blocked due to accident on US-101 Northbound at Exits 391A 391B Trimble Rd.,3,5,"CA-17 S, Trimble Rd, I-580 E",Overcast,54.7
2017-04-18 04:00:00,62.12,#1 and #2 lane blocked due to accident on US-101 Southbound at Exits 423A 423B 423C I-380. | Lane blocked due to accident on US-101 Southbound at Exits 390 391 CA-87 Guadalupe Pkwy.,2,2,Bayshore Fwy S,Mostly Cloudy,55.0
2017-04-18 05:00:00,61.86,At I-80/I-880 - Accident. Left lane blocked.,2,1,I-580 W,Light Rain,57.0
2017-04-18 06:00:00,39.12,#1 &amp; #2 lane blocked and slow traffic due to accident on I-80 Westbound after I-580. SigAlert issued. | At Monte Mar Dr - Accident.,3,5,"Eastshore Fwy W, US-101 S, Junipero Serra Fwy N",Light Rain,55.2
2017-04-18 07:00:00,23.82,At Walsh Ave - Accident.,2,1, San Tomas Expy,Overcast,55.0
2017-04-18 08:00:00,18.71,Accident and vehicle fire on I-80 Eastbound at Toll Plaza. | Lane blocked on entry ramp due to accident on I-580 Westbound at I-80.,3,9,"San Francisco-Oakland Bay Brg E, I-580 W, US-101 N",Overcast,56.3
2017-04-18 09:00:00,20.96,Right hand shoulder blocked due to accident on I-880 Southbound before CA-92. | Accident on I-80 Westbound before Exit 4A Treasure Is.,3,9,"Nimitz Fwy S, San Francisco-Oakland Bay Brg E, I-580 W",Overcast,57.7
2017-04-18 10:00:00,35.03,Right hand shoulder blocked due to accident on US-101 Southbound before Tamalpais Dr. | Accident on CA-87 Northbound before Curtner Ave.,3,12,"US-101 N, Guadalupe Fwy N, I-880 S",Overcast,58.5
2017-04-18 11:00:00,58.98,Accident on I-280 Northbound before Exit 22 Alpine Rd. | Accident on I-580 Eastbound at CA-84 Airway Blvd.,3,10,"I-280 S, I-580 E, Bridgeway",Scattered Clouds,60.0
2017-04-18 12:00:00,58.87,#3 lane blocked due to accident on US-101 Southbound after San Antonio Rd. | Lane blocked on entry ramp due to accident on I-280 Northbound at Crystal Springs Rd.,3,8,"US-101 N, Junipero Serra Fwy N, CA-24 W",Mostly Cloudy,62.9
2017-04-18 13:00:00,62.92,Accident on San Pablo Dam Rd at Kay Ann Ct. | Accident on CA-85 Northbound after Exit 6 Almaden Expy.,2,5,"San Pablo Dam Rd, CA-85 N, Guadalupe Fwy N",Mostly Cloudy,64.1
2017-04-18 14:00:00,61.37,Accident on CA-35 Skyline Blvd Northbound before CA-1 . | Left lane blocked due to accident on I-580 Westbound after Toll Plaza.,3,5,"Coast Hwy, Richmond-San Rafael Brg, Almaden Expy",Mostly Cloudy,65.5
2017-04-18 15:00:00,61.21,At Pinole Valley Rd - Accident. | At Fitzgerald Dr/Richmond Pky - Accident.,2,2,"I-80 W, I-80 E",Overcast,68.0
2017-04-18 16:00:00,61.74,At Foothill Rd/San Ramon Rd - Accident. | At Lawrence Expy - Accident.,3,6,"I-580 E, Junipero Serra Fwy N, I-880 N",Partly Cloudy,66.0
2017-04-18 17:00:00,61.22,Accident on Hesperian Blvd at Post St. | At Pleasant Hill Rd - Accident.,2,5,"Hesperian Blvd, CA-24 E, CA-92 E",Partly Cloudy,64.8
2017-04-18 18:00:00,62.12,Lane blocked due to accident on US-101 Northbound at Exit 417B Airport Blvd. | Lane blocked due to accident on CA-237 Westbound at Exit 3A US-101.,2,4,"US-101 N, Southbay Fwy, Richmond-San Rafael Brg",Clear,62.0
2017-04-18 19:00:00,62.75,Lane blocked due to accident on I-80 Eastbound at Exit 20 Blume Dr. | Lane blocked due to accident on CA-24 Westbound at Exits 5 5A 5B CA-13 Warren Fwy.,3,7,"I-80 E, CA-24 W, I-580 E",Clear,60.7
2017-04-18 20:00:00,62.6,Two lanes blocked due to accident on I-880 Northbound at Exit 23 Alvarado Niles Rd. | Lane blocked due to accident on CA-92 Eastbound at Toll Plaza.,3,4,"I-880 N, CA-92 E, Junipero Serra Fwy N",Clear,59.3
2017-04-18 21:00:00,62.1,#4 and slow lane blocked due to accident on I-680 Northbound before CA-242 . | Lane blocked due to accident on I-580 Eastbound at Exits 34 35 I-238.,3,4,"CA-242 S, I-580 E, Norman Y Mineta Hwy",Clear,58.5
2017-04-18 22:00:00,62.55,Lane blocked due to accident on I-80 Westbound at Exit 19B Hilltop Dr.,3,1,I-80 W,Clear,55.9
2017-04-18 23:00:00,61.49,Normal traffic flow,0,0,,Clear,58.4
2017-04-19 00:00:00,61.17,Accident on US-101 Southbound at Exits 400B 400C San Antonio Rd.,2,1,US-101 N,Scattered Clouds,46.4
2017-04-19 01:00:00,60.91,Lane blocked due to accident on I-880 Northbound at Exits 12 12A 12B CA-262 Mission Blvd. | #1 and #2 lane blocked due to accident on I-680 Southbound at Exit 4 Berryessa Rd.,3,2,"I-880 N, Sinclair Fwy S",Clear,45.5
2017-04-19 02:00:00,60.76,Lane blocked due to accident on John Glenn Dr both ways at Concord Ave. | Two lanes blocked due to accident on US-101 Northbound at Exits 404A 404B CA-114 Willow Rd.,2,3,"Concord Ave, Bayshore Fwy S, Norman Y Mineta Hwy",Clear,47.0
2017-04-19 03:00:00,61.11,Slow lane blocked and right hand shoulder blocked due to accident on I-880 Southbound at Exit 38 CA-77 42nd Ave. | Right hand shoulder blocked due to accident on I-680 Southbound at Exit 34 Bollinger Canyon Rd.,3,2,"42nd Ave, I-680 S",Clear,51.4
2017-04-19 04:00:00,62.28,Normal traffic flow,0,0,,Clear,58.4
2017-04-19 05:00:00,63.69,At Alum Rock Ave/Santa Clara St - Accident.,2,1,US-101 N,Clear,44.6
2017-04-19 06:00:00,44.5,Accident on US-101 Southbound at Blossom Hill Rd. | At A St - Accident.,3,3,"Bayshore Fwy S, Nimitz Fwy S,  Van Ness Ave",Partly Cloudy,49.2
2017-04-19 07:00:00,24.63,Accident on I-880 Southbound before High St. | At Berryessa Rd - Accident. Left lane blocked.,3,3,"High St, I-680 S,  22nd St",Mostly Cloudy,52.7
2017-04-19 08:00:00,26.87,#3 lane blocked due to accident on US-101 Northbound after CA-130 Alum Rock Ave. | At CA-92/J Arthur Younger Fwy - Accident.,2,2,"US-101 N, J Arthur Younger Fwy W",Clear,54.5
2017-04-19 09:00:00,46.74,Left lane blocked due to accident on US-101 Northbound after Oakland Rd. | Accident on San Pablo Dam Rd at Milton Dr.,3,8,"US-101 N, San Pablo Dam Rd, I-880 N",Partly Cloudy,57.5
2017-04-19 10:00:00,57.88,Accident on I-680 Southbound before Exit 4 Berryessa Rd. | Accident on I-280 Northbound after Meridian Ave.,3,6,"I-680 S, Meridian Ave, Cesar Chavez",Partly Cloudy,60.3
2017-04-19 11:00:00,62.96,Lane blocked on exit ramp due to accident on CA-92 Westbound at Exit 10 Hillsdale Blvd. | Right hand shoulder blocked due to accident on Ascension Dr at Polhemus Rd.,2,4,"J Arthur Younger Fwy W, Ascension Dr, Alhambra Ave",Partly Cloudy,63.1
2017-04-19 12:00:00,62.77,#2 lane blocked due to accident on US-101 Southbound before Exit 426 Sierra Point Pkwy. | Accident on I-880 Northbound before High St.,3,8,"Bayshore Fwy S, I-880 N, US-101 N",Scattered Clouds,66.0
2017-04-19 13:00:00,62.82,#2 and #3 lane blocked due to accident on I-580 Westbound after Foothill Rd. | Lane blocked due to accident on I-280 Northbound before CA-87.,3,8,"San Ramon Rd, Guadalupe Pkwy N, I-580 W",Mostly Cloudy,67.5
2017-04-19 14:00:00,62.82,Accident on Douglas Ave at Middlefield Rd. | #2 lane blocked due to accident on US-101 Northbound after Cesar Chavez St.,3,4,"Middlefield Rd, James Lick Fwy N, I-680 S",Partly Cloudy,68.0
2017-04-19 15:00:00,61.68,At Hesperian Blvd - Accident. | At Sunol Blvd - Accident.,2,3,"W Jackson St, I-680 N, Nimitz Fwy S",Clear,68.6
2017-04-19 16:00:00,60.91,At Berryessa Rd - Accident. | At CA-238 - Accident.,2,3,"I-680 S, I-580 E, Guadalupe Fwy S",Scattered Clouds,68.4
2017-04-19 17:00:00,61.25,Lane blocked due to accident on I-880 Northbound before Exit 37 66th Ave. | At CA-13/Ashby Ave/Bay St - Accident.,3,5,"I-880 N, I-580 W, Grove Shafter Fwy E",Scattered Clouds,67.1
2017-04-19 18:00:00,61.59,Lane blocked due to accident on I-680 Northbound at Exit 25 Pleasanton Sunol Rd. | Lane blocked due to accident on I-880 Southbound at Exit 17 Mowry Ave.,3,6,"I-680 N, Nimitz Fwy S, I-80 W",Clear,65.8
2017-04-19 19:00:00,62.29,Lane blocked due to accident on I-680 Southbound at Exit 4 Berryessa Rd. | Lane blocked due to accident on I-580 Eastbound at Exits 34 35 I-238.,3,5,"I-680 S, I-580 E, Guadalupe Fwy S",Clear,65.0
2017-04-19 20:00:00,62.09,Lane blocked due to accident on I-880 Southbound at Exit 41A 6th St. | Lane blocked due to accident on CA-84 Eastbound at CA-109 University Ave.,3,2,"I-880 N, Bayfront Expy W",Scattered Clouds,61.9
2017-04-19 21:00:00,62.27,Accident on CA-24 Westbound at Ygnacio Valley Rd. | Accident on I-680 Northbound at Ygnacio Valley Rd.,3,4,"CA-24 W, I-680 N, Southbay Fwy",Partly Cloudy,60.8
2017-04-19 22:00:00,62.33,Lane blocked due to accident on CA-85 Southbound at Exits 18 19 Stevens Creek Blvd.,2,1,CA-85 S,Overcast,61.0
2017-04-19 23:00:00,61.7,Right hand shoulder blocked due to accident on CA-92 San mateo Bridge Westbound in Hayward. | Multi-vehicle accident on CA-185 Mission Blvd at Medford Ave.,3,4,"J Arthur Younger Fwy W, Medford Ave, Santa Cruz Hwy",Overcast,61.3
2017-04-20 00:00:00,61.29,Normal traffic flow,0,0,,Clear,58.4
2017-04-20 01:00:00,60.82,Normal traffic flow,0,0,,Clear,58.4
2017-04-20 02:00:00,60.85,One lane blocked due to accident on Southwest Expy both ways at Fruitdale Ave. | Lane blocked due to accident on I-80 I-580 Eastbound at Exit 9 I-580.,3,2,"Fruitdale Ave, I-80 W",Overcast,58.0
2017-04-20 03:00:00,61.02,One lane blocked due to accident on I-80 Westbound at Exits 2B 2C Harrison St. | Lane blocked due to accident on I-80 Eastbound at Exit 21 Appian Way.,3,5,"James Lick Fwy N, I-80 E, Junipero Serra Fwy N",Overcast,56.9
2017-04-20 04:00:00,61.87,Lane blocked due to accident on I-280 Southbound at Exit 33 CA-92. | Two lanes blocked and right hand shoulder blocked due to accident on I-880 Southbound at Exits 4B 4C US-101.,3,5,"I-280 S, I-880 S, Tassajara Rd",Mostly Cloudy,55.2
2017-04-20 05:00:00,62.87,#3 &amp; #4 lane blocked and right hand shoulder blocked due to accident on US-101 Southbound before De La Cruz Blvd. | Ramp to US-101 NB and De La Cruz Blvd - Accident.,2,3,"Trimble Rd, Guadalupe Pkwy N, US-101 N",Mostly Cloudy,54.7
2017-04-20 06:00:00,46.86,Accident on CA-84 Westbound before Quarry Rd. | At Mission Blvd - Accident. Right lane blocked.,2,2,"CA-84 W, I-680 S",Clear,54.5
2017-04-20 07:00:00,32.07,Right hand shoulder blocked due to accident on I-880 Southbound at Exit 25 Industrial Pkwy. | Restrictions on exit ramp to 1/2 due to accident on I-680 Southbound at Exit 53 CA-4.,3,4,"Industrial Pkwy W, I-680 S, CA-84 W",Partly Cloudy,55.1
2017-04-20 08:00:00,31.62,Accident on I-80 Westbound before Exit 19A El Portal Dr. | Accident on CA-87 Guadalupe Pkwy Northbound at Exits 9A 9B US-101.,3,4,"El Portal Dr, US-101 N, Norman Y Mineta Hwy",Scattered Clouds,57.7
2017-04-20 09:00:00,52.94,Right hand shoulder blocked due to accident on I-680 Southbound at CA-4 . | Shoulder blocked on exit ramp due to accident on I-580 Eastbound at Exit 51 Isabel Ave.,4,6,"I-680 S, Isabel Ave, Nimitz Fwy S",Scattered Clouds,59.0
2017-04-20 10:00:00,59.69,Accident on Locust St at Borel Ave. | 2 middle lane blocked due to accident on I-80 Westbound at Exit 4A Treasure Is.,3,10,"Locust St, San Francisco-Oakland Bay Brg E, I-880 N",Partly Cloudy,62.7
2017-04-20 11:00:00,62.46,Accident on US-101 Northbound before Exit 411 Holly St. | Accident on CA-85 Northbound at Exit 14 Saratoga Ave.,3,12,"US-101 N, Norman Y Mineta Hwy, Hesperian Blvd",Scattered Clouds,63.4
2017-04-20 12:00:00,62.92,Left lane blocked due to accident on County Hwy-G2 Lawrence Expy Northbound at I-280. | Accident on CA-13 Warren Fwy Northbound before Joaquin Miller Rd.,3,8,"I-280 S, Joaquin Miller Rd, Nimitz Fwy S",Scattered Clouds,65.8
2017-04-20 13:00:00,63.21,Accident on I-880 Northbound after Exit 34 CA-61 Davis St.,3,1,I-880 N,Partly Cloudy,66.9
2017-04-20 14:00:00,62.19,Right hand shoulder blocked due to accident on I-880 Southbound before Exit 29 A St. | Accident on I-580 Westbound at Exit 51 Isabel Ave.,3,6,"I-880 N, I-580 W, James Lick Fwy N",Partly Cloudy,67.7
2017-04-20 15:00:00,61.28,Lane blocked due to accident on I-880 Northbound at Exit 39B 23rd Ave. | Lane blocked due to accident on I-880 Southbound at Exit 38 CA-77 42nd Ave.,3,6,"I-880 N, Nimitz Fwy S, Guadalupe Fwy N",Scattered Clouds,68.7
2017-04-20 16:00:00,60.87,At Dyer St/Whipple Rd - Accident. | At CA-84/Decoto Rd - Accident.,3,4,"I-880 N, CA-84 W, I-280 S",Partly Cloudy,66.5
2017-04-20 17:00:00,61.35,Lane blocked due to accident on US-101 Northbound at Exits 433 433B 433C San Francisco-Oakland Bay Bridge. | Lane blocked due to accident on I-580 Westbound at Exit 25A High St.,3,9,"Central Fwy, I-580 W, I-280 S",Partly Cloudy,66.2
2017-04-20 18:00:00,62.55,Lane blocked due to accident on I-680 Northbound at Exits 45B 46A 46B CA-24. | Lane blocked due to accident on I-680 Northbound at Exit 45A Main St.,3,8,"CA-24 W, I-680 N, I-880 N",Partly Cloudy,64.3
2017-04-20 19:00:00,63.81,Lane blocked due to accident on I-280 Southbound at Exit 22 Alpine Rd. | Lane blocked due to accident on I-880 Northbound at Exit 19 Thornton Ave.,3,3,"I-280 S, CA-84 W, I-580 W",Partly Cloudy,61.2
2017-04-20 20:00:00,63.0,Lane blocked due to accident on US-101 Northbound at Exit 402 Embarcadero Rd. | Lane blocked due to accident and car fire on I-680 Southbound at Exit 34 Bollinger Canyon Rd.,3,4,"US-101 N, I-680 S, S El Camino Real",Clear,60.0
2017-04-20 21:00:00,62.95,#2 and #3 lane blocked due to accident on US-101 Northbound before Exit 433A Vermont St. | Lane blocked due to accident on US-101 Northbound at Exit 422 Airport Access Rd.,3,3,"James Lick Fwy N, US-101 N, I-580 E",Clear,58.3
2017-04-20 22:00:00,62.36,At Strobridge Ave - Accident.,3,1, Strobridge Ave,Clear,59.0
2017-04-20 23:00:00,62.02,Accident Car &amp; Deer involved on Sir Francis Drake Blvd at Bon Air Rd. | Left hand shoulder blocked due to accident on Harrison St Westbound at I-580.,2,2,"Bon Air Rd, I-580 W",Clear,54.8
2017-04-21 00:00:00,61.24,Accident on Jefferson Ave at Lake Way. | 4th lane blocked due to accident and vehicle fire on CA-87 Guadalupe Pkwy Northbound at Exits 4 5 6 I-280.,2,2,"Lakeview Way, Guadalupe Pkwy N",Clear,55.6
2017-04-21 01:00:00,61.0,#2 lane closed due to accident on I-580 Eastbound at Exits 34 35 I-238.,3,1,I-580 E,Clear,54.0
2017-04-21 02:00:00,61.02,Right lane blocked due to jackknifed truck on US-101 Northbound at Exit 443 Monte Mar Dr. | Lane blocked due to accident on Grand Ave both ways at Northgate Ave.,2,2,"US-101 N, Northgate Ave",Clear,54.5
2017-04-21 03:00:00,61.16,Normal traffic flow,0,0,,Clear,58.4
2017-04-21 04:00:00,62.3,Lane blocked due to accident on I-880 Northbound at I-80.,3,1,I-80 W,Clear,52.0
2017-04-21 05:00:00,63.63,At S Main St - Accident.,2,1,I-680 S,Clear,50.0
2017-04-21 06:00:00,54.54,Accident on Hartz Ave both ways at Short St. | At San Mateo Bridge - Accident.,2,2,"Hartz Ave, J Arthur Younger Fwy W",Clear,50.6
2017-04-21 07:00:00,47.22,Between Marina Blvd and CA-61/Davis St - Accident. | At Center Ave/Pine St - Accident.,2,3,"Nimitz Fwy S, John Muir Pkwy E,  Van Ness Ave",Partly Cloudy,54.0
2017-04-21 08:00:00,36.7,At Lawrence Expy - Accident. | At Paseo Padre Pky/Thornton Ave - Accident.,2,5,"Junipero Serra Fwy N, CA-84 W, Nimitz Fwy S",Clear,55.9
2017-04-21 09:00:00,58.78,Lane blocked due to accident on I-880 Northbound at Exits 33A 33B Marina Blvd. | At Santa Rita Rd/Tassajara Rd - Accident.,3,5,"I-880 N, I-580 W, I-880 S",Clear,61.6
2017-04-21 10:00:00,60.44,#8 lane blocked due to accident on I-80 Westbound at Exits 8A 8B I-880. | Accident on US-101 Southbound at Exit 442 Sausalito Lateral.,3,8,"I-80 W, Sausalito Lateral, Foster City Blvd",Partly Cloudy,64.3
2017-04-21 11:00:00,63.03,Right hand shoulder blocked due to accident on US-101 Southbound at Exits 423A 423B 423C I-380. | Right hand shoulder blocked due to accident on CA-85 Northbound at Exits 22A 22B CA-82 El Camino Real.,3,10,"Bayshore Fwy S, Norman Y Mineta Hwy, Peralta Blvd",Clear,67.2
2017-04-21 12:00:00,62.38,Accident on US-101 Southbound at Exit 409 Whipple Ave. | Right hand shoulder blocked due to accident on 5th Ave near Middlefield Rd.,3,7,"Bayshore Fwy S, Middlefield Rd, N Bascom Ave",Partly Cloudy,70.8
2017-04-21 13:00:00,62.51,Right hand shoulder blocked due to accident on I-580 Northbound at Exits 44B 45 I-680. | Accident on Fulton St Eastbound at 16th Ave.,3,6,"I-680 N, Fulton St, I-880 N",Clear,72.0
2017-04-21 14:00:00,62.63,Accident on County Hwy-G2 Lawrence Expy at Lochinvar Ave. | Right hand shoulder blocked due to accident on CA-92 Westbound at Exits 12A 12B CA-82 El Camino Real.,2,7,"Lochinvar Ave, J Arthur Younger Fwy W, CA-17 N",Partly Cloudy,74.7
2017-04-21 15:00:00,61.46,At Fitzgerald Dr/Richmond Pky - Accident. | At Hillsdale Blvd/Exit 414A - Accident.,2,2,"I-80 E, US-101 N",Clear,76.6
2017-04-21 16:00:00,62.02,At Fish Ranch Rd - Accident. | At Grant St/Solano Way - Accident.,2,2,"Grove Shafter Fwy E, CA-242 N",Clear,78.1
2017-04-21 17:00:00,62.43,Right hand shoulder blocked due to accident on Appian Way at Fitzgerald Dr. | Right hand shoulder blocked due to accident on I-880 Southbound after Exit 16 Stevenson Blvd.,3,5,"Appian Way, Nimitz Fwy S, McDonnell Rd",Clear,74.2
2017-04-21 18:00:00,63.45,Lane blocked due to accident on I-80 Eastbound at Exit 15 Cutting Blvd. | Lane blocked due to accident on I-80 Eastbound at Exit 20 Blume Dr.,3,10,"I-80 E, CA-17 N, Junipero Serra Fwy N",Mostly Cloudy,71.3
2017-04-21 19:00:00,63.52,Lane blocked due to accident on CA-242 Northbound at Exit 1C Concord Ave. | At Eden Canyon Rd - Accident.,2,3,"CA-242 N, I-580 E, I-880 N",Clear,71.5
2017-04-21 20:00:00,62.08,Lane blocked due to accident on I-880 Southbound at Exit 7 County Hwy-G4 Montague Expy. | Lane blocked due to accident on I-680 Northbound at Exit 5A Hostetter Rd.,3,3,"I-880 S, I-680 N, I-280 S",Clear,64.1
2017-04-21 21:00:00,63.32,Right hand shoulder blocked due to accident on I-580 Eastbound before Exit 23 Fruitvale Ave. | Accident on County Hwy-G4 San Tomas Expy at Williams Rd.,3,6,"I-580 E, San Tomas Expy, I-280 S",Clear,61.6
2017-04-21 22:00:00,62.39,Two lanes blocked due to accident on I-880 Northbound at Exit 15 Auto Mall Pkwy. | Lane blocked due to accident on I-580 Eastbound at Exit 39 Eden Canyon Rd.,3,3,"I-880 N, I-580 E, CA-17 N",Clear,61.2
2017-04-21 23:00:00,61.94,Right hand shoulder blocked due to accident on CA-24 Eastbound at Exit 6 Caldecott Ln. | One lane blocked due to accident on I-880 Southbound at Exit 24 Whipple Rd.,3,4,"CA-24 W, Nimitz Fwy S, MacDonald Ave",Clear,58.4
2017-04-22 00:00:00,61.6,Accident now on the shoulder on Marin Ave at Flamingo Rd. | Accident on Edwin Markham Dr at Villareal Dr.,3,7,"Marin Ave, Edwin Markham Dr, CA-17 N",Clear,56.0
2017-04-22 01:00:00,61.36,#2 lane blocked due to accident on I-80 Eastbound at 7th St. | Accident on US-101 Northbound near I-80 Exits 1A 1B / San Francisco-Oakland Bay Bridge.,3,2,"James Lick Fwy N, San Bruno Ave",Clear,55.9
2017-04-22 02:00:00,60.9,'#1 lane blocked due to accident on CA-87 Guadalupe Pkwy Southbound at Taylor St. | Accident on I-580 Eastbound at I-580 Exit 25A / High St.,3,3,"Guadalupe Pkwy N, I-580 E, Grant St",Clear,54.3
2017-04-22 03:00:00,61.18,Left hand shoulder blocked due to accident on CA-85 Northbound at CA-17 Exit 22.,2,1,CA-85 S,Clear,55.9
2017-04-22 04:00:00,61.44,Slow lane blocked due to accident on I-580 Eastbound at Bellam Blvd. | Accident on I-580 Eastbound near Exit 2A Sir Francis Drake Blvd.,3,3,"I-580 E, Nimitz Fwy S",Clear,48.0
2017-04-22 05:00:00,62.08,Normal traffic flow,0,0,,Clear,58.4
2017-04-22 06:00:00,62.68,Accident on I-880 Southbound at I-880 Exit 29 / A St.,3,1,Nimitz Fwy S,Clear,50.0
2017-04-22 07:00:00,62.85,Normal traffic flow,0,0,,Clear,58.4
2017-04-22 08:00:00,62.98,Accident on Westmoor Ave at CA-35 Skyline Blvd. | At 5th Ave/Embarcadero - Accident.,2,2,"Westmoor Ave, I-880 N",Partly Cloudy,56.9
2017-04-22 09:00:00,62.38,Normal traffic flow,0,0,,Clear,58.4
2017-04-22 10:00:00,61.28,3 and 4 lane blocked due to accident on I-880 Northbound at Exit 40 Embarcadero.,3,1,I-880 N,Overcast,64.0
2017-04-22 11:00:00,60.89,Slow traffic due to accident on CA-84 Vallecitos Rd Eastbound at Old Vallecitos Rd. | Accident on I-680 Southbound at Exit 44 Rudgear Rd.,3,2,"Vallecitos Rd, I-680 S",Clear,66.4
2017-04-22 12:00:00,60.98,Accident on MacArthur Blvd near I-580. | Accident on CA-4 at Exit 12A Pacheco Blvd.,3,8,"Harrison St, John Muir Pkwy E, Hesperian Blvd",Overcast,66.1
2017-04-22 13:00:00,60.82,Right hand shoulder blocked due to accident on I-80 I-580 Westbound at Exit 10 I-580. | Accident on CA-87 Southbound at Exits 1A 1B 1C CA-85.,3,3,"Eastshore Fwy W, CA-85 S, I-680 N",Overcast,66.9
2017-04-22 14:00:00,61.14,Accident on Paseo Grande at Via Paro. | Right hand shoulder blocked due to accident on I-580 Westbound at Exits 8B 19A I-80 I-580.,3,6,"Via Paro, I-80 W, I-680 S",Overcast,65.8
2017-04-22 15:00:00,61.18,Right hand shoulder blocked due to accident on I-880 Southbound at Exits 4B 4C US-101. | Between Isabel Ave/Exit 51 and Portola Ave - Accident.,3,2,"I-880 S, I-580 E",Overcast,66.9
2017-04-22 16:00:00,61.08,Lane blocked due to accident on I-580 Westbound at Exits 31 31B Grand Ave. | Left lane blocked due to accident on County Hwy-G4 Montague Expy Southbound at I-880.,3,4,"I-580 W, Montague Expy, N Bridge Blvd",Overcast,64.9
2017-04-22 17:00:00,60.83,Accident on US-101 Northbound at Exit 408 Woodside Rd. | Accident on CA-1 Shoreline Hwy at Flamingo Rd.,3,7,"Woodside Rd, Shoreline Hwy, Guadalupe Pkwy N",Overcast,64.6
2017-04-22 18:00:00,61.13,Right hand shoulder blocked due to accident on CA-85 Northbound at Exit 20 Fremont Ave. | Accident on US-101 Northbound at Exit 388A Oakland Rd.,3,6,"Norman Y Mineta Hwy, US-101 N, I-580 W",Clear,62.2
2017-04-22 19:00:00,61.24,Accident on Yerba Buena Rd Northbound at US-101. | Right hand shoulder blocked due to accident on I-280 Northbound at Exit 50 San Jose Ave.,3,3,"Bayshore Fwy N, John F Foran Fwy, I-580 E",Overcast,59.6
2017-04-22 20:00:00,60.82,Accident on I-580 Westbound at Exit 45 Hopyard Rd.,3,1,I-580 W,Clear,55.0
2017-04-22 21:00:00,62.4,Right hand shoulder blocked due to multi-vehicle accident on I-880 Southbound at Exit 31B Washington Ave. | At Hegenberger Rd - Accident.,3,2,"Nimitz Fwy S, I-880 N",Clear,59.6
2017-04-22 22:00:00,62.12,Right hand shoulder blocked due to accident on I-80 Westbound at Exits 8A 8B I-880. | Right lane blocked due to accident on US-101 Northbound at Exit 403 Bayshore Rd.,3,2,"I-80 W, Bayshore Fwy S",Partly Cloudy,58.4
2017-04-22 23:00:00,61.68,Accident on I-880 Northbound at Exit 36 Hegenberger Rd.,3,1,I-880 N,Partly Cloudy,53.1
2017-04-23 00:00:00,61.73,Accident on I-880 Southbound at Exit 27 CA-92 Jackson St. | Accident on I-580 Southbound at Exit 45 Hopyard Rd.,3,4,"Nimitz Fwy S, I-580 E, Airway Blvd",Clear,52.8
2017-04-23 01:00:00,61.17,Normal traffic flow,0,0,,Clear,58.4
2017-04-23 02:00:00,61.08,#3 #4 lane blocked due to accident on I-880 Northbound at Washington Ave. | #2 #3 lane blocked due to accident on I-880 Northbound at I-880 Exit 29 / A St.,3,2,"Nimitz Fwy N, I-880 N",Clear,53.1
2017-04-23 03:00:00,60.94,Normal traffic flow,0,0,,Clear,58.4
2017-04-23 04:00:00,61.26,Normal traffic flow,0,0,,Clear,58.4
2017-04-23 05:00:00,61.75,Normal traffic flow,0,0,,Clear,58.4
2017-04-23 06:00:00,61.88,Normal traffic flow,0,0,,Clear,58.4
2017-04-23 07:00:00,62.11,Normal traffic flow,0,0,,Clear,58.4
2017-04-23 08:00:00,61.83,Normal traffic flow,0,0,,Clear,58.4
2017-04-23 09:00:00,62.04,Normal traffic flow,0,0,,Clear,58.4
2017-04-23 10:00:00,62.17,Normal traffic flow,0,0,,Clear,58.4
2017-04-23 11:00:00,59.65,Normal traffic flow,0,0,,Clear,58.4
2017-04-23 12:00:00,59.2,Normal traffic flow,0,0,,Clear,58.4
2017-04-23 13:00:00,61.78,Accident on White Rd at Buckner Dr.,2,1,S White Rd,Clear,66.2
2017-04-23 14:00:00,60.96,Accident on CA-1 Coast Hwy Northbound near San Pedro Terrace Rd.,2,1,San Pedro Terrace Rd,Scattered Clouds,64.0
2017-04-23 15:00:00,61.26,Accident on 6th St at Bryant St. | One lane blocked due to accident on I-80 Westbound at Exit 14A Central Ave.,3,7,"Bryant St, I-80 W, N 1st St",Clear,66.1
2017-04-23 16:00:00,61.22,Accident on I-580 Westbound at Exit 7A Western Dr. | Right hand shoulder blocked due to accident on I-880 Southbound at Exit 39B 23rd Ave.,3,5,"Richmond-San Rafael Brg, Nimitz Fwy S, Cabrillo Hwy",Mostly Cloudy,63.6
2017-04-23 17:00:00,61.81,Accident on US-101 Northbound at Exit 433A Vermont St. | Right hand shoulder blocked due to multi-vehicle accident on US-101 Southbound at Exit 389B Brokaw Rd.,3,4,"James Lick Fwy N, N 1st St, I-238 S",Mostly Cloudy,63.2
2017-04-23 18:00:00,62.13,Right hand shoulder blocked due to accident on CA-87 Westbound at Exits 1A 1B 1C CA-85. | Accident on CA-1 Northbound at Exits 509B 510 I-280.,3,4,"Norman Y Mineta Hwy, Junipero Serra Fwy N, Alvarado Niles Rd",Clear,60.9
2017-04-23 19:00:00,62.27,Accident on US-101 Northbound at Exits 388B 388C I-880. | Accident on CA-87 Guadalupe Pkwy Northbound at Exits 4 5 6 I-280.,2,2,"I-880 N, Sinclair Fwy N",Mostly Cloudy,60.1
2017-04-23 20:00:00,61.32,One lane blocked due to accident on I-680 Northbound at Exits 45B 46A 46B CA-24. | Accident on I-880 Southbound at Exit 41B I-980.,3,2,"I-680 N, I-880 N",Clear,58.6
2017-04-23 21:00:00,62.64,Accident on 164th Ave at Gordon Way. | Accident on US-101 Southbound at Exit 433A Vermont St.,3,4,"164th Ave, 17th St, I-680 S",Mostly Cloudy,56.6
2017-04-23 22:00:00,62.18,Accident on I-580 Westbound at Exit 47 Pimlico Dr.,2,1,I-580 W,Clear,53.1
2017-04-23 23:00:00,61.73,Accident on US-101 Lombard St Northbound at Octavia St. | Accident on I-280 Southbound at Exits 54 54A 54B US-101.,3,2,"Octavia St, I-280 S",Partly Cloudy,54.0
2017-04-24 00:00:00,61.34,Accident on US-101 Southbound at Exits 433 433B 433C San Francisco-Oakland Bay Bridge. | Accident on CA-242 Northbound at Exit 2 Grant St.,3,4,"San Bruno Ave, Grant St, McLaughlin Ave",Clear,53.9
2017-04-24 01:00:00,61.06,Normal traffic flow,0,0,,Clear,58.4
2017-04-24 02:00:00,60.8,Lane blocked on exit ramp due to accident on I-80 Westbound at Exits 2B 2C Harrison St. | Lane blocked due to accident on San Miguel Dr both ways at Latimer Pl.,3,2,"James Lick Fwy N, Latimer Pl",Mostly Cloudy,55.0
2017-04-24 03:00:00,61.27,Three lanes blocked due to recovery work and accident on I-680 Northbound at Exit 18B Sheridan Rd.,3,1,Sheridan Rd,Overcast,52.0
2017-04-24 04:00:00,62.82,Normal traffic flow,0,0,,Clear,58.4
2017-04-24 05:00:00,63.13,Normal traffic flow,0,0,,Clear,58.4
2017-04-24 06:00:00,45.44,Normal traffic flow,0,0,,Clear,58.4
2017-04-24 07:00:00,26.64,Accident on Sullivan Ave near 88th St. | Lane blocked and right hand shoulder blocked due to accident on I-880 Southbound at Exits 8A 8B 8C CA-237.,3,2,"Sullivan Ave, Nimitz Fwy S",Overcast,54.5
2017-04-24 08:00:00,30.49,Shoulder blocked due to accident on CA-237 Westbound at Exit 3A US-101.,2,1,Bayshore Fwy N,Overcast,57.0
2017-04-24 09:00:00,54.7,Accident on I-80 Westbound at Exits 8A 8B I-880. | At Saratoga Ave - Accident.,3,2,"I-80 W, Junipero Serra Fwy N",Overcast,57.9
2017-04-24 10:00:00,63.04,Accident on Fremont St at Howard St. | Right hand shoulder blocked due to accident on I-80 Westbound at Exit 14B Carlson Blvd.,3,7,"Howard St, I-80 E, Betrose Ct",Overcast,58.8
2017-04-24 11:00:00,63.09,Accident on San Pablo Ave near Tara Hills Dr. | Right hand shoulder blocked due to accident on I-680 Southbound at Exit 6 Montague Expy.,3,7,"San Pablo Ave, I-680 S, I-580 W",Overcast,60.6
2017-04-24 12:00:00,62.69,Right hand shoulder blocked due to accident on I-880 Southbound at Exit 21 Decoto Rd. | Slow lane blocked due to accident on I-280 Northbound between Exit 7 Saratoga Ave and Exit 9 County Hwy-G2 Lawrence Expy.,3,5,"Nimitz Fwy S, I-280 S, Eastshore Fwy W",Overcast,61.8
2017-04-24 13:00:00,62.84,Right hand shoulder blocked due to accident on Appian Way at Garden Rd. | Right hand shoulder blocked due to accident on I-880 Northbound at Exit 27 CA-92 Jackson St.,3,3,"Appian Way, W Jackson St, Foster City Blvd",Overcast,62.3
2017-04-24 14:00:00,62.57,Right hand shoulder blocked due to accident on I-80 I-580 Westbound at University Ave. | #4 lane blocked and right hand shoulder blocked due to accident on I-280 Northbound at Exits 3A 3B Bird Ave.,3,7,"Eastshore Fwy W, Sinclair Fwy N, Guadalupe Fwy N",Overcast,61.7
2017-04-24 15:00:00,60.42,Accident on I-80 I-580 Westbound at Exit 10 I-580.,3,1,I-580 W,Overcast,62.1
2017-04-24 16:00:00,62.29,At CA-13/Warren Fwy - Accident. | At Old Middlefield Way/Exit 399B - Accident.,2,4,"Warren Fwy S, US-101 N, I-680 S",Overcast,62.0
2017-04-24 17:00:00,62.11,Lane blocked due to accident on I-680 Southbound at Exits 18 18A Vargas Rd. SigAlert issued. | Queueing traffic and 2-left lane closed due to accident on I-680 Northbound at Exits 18 18A Vargas Rd.,3,2,I-680 S,Overcast,61.0
2017-04-24 18:00:00,62.67,At Whipple Ave/Exit 409 - Accident. | Between Whipple Ave/Exit 409 and Holly St/Redwood Shores/Exit 411 - Accident.,2,2,"Bayshore Fwy S, Bayshore Fwy N",Overcast,59.0
2017-04-24 19:00:00,63.4,Lane blocked due to accident on I-80 Eastbound at Exits 1 1C Bryant St. | Lane blocked due to accident on US-101 Southbound at Exits 419A 419B Rollins Rd.,3,4,"James Lick Fwy N, Bayshore Fwy S, US-101 N",Overcast,58.0
2017-04-24 20:00:00,62.71,Lane blocked due to accident on I-280 Southbound at Exit 51 Ocean Ave. | At CA-109/University Ave/Exit 403 - Accident.,3,3,"I-280 S, Bayshore Fwy S, I-680 S",Mostly Cloudy,57.7
2017-04-24 21:00:00,62.18,Lane blocked due to accident on US-101 Northbound at Exit 409 Whipple Ave.,2,1,US-101 N,Mostly Cloudy,55.4
2017-04-24 22:00:00,61.94,Normal traffic flow,0,0,,Clear,58.4
2017-04-24 23:00:00,61.65,Normal traffic flow,0,0,,Clear,58.4
2017-04-25 00:00:00,61.12,Accident on CA-237 Westbound at Exit 4 Fair Oaks Ave. | Lane blocked due to accident on CA-85 Southbound at Exits 10 11A CA-17.,2,2,"CA-237 W, CA-17 S",Mostly Cloudy,54.5
2017-04-25 01:00:00,60.79,Normal traffic flow,0,0,,Clear,58.4
2017-04-25 02:00:00,60.84,Normal traffic flow,0,0,,Clear,58.4
2017-04-25 03:00:00,61.02,Normal traffic flow,0,0,,Clear,58.4
2017-04-25 04:00:00,62.98,At US-101 - Accident.,2,1,San Francisco-Oakland Bay Bridge,Mostly Cloudy,53.1
2017-04-25 05:00:00,64.58,At Treasure Island Rd - Accident. Left lane blocked.,2,1,I-80 W,Overcast,55.9
2017-04-25 06:00:00,47.24,Ramp to Airport Blvd - Accident. Right lane blocked.,2,1,I-380 E,Mostly Cloudy,53.1
2017-04-25 07:00:00,27.63,At Hesperian Blvd - Accident. | At Oakland Rd - Accident.,3,2,"I-880 N, US-101 N",Mostly Cloudy,56.0
2017-04-25 08:00:00,25.93,Lane blocked due to accident on I-380 Eastbound at Exit 6A US-101. | Ramp to Exit 16A - Accident. Left lane blocked.,3,6,"US-101 N, I-238 N, I-680 S",Mostly Cloudy,57.3
2017-04-25 09:00:00,25.95,Right hand shoulder blocked due to accident on I-880 Northbound at Exit 16 Stevenson Blvd. | Accident on I-680 Southbound at Exit 45A Main St.,3,5,"Nimitz Fwy N, S Main St, I-880 N",Mostly Cloudy,59.0
2017-04-25 10:00:00,54.12,Accident on Via Estrella at Via Coralla. | #5 &amp; #6 lane blocked and right hand shoulder blocked due to accident on I-880 Northbound at Exits 30 31A I-238.,3,9,"Via Estrella, I-880 N, San Francisco-Oakland Bay Brg E",Mostly Cloudy,60.3
2017-04-25 11:00:00,61.18,#1 lane blocked due to accident on I-238 Northbound at Exits 16A 16B I-880. | Accident on I-580 Westbound at Exits 34 35 I-238.,3,8,"Nimitz Fwy S, I-580 W, Walnut Ave",Clear,62.6
2017-04-25 12:00:00,60.78,Right hand shoulder blocked due to accident on I-580 Westbound near Exit 7A Western Dr. | Slow lane blocked due to accident on I-580 Westbound at Exit 23 Fruitvale Ave.,3,11,"Richmond-San Rafael Brg, I-580 W, Market St",Mostly Cloudy,63.3
2017-04-25 13:00:00,61.47,Accident on Moraga Ave between Graham St and Montgomery St. | Accident on US-101 Southbound at Exit 403 Bayshore Rd.,3,6,"Moraga Ave, Bayshore Fwy S, Tiburon Blvd",Mostly Cloudy,64.9
2017-04-25 14:00:00,60.74,Right hand shoulder blocked due to accident on US-101 Southbound at Exits 388B 388C I-880.,2,1,Bayshore Fwy S,Mostly Cloudy,66.9
2017-04-25 15:00:00,60.47,At San Pedro Rd - Accident.,2,1,US-101 N,Mostly Cloudy,64.4
2017-04-25 16:00:00,60.02,Ramp to I-680/Sinclair Fwy Southbound - Accident. | Ramp to I-680 Southbound and CA-4 Eastbound - Accident.,2,5,"I-680 S, CA-4 W, Warren Fwy N",Scattered Clouds,67.0
2017-04-25 17:00:00,60.8,At Andersen Dr - Accident. | At CA-242/Gregory Ln - Accident.,2,2,"US-101 N, I-680 N",Mostly Cloudy,66.1
2017-04-25 18:00:00,61.83,At Santa Teresa Blvd/Exit 5A - Accident. | At Brokaw Rd - Accident.,2,3,"CA-85 S, I-880 S, CA-24 W",Mostly Cloudy,62.6
2017-04-25 19:00:00,62.42,Lane blocked due to accident on US-101 Northbound at Exits 404A 404B CA-114 Willow Rd. | Lane blocked due to accident on CA-13 Warren Fwy Northbound at Exits 5B 5C CA-24.,3,7,"US-101 N, Warren Fwy S, James Lick Fwy N",Mostly Cloudy,61.5
2017-04-25 20:00:00,62.08,Lane blocked due to accident on County Hwy-G4 San Tomas Expy Southbound at Moorpark Ave. | Two lanes blocked due to accident on I-80 Eastbound at Exits 2 2A Harrison St.,3,4,"Moorpark Ave, James Lick Fwy N, I-680 S",Mostly Cloudy,59.0
2017-04-25 21:00:00,62.25,Two lanes blocked due to accident on CA-87 Northbound at County Hwy-G8 Almaden Expy. | Lane blocked due to accident on CA-85 Southbound at Exits 24B 24C US-101.,2,2,"Highway 87 Bikeway, Bayshore Fwy S",Clear,57.4
2017-04-25 22:00:00,62.06,Lane blocked due to accident on I-280 Southbound at Exit 10 Wolfe Rd.,3,1,I-280 S,Clear,57.0
2017-04-25 23:00:00,61.62,Accident on CA-85 Southbound at I-280. | Right hand shoulder blocked due to accident on I-280 Southbound at Exit 10 Wolfe Rd.,3,2,I-280 S,Clear,57.0
2017-04-26 00:00:00,61.27,Right hand shoulder blocked due to accident on CA-85 Northbound at Exits 18 19 Stevens Creek Blvd. | Accident on Alcosta Blvd Southbound at San Ramon Rd.,2,3,"Norman Y Mineta Hwy, Alcosta Blvd, Bayshore Fwy S",Overcast,56.7
2017-04-26 01:00:00,60.85,Normal traffic flow,0,0,,Clear,58.4
2017-04-26 02:00:00,60.91,Accident on Redwood Gulch Rd both ways at CA-9 Big Basin Way.,2,1,Big Basin Way,Overcast,57.9
2017-04-26 03:00:00,61.21,Right hand shoulder blocked due to accident on US-101 Southbound at CA-85 Exits 24B 24C.,2,1,US-101 N,Partly Cloudy,57.0
2017-04-26 04:00:00,62.68,Normal traffic flow,0,0,,Clear,58.4
2017-04-26 05:00:00,63.57,Normal traffic flow,0,0,,Clear,58.4
2017-04-26 06:00:00,43.24,At Caldecott Tunnel - Accident.,2,1,Grove Shafter Fwy E,Overcast,59.0
2017-04-26 07:00:00,23.18,At Army St/Potrero Ave - Accident. Left lane blocked.,2,1,23rd St,Overcast,60.1
2017-04-26 08:00:00,26.07,At Skyport Dr/Exit 8 - Accident.,2,1,Guadalupe Pkwy N,Overcast,62.1
2017-04-26 09:00:00,44.37,Two lanes blocked due to accident on CA-24 Eastbound in Canyon. | Accident on I-580 Westbound at Exit 44A San Ramon Rd.,3,2,"Grove Shafter Fwy E, I-580 W",Light Rain,59.0
2017-04-26 10:00:00,60.92,Right hand shoulder blocked due to multi-vehicle accident on I-880 Northbound at Exit 28 Winton Ave. | Accident on CA-1 Northbound at Skyline Blvd.,3,7,"I-880 N, Cabrillo Hwy N, Five Canyons Pkwy",Overcast,60.7
2017-04-26 11:00:00,62.78,Accident on CA-1 Southbound at Serramonte Blvd. | #1 lane blocked due to accident on US-101 Southbound at Exit 432 Potrero Ave.,3,9,"Coast Hwy, James Lick Fwy S, I-880 N",Overcast,62.8
2017-04-26 12:00:00,67.36,Accident on I-580 Eastbound at Exit 39 Eden Canyon Rd. | #2 and #3 lane blocked due to accident on CA-87 Guadalupe Pkwy Northbound at Exit 8 Skyport Dr.,3,7,"I-580 E, Guadalupe Pkwy N, I-80 W",Overcast,64.8
2017-04-26 13:00:00,67.38,#1 lane blocked due to accident on CA-92 San Mateo Bridge Westbound before Chess Dr. | Right lane blocked and heavy traffic due to accident on I-580 Westbound at Exit 45 Hopyard Rd.,3,3,"J Arthur Younger Fwy W, I-580 E, Stanley Blvd",Overcast,64.1
2017-04-26 14:00:00,66.83,Right hand shoulder blocked due to accident on I-280 Southbound at Exits 49 49B CA-1. | At CA-185/14th St/Mission Blvd - Accident.,3,4,"John Daly Blvd, I-238 S, Nimitz Fwy S",Mostly Cloudy,66.2
2017-04-26 15:00:00,66.02,At Wolfe Rd - Accident. | At Monte Mar Dr - Accident.,2,5,"I-280 S, CA-1 S, Whipple Rd",Overcast,65.6
2017-04-26 16:00:00,64.76,At CA-13/Ashby Ave/Bay St - Accident. | At Grand Ave (Oakland) - Accident.,2,6,"Eastshore Fwy W, I-580 E, I-680 N",Overcast,63.7
2017-04-26 17:00:00,60.75,Two lanes blocked due to accident on I-238 Southbound at Exits 16A 16B I-880. | At Bay Brg - Accident.,3,5,"I-238 S, I-80 W, US-101 N",Overcast,62.0
2017-04-26 18:00:00,61.95,Lane blocked due to accident on I-280 Southbound at Exit 10 Wolfe Rd. | Lane blocked due to accident on I-880 Northbound at Exits 12 12A 12B CA-262 Mission Blvd.,3,7,"I-280 S, I-880 N, US-101 S",Mostly Cloudy,61.7
2017-04-26 19:00:00,62.11,Lane blocked due to accident on I-580 Eastbound at Exit 22 MacArthur Blvd. | Lane blocked due to accident on I-580 Westbound at Exit 23 Fruitvale Ave.,3,8,"Park Blvd, I-580 W, I-580 E",Mostly Cloudy,59.1
2017-04-26 20:00:00,61.69,Lane blocked due to accident and spillage on US-101 Northbound at Exit 450B Sir Francis Drake Blvd.,2,1,US-101 N,Scattered Clouds,57.2
2017-04-26 21:00:00,61.84,Lane blocked due to accident on I-80 Westbound at Exits 1 1C Bryant St. | Lane blocked due to accident on US-101 Southbound at Exit 402 Embarcadero Rd.,3,2,"I-80 W, Bayshore Fwy S",Mostly Cloudy,57.4
2017-04-26 22:00:00,62.16,Lane blocked due to accident on CA-92 San Mateo Rd Westbound at Pilarcitos Creek Rd. | Two lanes blocked due to accident on I-280 Northbound at Exit 9 Stevens Creek Blvd.,3,2,"San Mateo Rd, Junipero Serra Fwy N",Mostly Cloudy,57.2
2017-04-26 23:00:00,61.26,Normal traffic flow,0,0,,Clear,58.4
2017-04-27 00:00:00,61.15,Normal traffic flow,0,0,,Clear,58.4
2017-04-27 01:00:00,60.88,Normal traffic flow,0,0,,Clear,58.4
2017-04-27 02:00:00,60.93,Right lane blocked due to accident on I-280 Northbound at Exits 54 54A 54B US-101. | Lane blocked due to accident on CA-92 Eastbound at Exits 12A 12B CA-82 El Camino Real.,3,4,"I-280 S, S El Camino Real, Nimitz Fwy S",Mostly Cloudy,54.6
2017-04-27 03:00:00,61.23,Right hand shoulder blocked due to accident and vehicles spun around on CA-92 Westbound at Exit 9B De Anza Blvd. | Right hand shoulder blocked due to accident on I-880 Southbound at Exit 21 Decoto Rd.,3,3,"De Anza Blvd, Nimitz Fwy S, Bay Shore Blvd",Mostly Cloudy,54.2
2017-04-27 04:00:00,62.8,Right hand shoulder blocked due to accident on I-80 Westbound at Exits 16 16B Barrett Ave.,3,1,I-80 W,Clear,53.1
2017-04-27 05:00:00,64.63,Right hand shoulder blocked due to accident on I-680 Northbound after Livorna Rd. | At Winton Ave - Accident. Right lane blocked.,3,3,"I-680 N, Nimitz Fwy S, Bayshore Fwy S",Partly Cloudy,53.0
2017-04-27 06:00:00,49.03,At San Mateo Bridge - Accident. | At Airport Blvd/Broadway/Exit 419B - Accident.,3,2,"J Arthur Younger Fwy W, Bayshore Fwy S",Scattered Clouds,53.5
2017-04-27 07:00:00,26.02,Accident on US-101 at Airport Blvd. | At CA-87/Guadalupe Pky - Accident.,2,4,"Bayshore Fwy S, US-101 N, J Arthur Younger Fwy W",Mostly Cloudy,55.2
2017-04-27 08:00:00,24.92,Right hand shoulder blocked due to accident on San Pablo Dam Rd at Castro Ranch Rd. | Right lane blocked due to accident on I-880 Southbound at Exit 28 Winton Ave.,3,7,"Castro Ranch Rd, Nimitz Fwy S, I-580 E",Mostly Cloudy,57.9
2017-04-27 09:00:00,23.3,Accident on I-880 Northbound at Exit 29 A St. | Accident on I-580 Westbound at Exits 2 2B Main St.,3,11,"I-880 N, I-580 W, J Arthur Younger Fwy W",Mostly Cloudy,60.2
2017-04-27 10:00:00,36.77,Middle lane blocked due to accident on US-101 Northbound at Exit 422 Airport Access Rd. | Accident on CA-92 Jackson St at CA-185 Mission Blvd.,3,10,"US-101 N, Jackson St, CA-237 W",Mostly Cloudy,62.2
2017-04-27 11:00:00,62.31,Accident on US-101 Westbound at Exit 414B CA-92. | Accident on I-580 Eastbound at Exits 29 29A 98th Ave.,3,9,"J Arthur Younger Fwy W, I-580 E, Guadalupe Pkwy N",Partly Cloudy,63.9
2017-04-27 12:00:00,61.56,Right hand shoulder blocked due to accident on I-80 Westbound at El Portal Dr. | Accident on 16th Ave Northbound at Embarcadero.,3,11,"I-80 W, 16th Ave, I-680 S",Clear,66.9
2017-04-27 13:00:00,62.42,Right hand shoulder blocked due to accident on I-580 Westbound at Gilman St. | Middle lane blocked due to accident on US-101 Northbound at Exit 394 County Hwy-G2 Lawrence Expy.,3,6,"Eastshore Fwy W, US-101 N, Sinclair Fwy N",Scattered Clouds,67.4
2017-04-27 14:00:00,62.08,Accident on US-101 Northbound at County Hwy-G4 Montague Expy. | At I-880/Nimitz Fwy - Accident.,2,4,"US-101 N, Stevenson Blvd, James Lick Fwy N",Scattered Clouds,69.8
2017-04-27 15:00:00,60.02,Lane blocked due to accident on I-580 Westbound at Exits 8B 19A I-80 I-580. | At CA-13/Ashby Ave/Bay St - Accident.,3,3,"I-580 W, Southbay Fwy",Mostly Cloudy,67.3
2017-04-27 16:00:00,60.61,At I-680 - Accident. | At Crow Canyon Rd - Accident.,2,3,"I-580 E, I-680, I-80 E",Clear,70.4
2017-04-27 17:00:00,61.62,At El Charro Rd/Fallon Rd - Accident. | At Sausalito Lateral Rd - Accident.,2,8,"I-580 E, US-101 S, Bayshore Fwy S",Clear,66.7
2017-04-27 18:00:00,62.48,Lane blocked due to accident on I-80 I-580 Eastbound at Exit 10 I-580. | Lane blocked due to accident on CA-237 Eastbound at Exit 5 County Hwy-G2 Lawrence Expy.,3,5,"I-580 W, Southbay Fwy, Norman Y Mineta Hwy",Clear,65.2
2017-04-27 19:00:00,63.3,Lane blocked due to accident on I-580 Eastbound at Exits 44B 45 I-680. | Lane blocked due to accident on US-101 Southbound at Exit 443 Monte Mar Dr.,3,6,"I-680 N, US-101 S, I-580 W",Scattered Clouds,60.6
2017-04-27 20:00:00,61.85,Lane blocked due to accident on US-101 Southbound at Exits 398 398A Moffett Blvd. | Lane blocked due to accident on US-101 Southbound at Exit 397 Ellis St.,3,7,"Bayshore Fwy S, Foothill Blvd, Junipero Serra Fwy N",Clear,58.7
2017-04-27 21:00:00,62.68,Lane blocked on entry ramp due to accident on I-580 Eastbound at Exit 48 El Charro Rd. | Lane blocked due to accident on I-80 Eastbound at Exit 20 Blume Dr.,3,2,"I-580 E, I-80 E",Clear,57.4
2017-04-27 22:00:00,62.34,Lane blocked due to accident on CA-87 Guadalupe Pkwy Southbound at Exit 6B Julian St. | Lane blocked due to debris on road and accident on I-80 I-580 Eastbound at Exit 9 I-580.,3,4,"Guadalupe Pkwy S, I-580 W, James Lick Fwy N",Clear,57.9
2017-04-27 23:00:00,61.7,Normal traffic flow,0,0,,Clear,58.4
2017-04-28 00:00:00,61.52,Right hand shoulder blocked due to multi-vehicle accident on I-880 Northbound at Exit 29 A St.,3,1,I-880 N,Clear,55.0
2017-04-28 01:00:00,61.0,#1 lane blocked due to recovery work and accident on I-80 I-580 Eastbound at Exit 11 I-580. On the median. | One lane blocked due to accident on CA-13 Warren Fwy Northbound at Thornhill Dr.,3,2,"I-580 W, Warren Fwy N",Partly Cloudy,55.9
2017-04-28 02:00:00,60.92,One lane blocked due to accident on I-880 Northbound around Exit 39A Elmwood Ave. | Accident on I-880 Northbound at Exit 38 CA-77 42nd Ave.,3,3,"I-880 N, 42nd Ave, Cornell St",Partly Cloudy,55.6
2017-04-28 03:00:00,61.28,Lane blocked due to accident on 8th St both ways around Heron St.,2,1,8th St,Clear,51.1
2017-04-28 04:00:00,62.1,Lane blocked due to recovery work and accident on I-880 Northbound at Exit 34 CA-61 Davis St. | Lane blocked due to accident on US-101 Northbound at Exits 385A 385B I-680.,3,2,"I-880 N, I-680 N",Clear,49.1
2017-04-28 05:00:00,62.61,Right hand shoulder blocked due to accident on I-880 Northbound at Decoto Rd.,3,1,I-880 N,Clear,48.2
2017-04-28 06:00:00,48.99,Right hand shoulder blocked due to accident on US-101 Southbound before CA-92 .,2,1,Bayshore Fwy S,Clear,51.8
2017-04-28 07:00:00,27.0,At I-580/CA-238 - Accident. | At Milton Dr - Accident.,2,4,"I-238 N,  San Pablo Dam Rd, Sinclair Fwy N",Clear,53.5
2017-04-28 08:00:00,27.97,Accident on Alameda de Las Pulgas at CA-84 Woodside Rd. | Right hand shoulder blocked due to accident on I-880 Southbound at Exit 21 Decoto Rd.,3,5,"Alameda de Las Pulgas, Nimitz Fwy S, I-880 N",Clear,59.2
2017-04-28 09:00:00,24.71,Right hand shoulder blocked due to accident on I-880 Southbound at Exit 37 66th Ave. | Right hand shoulder blocked due to accident on I-880 Southbound at Exit 19 Thornton Ave.,3,2,"I-880 S, Nimitz Fwy S",Partly Cloudy,58.6
2017-04-28 10:00:00,36.5,#1 lane blocked due to accident on I-580 Westbound at Exit 50 CA-84 Airway Blvd. | Accident on Rollingwood Dr at Devon Way.,3,8,"I-580 W, Devon Way, US-101 N",Clear,63.9
2017-04-28 11:00:00,62.0,Right hand shoulder blocked due to accident on I-80 Eastbound at Exits 16 16B Barrett Ave. | Right hand shoulder blocked due to accident on Edgewood Rd at Cordilleras Rd.,3,9,"I-80 E, Edgewood Rd, CA-85 S",Clear,65.9
2017-04-28 12:00:00,61.89,#3 lane blocked due to accident on I-580 Westbound at Exit 23 Fruitvale Ave. | Right hand shoulder blocked due to accident and spillage on CA-87 Northbound at Exits 1 1D Capitol Expy.,3,10,"I-580 W, Guadalupe Fwy N, US-101 N",Clear,69.2
2017-04-28 13:00:00,62.05,Accident on I-880 Northbound at Exit 35 98th Ave. | Right hand shoulder blocked due to accident on I-880 Northbound at Exit 29 A St.,3,8,"Nimitz Fwy S, I-880 N, San Francisco-Oakland Bay Brg E",Scattered Clouds,71.0
2017-04-28 14:00:00,62.28,Accident on US-101 Southbound at Exit 426 Sierra Point Pkwy. | #1 lane blocked due to accident on I-80 I-580 Westbound at University Ave.,2,2,"Bayshore Fwy S, Eastshore Fwy W",Scattered Clouds,67.0
2017-04-28 15:00:00,59.71,At Meridian Ave - Accident. | Ramp to US-101/Bayshore Fwy Southbound - Accident.,2,6,"Sinclair Fwy N, Oregon Expy, CA-85 S",Partly Cloudy,73.5
2017-04-28 16:00:00,61.34,Two lanes blocked due to accident on County Hwy-G4 San Tomas Expy Northbound at Moorpark Ave. | Lane blocked due to accident on I-580 Eastbound at Exit 32 Foothill Blvd.,3,5,"Moorpark Ave, MacArthur Fwy E, Eastshore Fwy W",Scattered Clouds,72.0
2017-04-28 17:00:00,61.41,Lane blocked due to accident on I-880 Northbound at Exits 30 31A I-238. | Lane blocked due to accident on I-680 Southbound at Exits 49 49A 49B 50 CA-242.,3,4,"I-880 N, I-680 S, US-101 N",Clear,71.6
2017-04-28 18:00:00,62.02,Lane blocked due to accident on US-101 Southbound at Exit 430A Mansell St. | Lane blocked due to accident on I-880 Southbound at Exit 39A Elmwood Ave.,3,11,"James Lick Fwy S, I-880 N, I-680 S",Clear,67.5
2017-04-28 19:00:00,62.76,Lane blocked due to accident on I-280 Southbound at Exits 1C 5A 5B CA-17. | Two lanes blocked due to accident on I-880 Southbound at Exit 17 Mowry Ave.,3,3,"I-280 S, Nimitz Fwy S, J Arthur Younger Fwy W",Clear,63.0
2017-04-28 20:00:00,62.37,Lane blocked due to accident on US-101 Northbound at Exit 414B CA-92. | Lane blocked due to accident on US-101 Northbound at Francisco Blvd.,2,3,"US-101 N, US-101 S, Bayshore Fwy S",Clear,60.2
2017-04-28 21:00:00,62.78,Lane blocked due to accident on I-680 Southbound at Exit 8 CA-237 Calaveras Blvd.,3,1,E Calaveras Blvd,Partly Cloudy,57.9
2017-04-28 22:00:00,62.61,Lane blocked due to accident on US-101 Northbound at Exit 408 Woodside Rd. | Lane blocked due to accident on CA-92 Westbound at Exits 8 8A 8B I-280.,2,2,"US-101 N, CA-92",Clear,60.8
2017-04-28 23:00:00,62.03,Normal traffic flow,0,0,,Clear,58.4
2017-04-29 00:00:00,61.69,Normal traffic flow,0,0,,Clear,58.4
2017-04-29 01:00:00,61.21,Normal traffic flow,0,0,,Clear,58.4
2017-04-29 02:00:00,61.01,Accident on US-101 Northbound at US-101 Exits 449 449A / Tamalpais Dr. | Right hand shoulder blocked and left hand shoulder blocked due to accident on US-101 Northbound at County Hwy-G2 Lawrence Expy.,2,2,US-101 N,Clear,57.8
2017-04-29 03:00:00,60.98,Normal traffic flow,0,0,,Clear,58.4
2017-04-29 04:00:00,61.41,Right hand shoulder blocked due to accident on US-101 Southbound at Bowers Ave.,2,1,Bayshore Fwy S,Clear,55.0
2017-04-29 05:00:00,62.5,Accident on CA-92 Jackson St Eastbound at Exits 26A 26B I-880. | Slow lane blocked due to accident on CA-85 Northbound at Exit 11B Winchester Blvd.,2,2,"W Jackson St, CA-85 N",Clear,55.0
2017-04-29 06:00:00,62.39,Normal traffic flow,0,0,,Clear,58.4
2017-04-29 07:00:00,62.84,Normal traffic flow,0,0,,Clear,58.4
2017-04-29 08:00:00,61.77,Normal traffic flow,0,0,,Clear,58.4
2017-04-29 09:00:00,60.56,Normal traffic flow,0,0,,Clear,58.4
2017-04-29 10:00:00,59.74,Accident on CA-1 Cabrillo Hwy at Furtado Ln.,2,1,Furtado Ln,Haze,59.0
2017-04-29 11:00:00,60.0,Normal traffic flow,0,0,,Clear,58.4
2017-04-29 12:00:00,60.12,Accident on I-280 Southbound at Exit 33 CA-92. | Right hand shoulder blocked due to accident on I-880 Northbound at Exit 36 Hegenberger Rd.,3,2,"I-280 S, I-880 N",Clear,74.8
2017-04-29 13:00:00,60.13,Two lanes blocked and right hand shoulder blocked due to accident on I-80 Westbound at Exit 15 Cutting Blvd. | Accident on Amador St Southbound at Esmond Ave.,3,2,"I-80 W, Amador St",Clear,78.1
2017-04-29 14:00:00,60.89,Right lane blocked due to accident on Danville Blvd at Stone Valley Rd.,2,1,Stone Valley Rd,Clear,81.0
2017-04-29 15:00:00,60.85,One lane blocked due to accident on US-101 Northbound at Exit 443 Monte Mar Dr. | Right hand shoulder blocked due to multi-vehicle accident on US-101 Southbound at Exit 392 County Hwy-G4 San Tomas Expy. Emergency vehicles at scene.,3,3,"US-101 N, Bayshore Fwy S, I-580 W",Clear,77.1
2017-04-29 16:00:00,60.66,Accident on San Pedro Rd Northbound at US-101. | Accident on I-580 Eastbound at Exits 30 31A MacArthur Blvd.,3,3,"US-101 N, I-580 E, I-680 S",Clear,76.3
2017-04-29 17:00:00,60.28,Right hand shoulder blocked due to accident on US-101 Northbound at Exits 430A 430B 431 I-280. | Two lanes blocked due to accident on I-680 Southbound at Exit 36 Crow Canyon Rd.,3,5,"James Lick Fwy N, I-680 S, I-80 E",Clear,74.1
2017-04-29 18:00:00,60.98,Accident on I-580 Eastbound at Exit 37 Grove Way.,3,1,Grove Way,Clear,72.0
2017-04-29 19:00:00,61.22,At 7th St - Accident. | At Hacienda Dr - Accident.,2,2,"I-880 N, I-580 W",Clear,65.5
2017-04-29 20:00:00,61.26,Accident on I-80 Eastbound at Exit 22 Pinole Valley Rd. | Accident on US-101 Southbound at Exit 439 Transit Transfer Facility.,3,3,"I-80 E, Golden Gate Brg S, I-680 N",Clear,65.6
2017-04-29 21:00:00,62.47,Right hand shoulder blocked due to accident on I-280 Northbound at Exit 36 Golf Course Dr. | Accident on I-880 Northbound at Exit 15 Auto Mall Pkwy.,3,4,"Junipero Serra Fwy N, I-880 N, I-580 E",Clear,59.7
2017-04-29 22:00:00,62.84,Accident on I-680 Southbound at Exits 45B 46A 46B CA-24.,3,1,I-680 S,Clear,66.9
2017-04-29 23:00:00,62.19,Accident on Brookside Dr at Giant Rd. | Between CA-9 and Lark Ave - Accident.,2,2,"Brookside Dr, CA-17 S",Clear,58.6
2017-04-30 00:00:00,61.8,Accident on I-80 Westbound at Exit 18 San Pablo Dam Rd. | Accident on CA-85 Southbound at Exits 5A 5B CA-87.,3,4,"I-80 E, Norman Y Mineta Hwy, I-680 N",Clear,54.0
2017-04-30 01:00:00,61.4,Normal traffic flow,0,0,,Clear,58.4
2017-04-30 02:00:00,60.99,Right hand shoulder blocked due to accident on CA-17 Northbound at CA-9 Los Gatos Saratoga Rd.,2,1,CA-17 S,Clear,55.9
2017-04-30 03:00:00,60.92,#1 lane blocked due to accident on I-80 Westbound at Treasure Is. | At Marina Blvd - Accident.,3,2,"James Lick Fwy N, Nimitz Fwy S",Clear,54.0
2017-04-30 04:00:00,61.2,Accident on I-80 Westbound at Exits 8A 8B I-880. | Right hand shoulder blocked due to accident on US-101 Northbound at Alemany Blvd.,3,2,"I-80 W, James Lick Fwy N",Clear,52.6
2017-04-30 05:00:00,61.69,HOV lane blocked due to accident on I-80 I-580 Eastbound at Exit 11 I-580. | #1 lane blocked due to accident on I-880 Southbound at Exits 33A 33B Marina Blvd.,3,2,"I-580 W, Marina Blvd",Clear,54.0
2017-04-30 06:00:00,61.98,Slow lane blocked and right hand shoulder blocked due to accident on I-80 Eastbound at 4th St. | #1 lane blocked due to accident on I-80 Eastbound at El Portal Dr.,3,2,"James Lick Fwy N, I-80 E",Clear,52.6
2017-04-30 07:00:00,61.52,Normal traffic flow,0,0,,Clear,58.4
2017-04-30 08:00:00,62.44,Big rig accident and fuel spillage on I-880 Northbound at Exit 44 Frontage Rd. | Accident on I-580 Eastbound at Exits 26 26A 26B Mountain Blvd.,3,2,"I-880 N, I-580 E",Clear,60.6
2017-04-30 09:00:00,61.93,Accident on US-101 Southbound before Exit 432 Potrero Ave.,2,1,James Lick Fwy S,Clear,61.0
2017-04-30 10:00:00,62.06,Accident on US-101 Eastbound at Exits 391A 391B Trimble Rd.,2,1,Trimble Rd,Clear,70.0
2017-04-30 11:00:00,60.13,Normal traffic flow,0,0,,Clear,58.4
2017-04-30 12:00:00,59.41,Accident on CA-17 Southbound at I-880.,2,1,CA-17 S,Clear,75.0
2017-04-30 13:00:00,60.4,Accident on I-280 Northbound at Exits 1C 5A 5B CA-17.,3,1,Sinclair Fwy N,Clear,78.1
2017-04-30 14:00:00,59.92,Accident on Pescadero Creek Rd at Pescadero Rd.,2,1,Pescadero Rd,Clear,75.2
2017-04-30 15:00:00,60.02,Right hand shoulder blocked due to accident on County Hwy-G4 San Tomas Expy at Pruneridge Ave. | Right hand shoulder blocked due to accident on 166th Ave at Foothill Blvd.,2,2,"San Tomas Expy, Foothill Blvd",Clear,75.4
2017-04-30 16:00:00,60.48,One lane blocked due to accident on I-980 Westbound at Exits 2A 2B I-580. | Accident on CA-17 at Exits 21 22 Lark Ave.,3,2,"I-580 E, Lark Ave",Clear,72.5
2017-04-30 17:00:00,60.85,Right hand shoulder blocked due to accident on I-80 Westbound at Exit 13 I-580.,3,1,I-580 W,Clear,69.1
2017-04-30 18:00:00,61.93,One lane blocked due to accident on I-880 Southbound at Exit 41B I-980. | Accident on I-980 Westbound at Exits 2A 2B I-580.,3,3,"Webster Street Tube, CA-24 W, Olivera Rd",Clear,70.7
2017-04-30 19:00:00,61.83,Right hand shoulder blocked due to accident on I-80 I-580 Westbound at Exit 10 I-580. | Right hand shoulder blocked due to accident on CA-4 Eastbound at Exit 9 Alhambra Ave.,3,5,"I-580 W, John Muir Pkwy E, Montague Expy",Clear,65.8
2017-04-30 20:00:00,61.2,Accident on CA-24 Westbound at Exits 2 2B I-980. | Accident on I-280 Southbound at Exit 25 CA-84 Woodside Rd.,3,3,"I-580 W, Junipero Serra Fwy N, I-680 N",Clear,65.1
2017-04-30 21:00:00,61.82,Accident on US-101 Southbound at Exit 450B Sir Francis Drake Blvd. | Two lanes blocked due to accident on I-880 Southbound at Exit 41B I-980.,3,4,"US-101 S, I-980 W, Octavia St",Clear,59.7
2017-04-30 22:00:00,61.42,Accident on US-101 Southbound at Exit 432 Potrero Ave. | One lane blocked due to accident on I-880 Northbound at Exit 41A 6th St.,3,2,"James Lick Fwy S, 6th St",Clear,60.1
2017-04-30 23:00:00,61.72,Accident on CA-242 Northbound at Exit 1 Clayton Rd.,2,1,CA-242 S,Clear,66.0
2017-05-01 00:00:00,61.48,Accident on County Hwy-G4 San Tomas Expy at Monroe St.,2,1,Monroe St,Clear,60.1
2017-05-01 01:00:00,60.83,Accident on CA-237 Westbound at Exit 7 1st St. | Between Marina Blvd and CA-61/Davis St - Accident.,4,2,"N 1st St, Nimitz Fwy S",Clear,59.0
2017-05-01 02:00:00,60.99,Lane blocked due to accident on I-80 Eastbound at Exit 4A Treasure Is.,3,1,San Francisco-Oakland Bay Brg E,Clear,57.9
2017-05-01 03:00:00,61.14,Normal traffic flow,0,0,,Clear,58.4
2017-05-01 04:00:00,62.72,At Joaquin Miller Rd/Lincoln Ave - Accident.,2,1,Warren Fwy S,Clear,57.0
2017-05-01 05:00:00,63.15,Accident on Appian Way both ways at Fulton Way. | At I-280/I-680 - Accident.,2,3,"Appian Way, US-101 N, I-880 N",Clear,55.8
2017-05-01 06:00:00,44.99,At Fremont St/Harrison St - Accident.,2,1,I-80 W,Clear,55.0
2017-05-01 07:00:00,25.09,Right lane blocked due to accident on CA-13 Warren Fwy Southbound before Lincoln Ave. | Right hand shoulder blocked due to accident on I-80 Eastbound after Exit 4A Treasure Is.,3,4,"Warren Fwy S, San Francisco-Oakland Bay Brg E, I-580 E",Clear,59.2
2017-05-01 08:00:00,23.54,Right lane blocked due to accident on US-101 Northbound at I-280. | Accident on I-880 Northbound before 5th Ave.,3,6,"James Lick Fwy N, I-880 N, I-680 N",Clear,64.7
2017-05-01 09:00:00,24.33,Accident on Santa Clara St at Winton Ave. | Accident on Berger Dr near Oakland Rd.,3,7,"Santa Clara St, Oakland Rd, Toyon Ave",Clear,67.5
2017-05-01 10:00:00,52.18,Accident on I-580 Eastbound before Exit 21B Grand Ave. | Accident on I-580 Eastbound at Golf Links Rd.,3,14,"Grand Ave, I-580 E, I-680 N",Clear,71.4
2017-05-01 11:00:00,62.66,#1 #2 #3 and #4 lane blocked due to accident on US-101 Southbound before Exits 400A 400B Rengstorff Ave. | Accident on I-880 Northbound after Oak St.,3,5,"US-101 N, I-880 N, Stevens Creek Blvd",Clear,77.2
2017-05-01 12:00:00,61.82,#3 lane blocked due to accident on I-80 Westbound before Toll Plaza. | Restrictions on entry ramp due to accident on I-80 Westbound at Exit 21 Appian Way.,3,12,"I-80 W, Claremont Ave, N Capitol Ave",Clear,79.7
2017-05-01 13:00:00,62.46,Accident on CA-13 Warren Fwy Northbound before Exit 4 Moraga Ave. | Accident on I-580 Eastbound before Exit 32 Foothill Blvd. On the median.,3,9,"Warren Fwy N, I-580 E, Sinclair Fwy N",Clear,84.4
2017-05-01 14:00:00,62.82,Accident on I-880 Northbound before CA-237. | Right hand shoulder blocked due to accident on I-880 Southbound before Exit 34 CA-61 Davis St.,3,2,"Nimitz Fwy S, I-880 N",Clear,84.0
2017-05-01 15:00:00,61.66,#1 lane blocked due to accident on I-880 Northbound at Exit 7 County Hwy-G4 Montague Expy. | Accident on I-80 Westbound at Exits 8A 8B I-880.,3,8,"I-880 N, I-80 W, Bay Bridge Trl",Clear,81.6
2017-05-01 16:00:00,61.31,Accident on County Hwy-G2 Lawrence Expy at Kifer Rd. | Accident on I-880 Southbound at Exit 34 CA-61 Davis St.,3,10,"Lawrence Expy, Nimitz Fwy S, San Tomas Expy",Clear,84.8
2017-05-01 17:00:00,62.18,Lane blocked due to accident on US-101 Southbound at Exit 432 Potrero Ave. | Exit lane blocked due to accident on CA-242 Northbound at Exit 1C Concord Ave.,2,4,"James Lick Fwy S, CA-242 N, US-101 N",Clear,83.8
2017-05-01 18:00:00,62.82,#3 lane blocked due to accident on I-880 Southbound at Exits 1A 1B 1D Bascom Ave. | Lane blocked due to accident on MacDonald Ave Eastbound in Richmond.,3,3,"I-880 S, MacDonald Ave, CA-85 S",Clear,84.7
2017-05-01 19:00:00,63.29,Accident on I-680 Northbound at Exits 45B 46A 46B CA-24. | #6 lane blocked due to accident on US-101 Northbound at Exit 414B CA-92.,3,2,"I-680 N, US-101 N",Clear,82.4
2017-05-01 20:00:00,62.64,Accident on I-580 Westbound at Exit 44A San Ramon Rd. | At King Rd - Accident.,3,4,"I-580 W, I-680 N, Eastshore Fwy W",Clear,71.4
2017-05-01 21:00:00,62.17,Lane blocked due to accident on Decoto Rd Southbound at I-880.,2,1,Decoto Rd,Clear,68.0
2017-05-01 22:00:00,62.03,Lane blocked due to accident on Stevens Creek Blvd Northbound at Breech Ave.,2,1,Stevens Creek Blvd,Clear,68.0
2017-05-01 23:00:00,61.6,Normal traffic flow,0,0,,Clear,58.4
2017-05-02 00:00:00,61.15,Accident on I-280 Southbound at Exit 1A McLaughlin Ave. | Slow lane blocked due to accident on I-680 Southbound at Exit 14 Auto Mall Pkwy.,3,4,"I-280 S, I-680 S, Santa Clara St",Clear,62.0
2017-05-02 01:00:00,60.78,Normal traffic flow,0,0,,Clear,58.4
2017-05-02 02:00:00,60.79,Right hand shoulder blocked due to accident on I-80 I-580 Westbound at Exit 11 I-580. | Lane blocked due to accident on US-101 Northbound at Exits 388B 388C I-880.,3,3,"I-580 W, I-880 S, San Francisco-Oakland Bay Brg E",Clear,63.0
2017-05-02 03:00:00,61.08,Normal traffic flow,0,0,,Clear,58.4
2017-05-02 04:00:00,62.9,One lane blocked due to accident on US-101 Northbound at Exit 408 Woodside Rd.,2,1,Woodside Rd,Clear,62.6
2017-05-02 05:00:00,64.79,Ramp to CA-4 - Accident.,2,1,I-680 S,Clear,61.0
2017-05-02 06:00:00,43.23,At Appian Way - Accident. | Between Dumbarton Brg Toll Plaza and Dumbarton Brg (Menlo Park) - Accident.,2,2,"I-80 W, Bayfront Expy W",Clear,62.1
2017-05-02 07:00:00,26.82,Accident on US-101 Northbound at Embarcadero Rd. | Right hand shoulder blocked due to accident on I-280 Northbound before Exit 52 Bosworth St.,3,6,"Embarcadero Rd, John F Foran Fwy, Norman Y Mineta Hwy",Clear,63.0
2017-05-02 08:00:00,23.52,Lane blocked on entry ramp due to accident on I-680 Southbound at Exit 53 CA-4. | At San Pablo Dam Rd - Accident. Right lane blocked.,3,3,"I-680 S, I-80 W",Clear,71.0
2017-05-02 09:00:00,21.32,Restrictions on entry ramp due to accident on I-80 Westbound at Exit 21 Appian Way. | Accident on CA-85 Northbound before Exit 14 Saratoga Ave.,3,8,"I-80 W, Norman Y Mineta Hwy, I-580 W",Clear,72.1
2017-05-02 10:00:00,36.53,Restrictions on entry ramp due to accident on I-880 Northbound at Exit 35 98th Ave. | Accident on CA-85 Northbound at CA-87 . On the median.,3,13,"Nimitz Fwy S, Santa Teresa Blvd, Bayshore Fwy S",Partly Cloudy,76.2
2017-05-02 11:00:00,61.62,Accident on US-101 Southbound at San Pedro Rd. | Right hand shoulder blocked due to accident on I-880 Northbound after Exit 29 A St.,3,10,"N San Pedro Rd, I-880 N, I-80 W",Clear,80.1
2017-05-02 12:00:00,61.57,Lane blocked on entry ramp due to accident on I-580 Westbound at Canal Blvd. | Accident on Halsey Ave at Stanford Ave.,3,7,"Canal Blvd, Stanford Ave, US-101 S",Clear,85.0
2017-05-02 13:00:00,61.53,#4 lane blocked due to accident on I-580 Westbound before Park Blvd. | Right hand shoulder blocked due to accident on I-880 Southbound between Hesperian Blvd and Exit 29 A St.,3,7,"Park Blvd, W A St, Dixon Landing Rd",Clear,86.0
2017-05-02 14:00:00,61.18,#1 lane blocked due to accident on I-880 Southbound at I-238.,3,1,Nimitz Fwy S,Clear,86.0
2017-05-02 15:00:00,60.89,Accident on I-80 Eastbound at Exits 1 1C Bryant St. | Right lane blocked due to accident on I-580 Westbound at Exits 2 2B Main St.,3,3,"James Lick Fwy N, Main St, Nimitz Fwy S",Clear,84.1
2017-05-02 16:00:00,60.32,Lane blocked due to accident on CA-87 Southbound at County Hwy-G8 Almaden Expy.,2,1,Guadalupe Fwy S,Scattered Clouds,87.1
2017-05-02 17:00:00,61.25,Lane blocked due to accident on Kings Mountain Rd Southbound at Blue Jay Way. | At Richmond-San Rafael Brg - Accident.,2,3,"Kings Mountain Rd, Richmond-San Rafael Brg,  Industrial Blvd",Clear,83.0
2017-05-02 18:00:00,61.48,Lane blocked due to accident on I-280 Southbound at Exit 7 Saratoga Ave. | Accident on I-280 Southbound at Exits 43A 43B I-380.,3,4,"I-280 S, Nimitz Fwy S",Clear,76.0
2017-05-02 19:00:00,62.42,Lane blocked due to accident on I-880 Northbound at Exit 10 Dixon Landing Rd. | At High St - Accident.,3,2,"I-880 N, Nimitz Fwy N",Clear,69.4
2017-05-02 20:00:00,62.32,Right lane blocked due to accident on US-101 Van Ness Ave Northbound at Van Ness Ave. | #2 lane blocked due to accident on CA-4 Eastbound at Exit 11 Morello Ave.,3,3,"Central Fwy, John Muir Pkwy E, I-280 S",Clear,70.3
2017-05-02 21:00:00,62.08,Accident on US-101 Northbound at Exit 412 Ralston Ave. | Accident on US-101 Southbound at Exit 445B CA-1.,3,5,"US-101 N, US-101 S, Bayshore Fwy S",Clear,68.9
2017-05-02 22:00:00,61.72,Lane blocked due to accident on I-80 Eastbound at Exit 19A El Portal Dr. | #5 lane blocked due to accident on I-280 Southbound at Exits 3A 3B Bird Ave.,3,3,"I-80 E, I-280 S, I-880 N",Clear,69.7
2017-05-02 23:00:00,61.44,Right hand shoulder blocked due to accident on I-880 Northbound at Exit 21 Decoto Rd. | Accident on Grove Way at Redwood Rd.,3,3,"I-880 N, Grove Way, Grove Shafter Fwy E",Clear,65.3
2017-05-03 00:00:00,61.18,Right hand shoulder blocked due to accident on I-680 Southbound at Exit 29 Stoneridge Dr.,3,1,I-680 S,Clear,64.9
2017-05-03 01:00:00,60.97,Normal traffic flow,0,0,,Clear,58.4
2017-05-03 02:00:00,60.95,Lane blocked due to accident on US-101 Northbound at Exit 429A Alanna Way. | Accident on Spring St both ways around 10th Ave.,3,6,"Alanna Way, Spring St, Montague Expy",Clear,61.9
2017-05-03 03:00:00,61.19,Right hand shoulder blocked due to accident on I-880 Southbound at Exit 31B Washington Ave. | Lane blocked due to accident on CA-24 Eastbound at Exit 6 Caldecott Ln.,3,3,"Nimitz Fwy S, CA-24 W, Somerset Ave",Clear,63.7
2017-05-03 04:00:00,62.89,Normal traffic flow,0,0,,Clear,58.4
2017-05-03 05:00:00,60.46,Normal traffic flow,0,0,,Clear,58.4
2017-05-03 06:00:00,40.54,At Zanker Rd - Accident. Left lane blocked. Carpool lane blocked. | At A St - Accident. Left lane blocked.,2,4,"CA-237 W, Nimitz Fwy S, J Arthur Younger Fwy W",Clear,62.4
2017-05-03 07:00:00,25.36,At CA-92/Fashion Island Blvd/Exit 414B - Accident. Left lane blocked. | At Caldecott Tunnel - Accident.,3,6,"Bayshore Fwy S, Grove Shafter Fwy E, I-580 W",Clear,66.8
2017-05-03 08:00:00,24.58,#1 and hov lane blocked due to accident on CA-237 Westbound before Exit 8 Zanker Rd. | At Geneva Ave - Accident.,2,8,"CA-237 W, John F Foran Fwy, I-80 E",Clear,70.5
2017-05-03 09:00:00,22.71,Accident on I-880 Southbound before Exit 29 A St. On the median. | Accident on Dowe Ave near Arizona St.,3,8,"I-880 N, Dowe Ave, Foster City Blvd",Clear,73.6
2017-05-03 10:00:00,34.38,#1 lane blocked due to accident on US-101 Southbound before CA-92. | Gore point obstructed due to accident on I-80 I-580 Westbound before CA-13 Ashby Ave.,3,14,"Bayshore Fwy S, Eastshore Fwy W, Pinole Valley Rd",Clear,80.6
2017-05-03 11:00:00,62.27,#2 lane blocked due to accident on I-280 Northbound at Exit 51 Ocean Ave. | #1 lane blocked due to accident on I-580 Eastbound at Exit 36 Redwood Rd.,3,15,"Ocean Ave, I-580 E, I-880 N",Clear,82.4
2017-05-03 12:00:00,62.31,#1 lane blocked due to accident on I-280 Northbound before US-101. | Accident on I-280 Southbound after Meridian Ave.,3,8,"John F Foran Fwy, I-280 S, Bayshore Fwy S",Clear,83.2
2017-05-03 13:00:00,62.63,#3 lane blocked due to accident on I-580 Westbound before Exit 48 El Charro Rd. | #1 lane blocked due to accident on I-80 I-580 Westbound at University Ave.,3,7,"I-580 W, I-280 S, Nimitz Fwy S",Clear,88.4
2017-05-03 14:00:00,62.15,Restrictions on exit ramp due to accident on I-80 Westbound at Exit 19B Hilltop Dr. | Right hand shoulder blocked due to accident on I-680 Southbound before Mission Blvd.,3,5,"I-80 W, Mission Blvd, I-80 E",Clear,90.2
2017-05-03 15:00:00,60.39,#3 lane blocked due to accident on I-80 Westbound at Exits 8A 8B I-880. | At Sycamore Valley Rd - Accident.,3,2,"I-80 W, I-680 N",Clear,91.0
2017-05-03 16:00:00,60.98,Accident on I-880 Northbound at Exit 24 Whipple Rd. | At CA-131/Blithedale Ave/Tiburon B - Accident.,3,6,"I-880 N, US-101 N, I-580 W",Clear,88.7
2017-05-03 17:00:00,59.42,At El Portal Dr - Accident. | At N Main St - Accident.,2,4,"I-80 E, I-680 N, CA-24 W",Clear,91.9
2017-05-03 18:00:00,62.24,Left turn lane blocked due to accident on CA-82 El Camino Real at Howard Ave. | Accident on I-880 Northbound in Fremont.,3,7,"El Camino Real, I-880 N, Cooley Ave",Partly Cloudy,79.1
2017-05-03 19:00:00,62.42,Lane blocked due to accident on US-101 Northbound at Exits 447 447B CA-131 Blithedale Ave. | Slow lane blocked due to accident on US-101 Northbound at Exit 402 Embarcadero Rd.,2,5,"E Blithedale Ave, US-101 N, J Arthur Younger Fwy W",Partly Cloudy,68.9
2017-05-03 20:00:00,62.61,Queueing traffic and middle lane blocked due to accident on US-101 Northbound at Paul Ave. | Accident on I-680 Northbound at Exit 48 Main St.,3,3,"James Lick Fwy N, I-680 N, I-580 E",Clear,67.0
2017-05-03 21:00:00,62.07,Lane blocked due to accident on I-880 Southbound at Exit 21 Decoto Rd. | #1 lane blocked due to accident on US-101 Northbound at Exit 397 Ellis St.,3,4,"CA-84 E, US-101 N, I-880 N",Clear,68.4
2017-05-03 22:00:00,61.93,Lane blocked due to accident on I-880 Northbound at Exit 8A Great Mall Pkwy. | Lane blocked due to accident on Moorpark Ave at Bascom Ave.,3,3,"Great Mall Pkwy, S Bascom Ave, I-280 S",Partly Cloudy,66.2
2017-05-03 23:00:00,61.52,Slow traffic and 1st lane blocked due to accident on I-280 Southbound at Exit 36 Golf Course Dr. | Accident and vehicle fire on CA-92 Eastbound in Redwood City. Approach with care.,3,3,"I-280 S, CA-92 E, E Castro Valley Blvd",Clear,58.9
2017-05-04 00:00:00,61.22,3rd lane blocked due to accident on I-580 Eastbound at Exit 39 Eden Canyon Rd.,3,1,I-580 E,Clear,61.0
2017-05-04 01:00:00,60.81,Lane blocked due to recovery work and accident on Umbarger Rd both ways at Aiello Dr.,2,1,Umbarger Rd,Clear,62.6
2017-05-04 02:00:00,60.93,Lane blocked due to accident on CA-24 Eastbound at Exit 7A Old Tunnel Rd.,2,1,Fish Ranch Rd,Clear,62.1
2017-05-04 03:00:00,61.3,Lane blocked due to accident on CA-92 Jackson St Eastbound at Exits 26A 26B I-880.,2,1,Nimitz Fwy S,Clear,57.9
2017-05-04 04:00:00,62.68,Normal traffic flow,0,0,,Clear,58.4
2017-05-04 05:00:00,64.21,Normal traffic flow,0,0,,Clear,58.4
2017-05-04 06:00:00,44.21,Right hand shoulder blocked due to accident on I-880 Southbound at Exit 10 Dixon Landing Rd. | Right hand shoulder blocked due to accident on I-580 Eastbound at Exit 45 Hopyard Rd.,3,4,"Nimitz Fwy S, I-580 E, CA-242 N",Clear,60.6
2017-05-04 07:00:00,24.52,At CA-237/Mountain View Alviso Rd - Accident. | At Dyer St/Whipple Rd - Accident.,2,7,"Bayshore Fwy S, I-880 N, CA-84 W",Clear,59.1
2017-05-04 08:00:00,21.53,At Central Ave - Accident. Left lane blocked. | At Oak St - Accident. Right lane blocked.,2,8,"I-80 E, I-880 N, W Jackson St",Clear,64.3
2017-05-04 09:00:00,21.52,Lane blocked on exit ramp due to accident on US-101 Southbound at Mathilda Ave. | Right hand shoulder blocked due to accident on I-580 Westbound between Livermore Ave and Exit 51 Isabel Ave.,3,9,"N Mathilda Ave, Isabel Ave, I-680 S",Clear,65.9
2017-05-04 10:00:00,30.34,Accident on I-280 Northbound after Exit 41 Larkspur Dr. On the median. | Accident on US-101 Southbound before CA-114 Willow Rd.,3,16,"Junipero Serra Fwy N, Bayshore Fwy S, I-880 N",Partly Cloudy,67.3
2017-05-04 11:00:00,62.38,Accident on I-880 Northbound before Oak St. | Right hand shoulder blocked due to accident on I-880 Southbound before Exit 26 Tennyson Rd.,3,8,"Nimitz Fwy S, W Tennyson Rd, CA-85 S",Partly Cloudy,71.2
2017-05-04 12:00:00,62.71,Accident on County Hwy-G2 Lawrence Expy Northbound after Arques Ave. | #2 lane blocked due to accident on US-101 Southbound at I-580. SigAlert issued.,3,4,"E Arques Ave, US-101 N, N 1st St",Clear,72.8
2017-05-04 13:00:00,62.76,Accident on I-580 Westbound after Exits 27 27B Mountain Blvd. | Accident on I-280 Northbound after Exit 16 El Monte Rd.,3,4,"Keller Ave, I-280 S, Bayshore Fwy S",Scattered Clouds,70.7
2017-05-04 14:00:00,61.68,Accident on I-680 Southbound before Treat Blvd. | Accident on Shoreline Ct at Marina Blvd.,3,2,"I-680 S, Sierra Point Pkwy",Clear,74.0
2017-05-04 15:00:00,61.66,Right lane blocked due to accident on US-101 Southbound at Exit 429A Alanna Way.,2,1,Bayshore Fwy S,Mostly Cloudy,64.0
2017-05-04 16:00:00,62.65,#1 lane blocked due to accident on Castro Valley Blvd at Chester St. | At Tamalpais Dr - Accident.,2,2,"Chester St, US-101 S",Clear,69.7
2017-05-04 17:00:00,62.7,Normal traffic flow,0,0,,Clear,58.4
2017-05-04 18:00:00,63.18,#2 lane blocked due to accident on I-580 Westbound at Exits 8B 19A I-80 I-580. | At Metro Center Blvd - Accident.,3,4,"I-580 W,  Foster City Blvd, Bayshore Fwy S",Mostly Cloudy,64.6
2017-05-04 19:00:00,64.05,#1 &amp; #2 lane blocked due to accident on US-101 Southbound at Exits 447 447B CA-131 Blithedale Ave. | Lane blocked due to accident on I-880 Northbound at Exit 3 Airport Blvd.,3,4,"US-101 S, I-880 N, Little Branham Ln",Mostly Cloudy,60.4
2017-05-04 20:00:00,63.62,Right lane blocked due to accident on CA-17 Northbound at Hamilton Ave.,2,1,E Hamilton Ave,Mostly Cloudy,60.1
2017-05-04 21:00:00,62.07,Lane blocked due to accident on US-101 Southbound at Exit 417 Poplar Ave.,2,1,Bayshore Fwy S,Mostly Cloudy,55.0
2017-05-04 22:00:00,61.83,Lane blocked due to accident on I-680 Northbound at Exit 46 Hillside Ave. | Lane blocked due to accident on I-580 Eastbound at Exit 27A Edwards Ave.,3,3,"I-680 N, I-580 E, I-580 W",Clear,56.7
2017-05-04 23:00:00,61.64,Accident on County Hwy-G2 Lawrence Expy at Kifer Rd.,2,1,Lawrence Expy,Overcast,57.2
2017-05-05 00:00:00,61.18,Right hand shoulder blocked due to accident on I-880 Northbound at Exit 21 Decoto Rd. | Right hand shoulder blocked due to accident and vehicle fire on US-101 Northbound at Exit 426 Sierra Point Pkwy.,3,3,"I-880 N, US-101 N, W Calaveras Blvd",Overcast,56.3
2017-05-05 01:00:00,61.09,Right hand shoulder blocked due to accident on I-880 Southbound at Exit 26 Tennyson Rd. | #1 lane blocked due to accident on US-101 Southbound at Exit 389 Brokaw Rd.,3,2,"Nimitz Fwy S, Bayshore Fwy S",Overcast,57.4
2017-05-05 02:00:00,60.88,Slow lane blocked due to accident on CA-24 Eastbound at Exit 6 Caldecott Ln. | Slow lane blocked and right hand shoulder blocked due to accident on I-880 Southbound at Exit 29 A St.,3,3,"CA-24 W, I-880 N, S 11th St",Overcast,57.3
2017-05-05 03:00:00,60.95,Normal traffic flow,0,0,,Clear,58.4
2017-05-05 04:00:00,61.88,Normal traffic flow,0,0,,Clear,58.4
2017-05-05 05:00:00,62.07,Accident on I-680 Northbound at Exit 46 Hillside Ave. | Middle lane blocked due to accident on I-680 Northbound at Exit 26 Bernal Ave.,3,4,"I-680 N, Golden Gate Brg S, Norman Y Mineta Hwy",Overcast,54.8
2017-05-05 06:00:00,47.33,Normal traffic flow,0,0,,Clear,58.4
2017-05-05 07:00:00,28.42,Lane blocked on exit ramp due to accident on I-80 Westbound at Harrison St.,3,1,I-80 W,Overcast,57.0
2017-05-05 08:00:00,25.59,Accident on I-680 Northbound at CA-242. | Right hand shoulder blocked due to accident on I-580 Westbound before I-680 .,3,3,"CA-242 S, I-580 W, John Muir Pkwy E",Clear,58.3
2017-05-05 09:00:00,33.73,Accident on Mariposa St at Pennsylvania Ave. | Accident on US-101 Southbound before Exit 382 Capitol Expy.,2,2,"Mariposa St, E Capitol Expy",Overcast,60.7
2017-05-05 10:00:00,58.47,Accident on Via Seco near Via Rancho. | Accident on Miller Ave at Howard Ct.,2,5,"Via Rancho, Miller Ave, Caldecott Tunl E",Scattered Clouds,62.8
2017-05-05 11:00:00,62.45,Accident on CA-92 Jackson St at Alice St. | #2 lane blocked due to accident on US-101 Southbound after Willow Rd.,3,7,"Jackson St, Bayshore Fwy S, I-680 N",Scattered Clouds,65.1
2017-05-05 12:00:00,62.51,Accident on CA-92 Westbound before US-101 . | Accident on I-580 Eastbound before Exit 35 Strobridge Ave.,3,7,"J Arthur Younger Fwy W, I-580 E, Sinclair Fwy N",Scattered Clouds,64.2
2017-05-05 13:00:00,62.2,Accident on I-280 Northbound before Exit 9 County Hwy-G2 Lawrence Expy. | Restrictions on exit ramp due to accident on I-680 Southbound at Exits 5 5B Capitol Ave.,3,4,"I-280 S, I-680 S, I-580 W",Scattered Clouds,68.8
2017-05-05 14:00:00,61.76,Right hand shoulder blocked due to accident on I-880 Southbound before US-101. | Accident on US-101 Southbound near Exit 446 Redwood Hwy.,3,7,"I-880 S, US-101 S, I-580 E",Scattered Clouds,69.4
2017-05-05 15:00:00,61.8,Right lane blocked due to accident on I-680 Northbound at Exit 4 Berryessa Rd. | At CA-87/Guadalupe Pky - Accident.,4,5,"Berryessa Rd, Sinclair Fwy N, Eastshore Fwy W",Scattered Clouds,66.6
2017-05-05 16:00:00,61.75,Accident on County Hwy-G2 Lawrence Expy at Stevens Creek Blvd. | Accident on De Anza Blvd at CA-85.,3,10,"Lawrence Expy, CA-85 S, Bayshore Fwy S",Clear,66.5
2017-05-05 17:00:00,62.37,HOV lane blocked due to accident on I-80 Eastbound at Exit 14A Central Ave. | Accident on CA-242 Northbound at Exit 2 Grant St.,3,6,"Central Ave, Grant St, I-580 W",Clear,65.4
2017-05-05 18:00:00,62.61,Accident on I-680 Northbound at Exit 12 CA-262 Mission Blvd. | Accident on I-680 Southbound at Exit 1A US-101.,3,11,"I-680 S, I-680 N, S King Rd",Clear,62.3
2017-05-05 19:00:00,58.4,Right hand shoulder blocked due to accident on I-280 Northbound at Exit 22 Alpine Rd. | Accident on I-580 Eastbound at Exit 44A San Ramon Rd.,3,5,"I-280 S, San Ramon Rd, CA-92 E",Mostly Cloudy,54.5
2017-05-05 20:00:00,63.38,Accident on I-880 Southbound at Exit 37 66th Ave. | Accident on I-280 Northbound at Exits 3A 3B Bird Ave.,3,7,"Nimitz Fwy S, Bird Ave, Bayshore Fwy S",Mostly Cloudy,56.3
2017-05-05 21:00:00,62.53,Right hand shoulder blocked due to accident on I-80 I-580 Westbound at I-580. | Accident on I-880 Northbound at Exit 23 Alvarado Niles Rd.,3,7,"I-580 E, Alvarado Niles Rd, I-880 N",Clear,55.4
2017-05-05 22:00:00,62.35,Accident on CA-13 Warren Fwy Northbound at Exit 2 Monterey Blvd.,2,1,Joaquin Miller Rd,Mostly Cloudy,55.9
2017-05-05 23:00:00,62.07,Slow traffic due to accident on I-880 Northbound at Exit 28 Winton Ave.,3,1,I-880 N,Clear,55.0
2017-05-06 00:00:00,61.26,Right lane blocked due to accident on I-280 Southbound at Exits 12A 12B CA-85.,3,1,I-280 S,Clear,52.0
2017-05-06 01:00:00,61.17,Normal traffic flow,0,0,,Clear,58.4
2017-05-06 02:00:00,61.07,#3 lane blocked due to accident on I-880 Southbound at Coleman Ave. | Accident on US-101 Northbound at McKee Rd.,3,2,"I-880 S, Bayshore Fwy S",Clear,55.5
2017-05-06 03:00:00,61.0,Accident on I-280 Southbound at Magdalena Ave.,3,1,Junipero Serra Fwy N,Partly Cloudy,52.0
2017-05-06 04:00:00,61.31,Accident on I-980 Eastbound at 11th St. | Accident on Edgewood Rd at Palomar Oaks Ln.,3,2,"Grove Shafter Fwy E, Edgewood Rd",Mostly Cloudy,52.0
2017-05-06 05:00:00,62.09,Accident on CA-24 Westbound at Exit 11 Acalanes Rd. | Right hand shoulder blocked due to accident on I-580 Eastbound at Exit 32 Foothill Blvd.,3,3,"Acalanes Rd, I-580 E, Mission Blvd",Clear,52.7
2017-05-06 06:00:00,61.98,Accident on CA-85 Southbound at Homestead Rd. | Accident on MacArthur Blvd Southbound at Broadmoor Blvd.,2,2,"CA-85 S, MacArthur Blvd",Clear,52.1
2017-05-06 07:00:00,62.39,#1 lane blocked due to accident on US-101 Northbound at Exit 414A Hillsdale Blvd. | Accident on 12th St at Broadway.,3,3,"US-101 N, 12th St, I-680 S",Scattered Clouds,50.7
2017-05-06 08:00:00,62.18,Accident on Page Mill Rd at Moody Rd.,2,1,Moody Rd,Mostly Cloudy,55.0
2017-05-06 09:00:00,60.96,Accident on US-101 Southbound between Exit 442 Sausalito Lateral and Exit 439 Transit Transfer Facility. | Accident on I-680 Northbound at Exit 12 CA-262 Mission Blvd.,3,2,"Golden Gate Brg S, Mission Blvd",Mostly Cloudy,57.0
2017-05-06 10:00:00,60.62,Normal traffic flow,0,0,,Clear,58.4
2017-05-06 11:00:00,60.65,Accident on CA-92 Eastbound at Exit 12C Pacific Blvd.,2,1,J Arthur Younger Fwy W,Scattered Clouds,59.0
2017-05-06 12:00:00,61.02,Accident on CA-24 Eastbound at Broadway. | Accident on US-101 Southbound at Exits 419A 419B Rollins Rd.,3,3,"CA-24 E, Bayshore Fwy S, I-880 N",Scattered Clouds,61.1
2017-05-06 13:00:00,60.13,Accident on Fairmont Dr at CA-185 14th St. | #2 lane blocked due to accident on US-101 Southbound at San Francisco-Oakland Bay Bridge.,2,3,"E 14th St, 16th St, Big Basin Way",Mostly Cloudy,61.0
2017-05-06 14:00:00,61.01,Right hand shoulder blocked due to accident on I-580 Westbound at St Patrick Way. | Accident on CA-17 Northbound at Exit 19 Santa Cruz Ave.,3,3,"I-580 E, CA-17 N, I-680 S",Overcast,61.0
2017-05-06 15:00:00,59.4,Accident on I-680 Southbound at Exit 52 Contra Costa Blvd. | Closed at Hamilton Ave - Road closed due to accident.,4,2,"I-680 S, CA-17 N",Mostly Cloudy,64.0
2017-05-06 16:00:00,59.98,Normal traffic flow,0,0,,Clear,58.4
2017-05-06 17:00:00,61.18,Right hand shoulder blocked due to multi-vehicle accident on I-580 Westbound at Exit 45 Hopyard Rd. | Right hand shoulder blocked due to accident on I-880 Northbound at Exits 30 31A I-238.,3,8,"I-580 W, Hesperian Blvd, Lawrence Expy",Partly Cloudy,62.9
2017-05-06 18:00:00,61.31,Accident on US-101 Southbound at Exits 390 391 CA-87 Guadalupe Pkwy.,2,1,Bayshore Fwy S,Scattered Clouds,63.0
2017-05-06 19:00:00,63.1,One lane blocked due to accident on CA-17 Northbound at Exit 25 Creekside Way. | Right hand shoulder blocked due to accident on I-80 Westbound at Exit 15 Potrero Ave.,3,8,"CA-17 S, I-80 W, I-880 N",Mostly Cloudy,60.9
2017-05-06 20:00:00,61.91,Accident on I-580 Eastbound at Exit 2A Sir Francis Drake Blvd. | Accident on Bay St at Shellmound St.,3,5,"I-580 E, Shellmound St, Elgin St",Clear,58.4
2017-05-06 21:00:00,63.04,One lane blocked due to accident on I-80 Westbound at Exits 8A 8B I-880.,3,1,I-80 W,Mostly Cloudy,59.0
2017-05-06 22:00:00,62.63,Normal traffic flow,0,0,,Clear,58.4
2017-05-06 23:00:00,62.36,Normal traffic flow,0,0,,Clear,58.4
2017-05-07 00:00:00,61.89,Accident on I-680 Northbound at Exit 25 Pleasanton Sunol Rd. | Closed between Curtner Ave/Exit 3 and Capitol Expy Auto Mall/Exit 1 - Road closed due to accident.,4,2,"I-680 S, Guadalupe Fwy S",Clear,54.0
2017-05-07 01:00:00,61.4,#2 #3 lane blocked due to accident on US-101 Lombard St Southbound at US-101 Van Ness Ave.,2,1,Van Ness Ave,Scattered Clouds,57.9
2017-05-07 02:00:00,61.21,Slow lane blocked due to accident on US-101 Southbound at Cesar Chavez St. | Accident on CA-24 Westbound at Broadway.,2,3,"James Lick Fwy S, CA-24 W, Guadalupe Fwy S",Partly Cloudy,55.6
2017-05-07 03:00:00,61.17,Right hand shoulder blocked due to accident on I-580 Westbound at Lake Park Ave. | Middle lane blocked due to accident on I-280 Southbound at Exit 10 Wolfe Rd.,3,2,"I-580 W, I-280 S",Clear,55.0
2017-05-07 04:00:00,61.32,Accident on I-580 Eastbound at MacArthur Blvd.,3,1,I-580 W,Partly Cloudy,55.9
2017-05-07 05:00:00,61.88,Slow lane blocked due to accident on I-580 Eastbound at Exit 11 I-80 I-580. | At Auto Mall Pky - Accident.,4,4,"I-580 W, I-880 N",Scattered Clouds,51.2
2017-05-07 06:00:00,61.81,Normal traffic flow,0,0,,Clear,58.4
2017-05-07 07:00:00,62.62,Accident on CA-1 Cabrillo Hwy Northbound at Verde Rd.,2,1,Cabrillo Hwy S,Mostly Cloudy,50.0
2017-05-07 08:00:00,62.78,Accident on Olympic Blvd at Newell Ave. | #1 lane blocked due to accident on I-80 Westbound at Exit 13 I-580.,3,5,"Olympic Blvd, Eastshore Fwy W, I-580 W",Partly Cloudy,58.2
2017-05-07 09:00:00,62.59,Accident on I-880 Southbound at Exit 36 Hegenberger Rd.,3,1,I-880 N,Partly Cloudy,60.1
2017-05-07 10:00:00,61.89,Accident on Olympic Blvd at Newell Ave. | Three lanes blocked due to accident on I-880 Northbound at Exit 15 Auto Mall Pkwy.,3,2,"Olympic Blvd, I-880 N",Clear,61.5
2017-05-07 11:00:00,61.12,Accident on CA-84 Westbound at Exit 37 Ardenwood Blvd.,2,1,CA-84 W,Clear,66.0
2017-05-07 12:00:00,60.53,Accident on CA-87 Northbound after Exits 1A 1B 1C CA-85. | Accident on Greenwood Dr at Rollingwood Dr.,2,2,"Guadalupe Fwy N, Greenwood Dr",Clear,72.7
2017-05-07 13:00:00,61.1,Normal traffic flow,0,0,,Clear,58.4
2017-05-07 14:00:00,60.78,Closed between Park Blvd and Lakeshore Ave - Road closed due to accident.,4,1,I-580 E,Partly Cloudy,71.1
2017-05-07 15:00:00,60.97,Accident on I-580 Eastbound at Exit 46 Hacienda Dr. | One lane blocked due to accident on US-101 Northbound at Exit 432 Potrero Ave.,3,3,"I-580 E, James Lick Fwy S, Richmond-San Rafael Brg",Clear,73.3
2017-05-07 16:00:00,60.22,One lane blocked due to accident on I-80 Westbound at Exits 8A 8B I-880. | One lane blocked due to accident on I-580 Eastbound at Exit 47 Pimlico Dr.,3,4,"I-80 W, Tassajara Rd, W Winton Ave",Clear,71.0
2017-05-07 17:00:00,60.21,Accident on I-880 Northbound at Exits 30 31A I-238. | Accident on US-101 Southbound at Exit 403 Bayshore Rd.,3,3,"I-880 N, Bayshore Fwy S, I-238 N",Clear,69.5
2017-05-07 18:00:00,62.36,Accident on Sierra Rd at Skyview Dr.,2,1,Skyview Dr,Mostly Cloudy,71.1
2017-05-07 19:00:00,62.39,Right hand shoulder blocked due to accident on I-680 Southbound at Exits 1D 2A Capitol Expy. | Accident on US-101 Southbound at Exit 380 Hellyer Ave.,3,2,"I-680 S, Bayshore Fwy S",Mostly Cloudy,66.2
2017-05-07 20:00:00,61.48,Right hand shoulder blocked due to accident on CA-17 Northbound at Exits 21 22 Lark Ave.,2,1,CA-17 S,Partly Cloudy,64.0
2017-05-07 21:00:00,62.44,Accident on CA-92 Westbound at Exit 14B Chess Dr. | Accident on 5th Ave at CA-82 El Camino Real. Emergency vehicles at scene.,2,3,"J Arthur Younger Fwy W, 5th Ave, W Jackson St",Clear,59.0
2017-05-07 22:00:00,62.98,Normal traffic flow,0,0,,Clear,58.4
2017-05-07 23:00:00,62.02,Accident on I-80 Westbound at Exits 16 16B Barrett Ave. | Accident on CA-92 Jackson St Eastbound at Exits 26A 26B I-880.,3,4,"I-80 W, Nimitz Fwy S, Alvarado Niles Rd",Clear,59.4
2017-05-08 00:00:00,61.47,Accident on I-80 Eastbound at Exit 19A El Portal Dr. | Accident on CA-4 Westbound at Exits 12B 12C I-680.,3,2,"El Portal Dr, I-680 S",Clear,61.0
2017-05-08 01:00:00,61.14,Normal traffic flow,0,0,,Clear,58.4
2017-05-08 02:00:00,61.02,Right hand shoulder blocked due to accident on CA-17 Southbound at Exit 19 Santa Cruz Ave. | Lane blocked due to accident on I-280 Southbound at Exit 53 Alemany Blvd.,3,3,"CA-17 S, Alemany Blvd, Sinclair Fwy N",Clear,53.7
2017-05-08 03:00:00,61.19,Right hand shoulder blocked due to accident on US-101 Northbound at Exits 404A 404B CA-114 Willow Rd. | Shoulder blocked on entry ramp due to accident on US-101 Northbound at Exit 394 County Hwy-G2 Lawrence Expy.,2,2,"Bayshore Fwy S, Lawrence Expy",Clear,51.9
2017-05-08 04:00:00,62.66,At Washington Blvd - Accident.,3,1,I-680 S,Clear,54.0
2017-05-08 05:00:00,63.9,Normal traffic flow,0,0,,Clear,58.4
2017-05-08 06:00:00,46.8,Accident on I-80 Eastbound at Treasure Is. | At CA-92/Jackson St - Accident.,3,2,"San Francisco-Oakland Bay Brg E, Nimitz Fwy S",Clear,53.1
2017-05-08 07:00:00,25.5,#1 and #2 lane blocked due to accident on I-680 Southbound before Exit 18B Sheridan Rd. | At I-280/Junipero Serra Fwy/Exit 5 - Accident.,3,2,"Sheridan Rd, Guadalupe Pkwy N",Clear,55.0
2017-05-08 08:00:00,22.72,Accident on I-680 Southbound before Exit 25 Pleasanton Sunol Rd. | At I-238/Lewelling Blvd - Accident.,3,2,"I-680 S, Nimitz Fwy S",Clear,58.4
2017-05-08 09:00:00,39.9,Right lane blocked due to accident on I-80 Eastbound after 7th St. | Accident on I-880 Southbound after Exit 17 Mowry Ave.,3,9,"James Lick Fwy N, Nimitz Fwy S, I-580 W",Clear,61.8
2017-05-08 10:00:00,62.65,Accident on Elmwood Ave at Lancaster St. | Right hand shoulder blocked due to accident on CA-17 Northbound before I-280.,3,7,"Elmwood Ave, I-880 N, I-580 E",Clear,66.1
2017-05-08 11:00:00,63.08,Accident on I-80 I-580 Westbound between University Ave and CA-13 Ashby Ave. | Accident on Castro Valley Blvd at I-580.,3,8,"I-580 W, E Castro Valley Blvd, I-238 N",Clear,68.3
2017-05-08 12:00:00,63.02,Accident on I-80 I-580 Eastbound before University Ave. | Accident on I-580 Eastbound before Gilman St.,4,10,"I-580 W, US-101 N, Central Ave",Clear,72.9
2017-05-08 13:00:00,62.92,Accident on Stevens Creek Blvd at I-880. | Right hand shoulder blocked due to accident on I-580 Eastbound before University Ave.,3,10,"I-880 S, I-580 W, I-880 N",Clear,72.8
2017-05-08 14:00:00,62.35,Slow lane blocked due to accident on I-280 Southbound at Exit 11 De Anza Blvd. | Right hand shoulder blocked due to accident on CA-85 Northbound after Exit 11B Winchester Blvd.,3,5,"N De Anza Blvd, Winchester Blvd, CA-17 S",Clear,73.6
2017-05-08 15:00:00,62.33,Accident on County Hwy-G2 Lawrence Expy Northbound before Monroe St. | At Alvarado Blvd/Fremont Blvd - Accident.,2,4,"Monroe St, I-880 N, US-101 N",Clear,76.1
2017-05-08 16:00:00,61.46,Accident on Montebello Rd near Milulaco. | Ramp to Exit 33A - Accident.,2,2,"Montebello Rd, I-880 N",Clear,69.6
2017-05-08 17:00:00,62.03,#3 lane blocked due to accident on I-580 Westbound near Exit 7A Western Dr. | At 1st St - Accident.,3,4,"Richmond-San Rafael Brg, I-880 S, I-680 S",Clear,75.7
2017-05-08 18:00:00,62.92,At Hacienda Dr - Accident. | At CA-84/Decoto Rd - Accident.,3,4,"I-580 E, Nimitz Fwy S,  Central Expy",Clear,69.9
2017-05-08 19:00:00,63.64,Accident on US-101 Northbound near San Antonio Rd. | At CR-G10/Blossom Hill Rd - Accident.,2,2,"US-101 N, CA-85 S",Clear,63.5
2017-05-08 20:00:00,62.78,#1 lane blocked due to accident on I-280 Southbound before Exit 16 El Monte Rd. | #1 lane blocked due to accident on I-880 Southbound before Exit 4A 1st St.,3,5,"I-280 S, N 4th St, Southbay Fwy",Scattered Clouds,62.0
2017-05-08 21:00:00,63.17,#1 &amp; #2 &amp; #3 lane blocked due to accident on I-880 Southbound at Exit 21 Decoto Rd. SigAlert issued. | #1 &amp; #2 &amp; #3 lane blocked due to accident on I-880 Northbound at Exit 19 Thornton Ave. SigAlert issued.,3,10,"Nimitz Fwy S, I-880 N, Central Expy",Clear,58.3
2017-05-08 22:00:00,62.24,Middle lane blocked due to accident on CA-85 Southbound at Exit 4 Blossom Hill Rd.,2,1,CA-85 S,Clear,62.6
2017-05-08 23:00:00,61.8,Normal traffic flow,0,0,,Clear,58.4
2017-05-09 00:00:00,61.23,Normal traffic flow,0,0,,Clear,58.4
2017-05-09 01:00:00,61.03,Normal traffic flow,0,0,,Clear,58.4
2017-05-09 02:00:00,60.92,#5 lane blocked due to accident on I-80 Westbound before Treasure Is.,3,1,Treasure Is,Clear,54.0
2017-05-09 03:00:00,61.32,Normal traffic flow,0,0,,Clear,58.4
2017-05-09 04:00:00,62.94,Right hand shoulder blocked due to accident on I-280 Southbound before Exit 16 El Monte Rd.,3,1,I-280 S,Clear,55.0
2017-05-09 05:00:00,64.04,Accident on Marsh Creek Rd at Morgan Territory Rd. | Restrictions on exit ramp due to accident on I-880 Northbound at Exit 4A 1st St.,3,6,"Marsh Creek Rd, I-880 N, I-580 E",Clear,51.8
2017-05-09 06:00:00,44.28,Accident on US-101 Southbound near Access Rd. | Right hand shoulder blocked due to accident on CA-85 Northbound after Exit 16 De Anza Blvd.,3,5,"Bayshore Fwy S, CA-85 S, I-80 W",Overcast,53.0
2017-05-09 07:00:00,26.49,Right hand shoulder blocked due to accident on I-580 Westbound before I-80. | Accident on US-101 Northbound before Shoreline Blvd. On the median.,3,9,"I-580 E, US-101 N, Bayshore Fwy S",Mostly Cloudy,57.8
2017-05-09 08:00:00,24.26,Accident on I-580 Eastbound after I-238. | Accident on I-580 Eastbound after I-238 .,3,17,"I-580 E, W Winton Ave, I-238 S",Clear,60.4
2017-05-09 09:00:00,26.33,Accident on US-101 near Fair Oaks Ave. | Restrictions on exit ramp due to accident on US-101 Southbound at Exit 393 Great America Pkwy.,3,11,"US-101 N, US-101 S, CA-24 W",Clear,62.0
2017-05-09 10:00:00,56.9,Lane blocked on exit ramp due to accident on US-101 Northbound at Exit 403 CA-109 University Ave. | Accident on Bryant St at 6th St.,3,8,"US-101 N, Bryant St, Sorrel Dr",Clear,69.1
2017-05-09 11:00:00,63.98,#1 lane blocked due to accident on Tower Rd at Paul Scannell Dr. | Right lane blocked due to accident on I-580 Westbound before I-680.,3,4,"Tower Rd, I-580 W, Junipero Serra Fwy N",Clear,71.8
2017-05-09 12:00:00,62.97,At I-680 - Accident. Right lane blocked.,2,1,I-580 W,Clear,77.0
2017-05-09 13:00:00,63.48,Lane blocked due to accident on I-580 Eastbound at Exit 47 Santa Rita Rd. | At Santa Rita Rd/Tassajara Rd - Accident.,3,2,I-580 E,Clear,80.5
2017-05-09 14:00:00,63.15,Normal traffic flow,0,0,,Clear,58.4
2017-05-09 15:00:00,61.91,Lane blocked due to accident on Crow Canyon Rd Northbound in Hayward. | Fast lane blocked due to accident on US-101 Northbound at Exits 388B 388C I-880.,3,11,"Crow Canyon Rd, I-880 N, I-580 W",Clear,80.0
2017-05-09 16:00:00,61.46,#1 lane blocked due to accident on I-280 Southbound in Ladera. | Lane blocked due to accident on I-238 Northbound at Exit 15 CA-185 14th St.,3,16,"I-280 S, Mission Blvd, I-880 N",Clear,76.7
2017-05-09 17:00:00,61.62,#1 lane blocked due to accident on I-880 Eastbound at Exit 31B Washington Ave. | #2 lane blocked due to accident on Harwood Rd Southbound at Little Branham Ln.,3,9,"I-880 N, Little Branham Ln, Richmond-San Rafael Brg",Partly Cloudy,68.5
2017-05-09 18:00:00,63.31,#4 lane blocked due to accident on I-880 Northbound at Exit 28 Winton Ave. | #1 lane blocked due to accident on I-580 Westbound at Exits 26 26A 26B Mountain Blvd.,3,5,"I-880 N, I-580 W, Eastshore Fwy W",Partly Cloudy,61.6
2017-05-09 19:00:00,62.99,#1 lane blocked due to accident on Castro Valley Blvd Eastbound at Wisteria St.,2,1,Wisteria St,Clear,60.1
2017-05-09 20:00:00,63.23,Normal traffic flow,0,0,,Clear,58.4
2017-05-09 21:00:00,63.78,Accident on I-80 Westbound at Exit 4A Treasure Is. | At Foothill Rd/San Ramon Rd - Accident.,3,2,"San Francisco-Oakland Bay Brg E, I-580 E",Clear,60.5
2017-05-09 22:00:00,62.56,Accident on I-880 Northbound at Exit 35 98th Ave.,3,1,Nimitz Fwy S,Clear,57.0
2017-05-09 23:00:00,61.94,Normal traffic flow,0,0,,Clear,58.4
2017-05-10 00:00:00,61.35,Normal traffic flow,0,0,,Clear,58.4
2017-05-10 01:00:00,60.94,Normal traffic flow,0,0,,Clear,58.4
2017-05-10 02:00:00,60.9,Normal traffic flow,0,0,,Clear,58.4
2017-05-10 03:00:00,61.11,Normal traffic flow,0,0,,Clear,58.4
2017-05-10 04:00:00,62.6,Normal traffic flow,0,0,,Clear,58.4
2017-05-10 05:00:00,63.56,Normal traffic flow,0,0,,Clear,58.4
2017-05-10 06:00:00,42.5,Normal traffic flow,0,0,,Clear,58.4
2017-05-10 07:00:00,24.7,Normal traffic flow,0,0,,Clear,58.4
2017-05-10 08:00:00,23.65,Normal traffic flow,0,0,,Clear,58.4
2017-05-10 09:00:00,30.8,Normal traffic flow,0,0,,Clear,58.4
2017-05-10 10:00:00,60.77,Normal traffic flow,0,0,,Clear,58.4
2017-05-10 11:00:00,62.56,At Oakland - Accident.,2,1, Castro Valley Blvd,Mostly Cloudy,66.9
2017-05-10 12:00:00,63.49,Lane blocked due to accident on CA-185 International Blvd Southbound at 66th Ave. | #1 lane blocked due to accident on I-880 Southbound at Exit 38 CA-77.,3,4,"66th Ave, Nimitz Fwy S, I-880 S",Mostly Cloudy,64.0
2017-05-10 13:00:00,63.03,Right lane blocked due to accident on I-80 Westbound at Exits 2B 2C Bryant St. | Lane blocked due to accident on I-80 Eastbound at Exits 1 1C 7th St.,3,2,James Lick Fwy N,Mostly Cloudy,65.0
2017-05-10 14:00:00,63.18,Between Golden Gate Brg and Golden Gate Vista Pt - Accident. | At N Main St - Accident.,2,3,"Golden Gate Bridge, I-680 N, US-101 N",Mostly Cloudy,66.3
2017-05-10 15:00:00,62.12,#2 lane blocked due to accident on US-101 Northbound at Exit 433A Vermont St. | #1 &amp; #2 lane blocked due to accident on US-101 Golden Gate Brg at US-101 Golden Gate Brg.,3,9,"James Lick Fwy N, Golden Gate Brg S, Richmond Pkwy",Mostly Cloudy,67.1
2017-05-10 16:00:00,62.16,#2 lane blocked due to accident on I-580 Eastbound at Exit 10 I-80 I-580. | #2 &amp; #3 lane blocked due to accident on I-880 Northbound at Exit 2 CA-82 The Alameda.,3,7,"I-580 W, I-880 N, I-238 S",Mostly Cloudy,65.5
2017-05-10 17:00:00,62.23,Lane blocked due to accident on Blossom Hill Rd Northbound at Winfield Blvd. | #3 lane blocked due to accident on CA-85 Southbound at Exits 18 19 Stevens Creek Blvd.,3,10,"Winfield Blvd, CA-85 S, I-380 W",Mostly Cloudy,66.1
2017-05-10 18:00:00,63.17,Middle lane blocked due to accident on US-101 Northbound at Exits 423A 423B San Bruno Ave. | At Stevens Creek Blvd - Accident.,2,2,"US-101 N, I-280 S",Mostly Cloudy,65.5
2017-05-10 19:00:00,63.74,Normal traffic flow,0,0,,Clear,58.4
2017-05-10 20:00:00,62.88,Normal traffic flow,0,0,,Clear,58.4
2017-05-10 21:00:00,63.18,Accident on CA-24 Eastbound at Exit 10 Saint Stephens Dr.,2,1,CA-24 E,Clear,55.0
2017-05-10 22:00:00,62.52,Right lane blocked due to accident on I-880 Southbound at Exits 1A 1B 1C Stevens Creek Blvd. | Accident on I-280 Northbound at Exits 1 1B 2 11th St.,3,3,"I-880 S, Sinclair Fwy N, 42nd Ave",Mostly Cloudy,56.6
2017-05-10 23:00:00,61.5,Lane blocked due to accident on I-280 Southbound at Exit 20 County Hwy-G3 Page Mill Rd. | Lane blocked on entry ramp due to multi-vehicle accident on I-580 Eastbound at Exit 50 CA-84 Airway Blvd.,3,3,"I-280 S, Airway Blvd, I-580 W",Clear,53.7
2017-05-11 00:00:00,61.38,Normal traffic flow,0,0,,Clear,58.4
2017-05-11 01:00:00,61.05,Lane blocked and right hand shoulder blocked due to accident on US-101 Southbound at Exits 391A 391B Trimble Rd. | #2 and #3 lane blocked due to accident on CA-92 Westbound at High Rise Bridge.,2,2,"Trimble Rd, CA-92 E",Clear,56.6
2017-05-11 02:00:00,60.88,Accident on 9th St both ways at Harrison St.,2,1,Harrison St,Mostly Cloudy,54.0
2017-05-11 03:00:00,61.11,Normal traffic flow,0,0,,Clear,58.4
2017-05-11 04:00:00,62.72,Normal traffic flow,0,0,,Clear,58.4
2017-05-11 05:00:00,64.83,Right hand shoulder blocked due to accident on I-680 Southbound before CA-84 Paloma Rd. | Right hand shoulder blocked due to accident on I-680 Southbound near Exit 22 Koopman Rd.,3,11,"I-680 S, I-580 W, I-580 E",Overcast,55.4
2017-05-11 06:00:00,45.11,Accident on Broder Blvd at Arnold Rd. | Accident on US-101 Northbound after Exit 426 Sierra Point Pkwy.,3,2,"Arnold Rd, US-101 N",Mostly Cloudy,53.6
2017-05-11 07:00:00,27.72,#4 lane blocked due to accident on I-80 Westbound before Exits 8A 8B I-880. | Gore point obstructed due to accident on I-680 Northbound before Exit 12 CA-262 Mission Blvd.,3,7,"I-80 W, I-680 S, James Lick Fwy N",Overcast,55.9
2017-05-11 08:00:00,25.15,Lane blocked on entry ramp due to accident on CA-85 Northbound at Exit 14 Saratoga Ave. | Right hand shoulder blocked due to accident on I-880 Southbound at Coliseum Way.,3,13,"Norman Y Mineta Hwy, Nimitz Fwy S, Fallon Rd",Overcast,57.9
2017-05-11 09:00:00,32.96,Accident on Edgewater Dr at Hegenberger Rd. | Accident on I-580 Eastbound at I-80 .,3,5,"Hegenberger Rd, I-580 E, I-580 W",Overcast,59.9
2017-05-11 10:00:00,60.31,Accident on County Hwy-G2 Lawrence Expy at Kifer Rd. | #2 lane blocked due to accident on I-80 I-580 Westbound before Powell St.,3,9,"Lawrence Expy, I-80 W, Redwood Rd",Overcast,62.7
2017-05-11 11:00:00,63.59,Accident on Unified Way at Curtner Ave. | Right hand shoulder blocked due to accident on I-880 Northbound before US-101 .,3,6,"Guadalupe Fwy N, I-880 N, Foothill Expy",Mostly Cloudy,64.5
2017-05-11 12:00:00,63.12,#1 lane blocked due to accident on Lawrence Rd Northbound at CA-82 El Camino Real. | Left lane blocked due to accident on I-80 I-580 Westbound at CA-13 Ashby Ave.,3,3,"El Camino Real, I-580 E,  Lawrence Expy",Mostly Cloudy,67.3
2017-05-11 13:00:00,62.92,Accident on I-880 Southbound at Exit 38 CA-77.,3,1,Nimitz Fwy S,Scattered Clouds,66.0
2017-05-11 14:00:00,62.29,#2 lane blocked due to accident on US-101 Southbound at Exit 392 County Hwy-G4 Montague Expy. | #1 lane blocked due to accident on I-80 Eastbound at Exits 2B 2C Bryant St.,3,3,"Bayshore Fwy S, James Lick Fwy N, I-580 W",Scattered Clouds,68.3
2017-05-11 15:00:00,61.62,#2 lane blocked due to accident on I-580 Westbound at Exit 11 I-80 I-580. | #2 lane blocked due to accident on CA-87 Southbound at Exits 3 3A Curtner Ave.,3,5,"Eastshore Fwy W, Guadalupe Fwy S, US-101 N",Scattered Clouds,69.0
2017-05-11 16:00:00,62.35,Left lane blocked due to accident on I-280 Northbound at Exit 44 Avalon Dr. | Right lane blocked due to accident on I-880 Northbound at Exit 19 Thornton Ave.,3,4,"Junipero Serra Fwy N, CA-84 W, US-101 N",Scattered Clouds,67.3
2017-05-11 17:00:00,61.86,Accident on I-580 Eastbound at Exit 39 Paloverde Rd. | #3 lane blocked due to accident on I-880 Southbound at Exit 41B I-980.,3,10,"I-580 E, Nimitz Fwy S, I-880 N",Mostly Cloudy,63.8
2017-05-11 18:00:00,62.22,Lane blocked due to accident on I-80 Westbound at Exits 8A 8B I-880. | At I-880/Nimitz Fwy - Accident.,3,5,"I-80 W, W Jackson St, I-680 S",Mostly Cloudy,62.2
2017-05-11 19:00:00,63.12,#1 lane blocked due to accident on I-580 Eastbound at Exits 19B 19C 19D 20 I-980. | At I-980/CA-24 - Accident.,3,3,I-580 E,Mostly Cloudy,60.3
2017-05-11 20:00:00,62.92,Normal traffic flow,0,0,,Clear,58.4
2017-05-11 21:00:00,62.63,Normal traffic flow,0,0,,Clear,58.4
2017-05-11 22:00:00,62.23,Middle lane blocked due to accident on US-101 Southbound at Exit 403 CA-109 University Ave.,2,1,Bayshore Fwy S,Scattered Clouds,57.2
2017-05-11 23:00:00,61.78,Lane blocked due to accident on CA-87 Guadalupe Pkwy Southbound at Exits 4 5 6 I-280.,2,1,Sinclair Fwy N,Mostly Cloudy,57.0
2017-05-12 00:00:00,61.3,Right hand shoulder blocked due to accident on US-101 Southbound at Exit 422 McDonnell Rd.,2,1,US-101 N,Mostly Cloudy,55.0
2017-05-12 01:00:00,61.09,Lane blocked due to accident on I-380 Westbound at Exit 5 CA-82 El Camino Real.,3,1,I-380 W,Mostly Cloudy,55.0
2017-05-12 02:00:00,60.89,Accident on I-680 Southbound before Monument Blvd.,3,1,I-680 S,Partly Cloudy,53.1
2017-05-12 03:00:00,61.09,#4 lane blocked due to accident on I-80 Westbound before Central Ave.,3,1,I-80 W,Clear,52.0
2017-05-12 04:00:00,62.38,Normal traffic flow,0,0,,Clear,58.4
2017-05-12 05:00:00,63.18,Accident on County Hwy-G4 San Tomas Expy at Monroe St. | At Monroe St - Accident.,2,2,"Monroe St,  San Tomas Expy",Mostly Cloudy,53.1
2017-05-12 06:00:00,50.52,Accident on I-280 Northbound at Exit 27 Farm Hill Blvd. | Lane blocked on exit ramp due to accident on I-580 Westbound at Hopyard Rd.,3,4,"Farm Hill Blvd, I-580 E, Ellis St",Clear,52.2
2017-05-12 07:00:00,26.45,Right hand shoulder blocked due to accident on US-101 Northbound before Millbrae Ave. | Right hand shoulder blocked due to accident on US-101 Northbound before CA-84 Marsh Rd.,3,5,"US-101 N, Bayshore Fwy S, I-280 S",Mostly Cloudy,55.4
2017-05-12 08:00:00,31.79,Accident on US-101 Northbound before CA-114 Willow Rd. | Accident on County Hwy-G4 San Tomas Expy Northbound at Moorpark Ave.,3,5,"Bayshore Fwy S, Moorpark Ave, I-80 W",Mostly Cloudy,58.0
2017-05-12 09:00:00,34.15,Accident on I-80 I-580 Eastbound at I-580. | #2 lane blocked due to accident on I-580 Eastbound at University Ave.,3,6,"I-80 E, I-580 W, US-101 N",Partly Cloudy,59.8
2017-05-12 10:00:00,55.82,Accident on I-280 Northbound at US-101. On the median. | Right hand shoulder blocked due to accident on I-680 Southbound at Exit 12 CA-262 Mission Blvd.,3,3,"I-680 N, I-680 S, Fairchild Dr",Clear,60.6
2017-05-12 11:00:00,63.11,Gore point obstructed due to accident on CA-17 Southbound after I-880. | Accident on I-880 Northbound after Exit 21 Decoto Rd.,3,5,"I-880 S, Nimitz Fwy S, San Francisco-Oakland Bay Brg E",Partly Cloudy,62.9
2017-05-12 12:00:00,62.52,Lane blocked due to accident on I-880 Northbound at Exit 7 County Hwy-G4 Montague Expy. | Lane blocked due to accident on I-680 Northbound at Exit 51 Willow Pass Rd.,3,7,"I-880 N, I-680 N, US-101 N",Partly Cloudy,63.7
2017-05-12 13:00:00,62.67,Normal traffic flow,0,0,,Clear,58.4
2017-05-12 14:00:00,61.88,At Erlandson St/Regatta Blvd - Accident.,2,1,I-580 E,Partly Cloudy,68.0
2017-05-12 15:00:00,61.4,#4 lane blocked due to accident on I-280 Northbound at Exit 46 Hickey Blvd. | At Amphitheatre/Exit 400A/Exit 400B - Accident.,3,2,"Junipero Serra Fwy N, US-101 N",Clear,64.0
2017-05-12 16:00:00,61.79,Lane blocked due to accident on I-880 Northbound at Exit 10 Dixon Landing Rd. | Lane blocked due to accident on CA-85 Southbound at Exit 16 De Anza Blvd.,3,7,"Dixon Landing Rd, CA-85 S,  Elgin Park",Partly Cloudy,63.0
2017-05-12 17:00:00,62.15,Lane blocked due to accident on I-80 I-580 Westbound at Gilman St. | Lane blocked due to accident on US-101 Northbound at I-380.,3,12,"I-580 W, Bayshore Fwy S, I-280 S",Partly Cloudy,61.6
2017-05-12 18:00:00,62.39,At Fair Oaks Ln - Accident. | At 5th Ave - Accident.,2,3," 5th Ave, Southbay Fwy",Partly Cloudy,59.4
2017-05-12 19:00:00,63.91,Left lane blocked due to accident on US-101 Southbound at Exits 400B 400C San Antonio Rd. | Ramp to A St - Accident.,2,3,"US-101 N, I-880 N, I-680 N",Clear,58.0
2017-05-12 20:00:00,62.97,At Hesperian Blvd - Accident.,2,1,I-880 N,Clear,57.0
2017-05-12 21:00:00,62.12,Accident on CA-24 Westbound at Exit 14 Mt Diablo Blvd.,2,1,Pleasant Hill Rd,Clear,55.9
2017-05-12 22:00:00,62.85,Normal traffic flow,0,0,,Clear,58.4
2017-05-12 23:00:00,61.68,Accident on I-880 Southbound at I-880 Exit 29 / A St. | Accident on I-80 Eastbound at Exit 22 Pinole Valley Rd.,3,2,"I-880 N, Pinole Valley Rd",Clear,54.0
2017-05-13 00:00:00,61.63,Right hand shoulder blocked due to accident on CA-17 Southbound at Los Gatos Saratoga Rd. Expect delays. | Accident on MacArthur Blvd Eastbound at Broadmoor Blvd.,3,3,"CA-17 S, MacArthur Blvd, I-580 W",Partly Cloudy,54.0
2017-05-13 01:00:00,61.39,Accident on I-880 Southbound at US-101. Expect delays. | Center Divider lane blocked due to accident on I-880 Northbound at I-880 Exit 24 / Whipple Rd. Expect delays.,3,5,"I-880 S, I-880 N, W Tennyson Rd",Clear,53.3
2017-05-13 02:00:00,61.05,Normal traffic flow,0,0,,Clear,58.4
2017-05-13 03:00:00,61.04,Slow lane blocked and right hand shoulder blocked due to accident on I-80 I-580 Westbound at Powell St. | Four lane blocked due to accident on I-80 I-580 Eastbound at CA-13 Ashby Ave.,3,3,"I-580 W, I-80 W",Clear,52.1
2017-05-13 04:00:00,61.53,At CA-13/Ashby Ave/Bay St - Accident.,3,1,I-580 W,Clear,53.1
2017-05-13 05:00:00,62.32,Normal traffic flow,0,0,,Clear,58.4
2017-05-13 06:00:00,62.38,Lane blocked due to accident on CA-85 Northbound at Exits 5A 5B CA-87. | Accident on I-280 Northbound at Exits 4 5A Southwest Expy.,3,4,"Norman Y Mineta Hwy, Meridian Ave, N Mathilda Ave",Scattered Clouds,51.4
2017-05-13 07:00:00,62.88,Normal traffic flow,0,0,,Clear,58.4
2017-05-13 08:00:00,61.67,Lane blocked due to accident on I-80 Eastbound at Exit 19B Hilltop Dr. | At Pleasanton Sunol Rd - Accident.,4,4,"I-80 W, Kilkare Rd,  Niles Canyon Rd",Clear,52.8
2017-05-13 09:00:00,60.83,Normal traffic flow,0,0,,Clear,58.4
2017-05-13 10:00:00,60.18,Normal traffic flow,0,0,,Clear,58.4
2017-05-13 11:00:00,60.36,Normal traffic flow,0,0,,Clear,58.4
2017-05-13 12:00:00,57.94,Accident on I-280 Northbound at Exit 47A Serramonte Blvd. | Right hand shoulder blocked due to accident on I-880 Southbound at Exit 13 Fremont Blvd.,3,2,"Junipero Serra Fwy N, Fremont Blvd",Partly Cloudy,63.2
2017-05-13 13:00:00,57.8,Normal traffic flow,0,0,,Clear,58.4
2017-05-13 14:00:00,60.26,Accident on I-880 Northbound at Exit 4A 1st St. | One lane blocked due to accident on I-880 Northbound at Exits 4C 4D Gish Rd.,3,3,"I-880 N, Old Bayshore Hwy, Bayshore Fwy S",Partly Cloudy,64.9
2017-05-13 15:00:00,59.01,At Treasure Island Rd - Accident.,3,1,I-80 W,Partly Cloudy,66.0
2017-05-13 16:00:00,44.36,Normal traffic flow,0,0,,Clear,58.4
2017-05-13 17:00:00,49.52,Right lane blocked due to accident on I-880 Northbound at Exit 42A I-980. | Accident on I-880 Northbound at Exit 41B I-980.,3,2,"I-880 S, Webster Street Tube",Partly Cloudy,62.1
2017-05-13 18:00:00,59.84,Accident on I-580 Eastbound at Exit 39 Paloverde Rd.,3,1,I-580 E,Partly Cloudy,59.0
2017-05-13 19:00:00,61.49,Accident on US-101 Northbound at Exit 433A Vermont St.,2,1,17th St,Scattered Clouds,55.9
2017-05-13 20:00:00,61.69,Accident on CA-17 Southbound at Exits 21 22 Lark Ave. | Accident on Olympic Blvd at Newell Ave.,2,2,"CA-17 S, Olympic Blvd",Clear,56.4
2017-05-13 21:00:00,62.0,Normal traffic flow,0,0,,Clear,58.4
2017-05-13 22:00:00,62.34,Accident on US-101 Northbound at Exit 382 Capitol Expy.,2,1,E Capitol Expy,Partly Cloudy,53.6
2017-05-13 23:00:00,61.83,Normal traffic flow,0,0,,Clear,58.4
2017-05-14 00:00:00,61.73,Accident on I-280 Southbound at Exit 25 CA-84 Woodside Rd. | Closed between Sand Hill Rd and CA-84/Woodside Rd - Road closed due to accident.,4,2,"I-280 S, Junipero Serra Fwy N",Clear,50.0
2017-05-14 01:00:00,61.23,Right hand shoulder blocked due to accident on I-580 Eastbound at Exit 21A Harrison St.,3,1,I-580 E,Partly Cloudy,54.0
2017-05-14 02:00:00,61.06,Normal traffic flow,0,0,,Clear,58.4
2017-05-14 03:00:00,61.0,Accident on US-101 Northbound at Exits 400B 400C San Antonio Rd. | Right hand shoulder blocked due to accident on US-101 Southbound at Exit 402 Embarcadero Rd.,3,3,"US-101 N, Embarcadero Rd, Paloverde Rd",Mostly Cloudy,51.0
2017-05-14 04:00:00,61.21,One lane blocked due to accident on I-580 Westbound at Exits 34 35 I-238. | Accident on Bruce Dr at Washington Blvd.,3,5,"I-238 N, Washington Blvd, CA-84",Mostly Cloudy,50.8
2017-05-14 05:00:00,61.44,Accident on I-280 Northbound before Exit 36 Golf Course Dr. On the median. | Lane blocked due to accident on I-680 Northbound after Exit 20 Andrade Rd.,3,6,"I-280 S, Andrade Rd, Kilkare Rd",Overcast,49.6
2017-05-14 06:00:00,62.04,Accident on US-101 Northbound at Exits 400B 400C San Antonio Rd. | Accident on I-880 Northbound at Exit 34 CA-61 Davis St.,3,2,"US-101 N, I-880 N",Mostly Cloudy,51.0
2017-05-14 07:00:00,62.36,Accident on I-680 Southbound at Exit 14 Auto Mall Pkwy.,3,1,Auto Mall Pkwy,Mostly Cloudy,51.1
2017-05-14 08:00:00,63.07,Normal traffic flow,0,0,,Clear,58.4
2017-05-14 09:00:00,61.82,Accident on I-280 Northbound at Exit 2A 4th St.,3,1,S 3rd St,Mostly Cloudy,55.9
2017-05-14 10:00:00,62.48,Normal traffic flow,0,0,,Clear,58.4
2017-05-14 11:00:00,60.92,Accident on CA-17 Southbound after Exit 22 CA-85. On the median. | Accident on CA-4 at Exit 11 Morello Ave.,3,3,"CA-85 S, John Muir Pkwy E, I-680 S",Partly Cloudy,62.3
2017-05-14 12:00:00,60.39,Right hand shoulder blocked due to accident on CA-17 Northbound at Exits 21 22 Lark Ave. | One lane blocked due to accident on I-80 Westbound at Exit 14A Central Ave.,3,2,"CA-17 S, Central Ave",Partly Cloudy,65.0
2017-05-14 13:00:00,61.2,Accident on CA-17 Northbound at Exits 20A 20B CA-9 Los Gatos Saratoga Rd.,2,1,CA-17 S,Scattered Clouds,66.9
2017-05-14 14:00:00,60.58,Between Fruitvale Ave and High St - Accident.,3,1,I-880 N,Partly Cloudy,63.0
2017-05-14 15:00:00,60.52,Normal traffic flow,0,0,,Clear,58.4
2017-05-14 16:00:00,56.83,Normal traffic flow,0,0,,Clear,58.4
2017-05-14 17:00:00,60.52,Normal traffic flow,0,0,,Clear,58.4
2017-05-14 18:00:00,62.42,Right hand shoulder blocked due to accident on I-880 Northbound at Exit 13 Fremont Blvd.,3,1,I-880 N,Partly Cloudy,60.8
2017-05-14 19:00:00,62.29,Between Pinole Valley Rd and CA-4 - Accident.,3,1,I-80 W,Clear,63.0
2017-05-14 20:00:00,60.86,Normal traffic flow,0,0,,Clear,58.4
2017-05-14 21:00:00,62.26,Accident on US-101 Northbound at Exit 388A Oakland Rd. | Accident on I-580 Westbound at Exits 8B 19A I-80 I-580.,3,3,"US-101 N, I-580 E",Partly Cloudy,56.6
2017-05-14 22:00:00,62.29,One lane blocked due to accident on US-101 Northbound at Exit 414B CA-92.,2,1,CA-92 E,Clear,53.6
2017-05-14 23:00:00,61.56,Between 4th St/5th St and 7th St/Bryant St - Accident. | At San Mateo Bridge - Accident.,3,2," Perry St, CA-92 E",Clear,54.3
2017-05-15 00:00:00,61.34,Normal traffic flow,0,0,,Clear,58.4
2017-05-15 01:00:00,60.88,Normal traffic flow,0,0,,Clear,58.4
2017-05-15 02:00:00,60.82,Normal traffic flow,0,0,,Clear,58.4
2017-05-15 03:00:00,61.33,Right hand shoulder blocked due to accident on I-280 Northbound at Saratoga Ave. | Accident on US-101 Northbound at Airport Blvd.,3,3,"Saratoga Ave, S Airport Blvd, CA-84",Clear,49.0
2017-05-15 04:00:00,62.33,Normal traffic flow,0,0,,Clear,58.4
2017-05-15 05:00:00,63.44,Entry ramp closed due to accident on US-101 Northbound at Exit 406 CA-84. | Accident on US-101 Northbound at Exit 425A Grand Ave.,2,3,Bayshore Fwy S,Partly Cloudy,50.0
2017-05-15 06:00:00,43.15,Lane blocked due to accident on I-680 Southbound at Exit 48 Main St. | Accident on CA-237 at Exit 6 Great America Pkwy.,3,5,"I-680 S, CA-237 W, S Main St",Clear,50.2
2017-05-15 07:00:00,26.06,One lane blocked and delays due to accident on I-680 Southbound at Exit 31 San Ramon Valley Blvd. | HOV lane blocked due to accident on I-880 Northbound at Exit 16 Stevenson Blvd.,3,9,"I-680 S, Stevenson Blvd, Fashion Island Blvd",Clear,52.6
2017-05-15 08:00:00,23.61,Accident on I-580 Westbound at Exits 8B 19A I-80 I-580. | Right and center lane blocked due to accident on I-80 Eastbound at Exit 22 Pinole Valley Rd.,3,15,"I-580 W, Pinole Valley Rd, Guadalupe Pkwy N",Clear,55.6
2017-05-15 09:00:00,36.82,Delays and right hand shoulder blocked due to accident on CA-237 Westbound between Exit 9A I-880 and Exit 5 County Hwy-G2 Lawrence Expy. | #2 lane blocked due to accident on I-280 Southbound at Exits 1 1B 2 11th St.,3,6,"Lawrence Expy, I-280 S, Sinclair Fwy N",Partly Cloudy,57.3
2017-05-15 10:00:00,62.79,Accident on I-280 Northbound at Exit 7 Saratoga Ave. | Accident on I-680 Southbound at Exit 40 El Cerro Blvd.,3,5,"Junipero Serra Fwy N, I-680 S, I-880 N",Partly Cloudy,59.1
2017-05-15 11:00:00,63.57,Accident on CA-237 Eastbound at Exit 8 Zanker Rd. | #3 lane blocked due to accident on CA-24 Westbound at Exit 6 Caldecott Ln.,3,7,"Southbay Fwy, CA-24 W, I-580 E",Partly Cloudy,61.6
2017-05-15 12:00:00,63.3,Accident on I-880 Southbound at A St. | Accident on I-580 Northbound at I-680.,3,2,"Nimitz Fwy S, I-680 N",Clear,65.4
2017-05-15 13:00:00,63.71,At San Leandro - Accident.,2,2, Hesperian Blvd,Clear,64.0
2017-05-15 14:00:00,62.5,Lane blocked due to accident on I-580 Eastbound at Exit 47 Santa Rita Rd.,3,1,I-580 E,Clear,69.1
2017-05-15 15:00:00,61.49,Right lane blocked due to accident on I-280 Northbound at Exits 4 5A Southwest Expy. | Left lane blocked due to accident on I-80 Westbound at Exits 16 16B CA-123 San Pablo Ave.,3,8,"Sinclair Fwy N, I-80 W, I-580 E",Clear,67.2
2017-05-15 16:00:00,61.18,Left lane blocked due to accident on Cutting Blvd Westbound at 1st St. | Accident on CA-4 Westbound at Exit 12A Muir Rd.,3,9,"Cutting Blvd, John Muir Pkwy E, Nimitz Fwy S",Partly Cloudy,66.2
2017-05-15 17:00:00,61.71,Lane blocked due to accident on US-101 Northbound at Exits 420 421 Millbrae Ave. | #1 lane blocked due to accident on I-80 Westbound at Exits 8A 8B I-880.,3,6,"Millbrae Ave, I-80 W, I-680 N",Partly Cloudy,64.2
2017-05-15 18:00:00,62.33,#2 lane blocked due to accident on I-238 Northbound at Exits 16A 16B I-880. | Accident on I-680 Northbound at Exit 45A Main St.,3,7,"I-880 N, I-680 N, San Francisco-Oakland Bay Bridge",Clear,61.6
2017-05-15 19:00:00,63.23,Middle lane blocked due to accident on I-680 Northbound at Exit 14 Auto Mall Pkwy. | Accident on I-680 Northbound at Exit 5A Hostetter Rd.,3,3,"I-680 N, I-80 W",Partly Cloudy,56.9
2017-05-15 20:00:00,62.95,Accident on I-580 Eastbound at Exit 27A Edwards Ave.,3,1,I-580 E,Partly Cloudy,55.0
2017-05-15 21:00:00,62.62,Normal traffic flow,0,0,,Clear,58.4
2017-05-15 22:00:00,62.22,Normal traffic flow,0,0,,Clear,58.4
2017-05-15 23:00:00,61.69,Normal traffic flow,0,0,,Clear,58.4
2017-05-16 00:00:00,61.1,Lane blocked due to accident on I-80 Eastbound at Exit 18 San Pablo Dam Rd. | At San Pablo Dam Rd - Accident.,3,3,"I-80 E, I-80 W",Clear,53.1
2017-05-16 01:00:00,61.05,Normal traffic flow,0,0,,Clear,58.4
2017-05-16 02:00:00,60.89,At St Stephens Dr/Hidden Valley Rd - Accident.,2,1,CA-24 E,Clear,53.1
2017-05-16 03:00:00,61.21,Ramp to I-280/CA-17 - Accident. | Ramp to I-280 NB and Stevens Creek Blvd - Accident.,2,3," Scott St, CA-17 S, US-101 S",Clear,51.4
2017-05-16 04:00:00,62.26,Normal traffic flow,0,0,,Clear,58.4
2017-05-16 05:00:00,63.2,Normal traffic flow,0,0,,Clear,58.4
2017-05-16 06:00:00,46.96,At Bay Bridge Toll Plz - Accident.,2,1,I-80 W,Overcast,55.0
2017-05-16 07:00:00,28.47,At Eden Canyon Rd - Accident. | At San Mateo Bridge - Accident.,2,4,"I-580 W, J Arthur Younger Fwy W, I-880 N",Overcast,55.1
2017-05-16 08:00:00,25.19,At Sand Hill Rd - Accident. Right lane blocked. | At Dixon Landing Rd - Accident. Carpool lane blocked.,2,3,"I-280 S, Nimitz Fwy S, I-580 E",Mostly Cloudy,57.1
2017-05-16 09:00:00,30.1,At Union Ave - Accident.,2,1,Norman Y Mineta Hwy,Mostly Cloudy,60.1
2017-05-16 10:00:00,40.17,At 4th St/5th St - Accident.,2,1,James Lick Fwy N,Overcast,57.9
2017-05-16 11:00:00,62.82,At CA-85/West Valley Fwy - Accident. Left lane blocked.,2,1,CA-85 S,Overcast,62.6
2017-05-16 12:00:00,61.88,At CA-84/Thornton Ave - Accident. Left lane blocked. | At I-80 - Accident. Right lane blocked.,2,2,"I-880 N, I-580 W",Mostly Cloudy,64.2
2017-05-16 13:00:00,63.03,At Richmond-San Rafael Brg - Accident. Left lane blocked. | At CA-185/14th St/Mission Blvd - Accident.,2,2,"Richmond-San Rafael Brg,  Kendall Way",Mostly Cloudy,63.0
2017-05-16 14:00:00,63.07,Between Geneva Ave and Sickles Ave - Accident. | At CA-84/Thornton Ave - Accident.,2,3,"Geneva Ave, Nimitz Fwy S",Mostly Cloudy,63.1
2017-05-16 15:00:00,61.33,At University Ave - Accident. | At Pinole Valley Rd - Accident.,2,3,"I-580 W, Eastshore Fwy W, I-80 W",Overcast,64.3
2017-05-16 16:00:00,61.68,At 16th Ave/Embarcadero - Accident. | At Brokaw Rd - Accident.,2,3,"Nimitz Fwy S, I-880 S, Guadalupe Pkwy N",Mostly Cloudy,62.7
2017-05-16 17:00:00,61.72,At Sunol Blvd - Accident. | At Burnett Ave/Concord Ave - Accident.,2,6,"I-680 S, I-680 N, San Tomas Expy",Mostly Cloudy,61.7
2017-05-16 18:00:00,62.43,At San Ramon - Accident.,2,1, Camino Tassajara,Overcast,57.9
2017-05-16 19:00:00,63.7,At Oregon Expy/Exit 402 - Accident.,2,1,Bayshore Fwy S,Mostly Cloudy,57.2
2017-05-16 20:00:00,62.73,Normal traffic flow,0,0,,Clear,58.4
2017-05-16 21:00:00,61.58,Normal traffic flow,0,0,,Clear,58.4
2017-05-16 22:00:00,61.8,Normal traffic flow,0,0,,Clear,58.4
2017-05-16 23:00:00,61.71,Closed between Cottle Rd and US-101/Great Oaks Blvd/Exit 1C - Road closed due to accident.,4,1,CA-85 S,Mostly Cloudy,57.2
2017-05-17 00:00:00,61.12,Normal traffic flow,0,0,,Clear,58.4
2017-05-17 01:00:00,60.99,Normal traffic flow,0,0,,Clear,58.4
2017-05-17 02:00:00,60.92,At Capitol Expy - Accident. | At Pinole Valley Rd - Accident.,3,2,"I-680 N, I-80 W",Partly Cloudy,53.8
2017-05-17 03:00:00,60.69,Right hand shoulder blocked due to accident on I-280 Southbound at John Daly Blvd. | At Farm Hill Blvd - Accident.,3,4,"CA-1, I-280 S",Overcast,53.4
2017-05-17 04:00:00,62.62,At Airport Blvd/Produce Ave/Exit 424 - Accident.,2,1,US-101 N,Partly Cloudy,51.1
2017-05-17 05:00:00,64.96,#4 lane blocked due to accident on I-280 Northbound before Exits 3A 3B Bird Ave. | Right hand shoulder blocked due to accident on US-101 Northbound after Exits 386A 386B McKee Rd.,3,3,"Bird Ave, Bayshore Fwy S",Scattered Clouds,53.4
2017-05-17 06:00:00,44.26,#2 lane blocked due to accident on US-101 Northbound before Exit 382 Capitol Expy. | Right hand shoulder blocked due to accident on US-101 Southbound before Shoreline Blvd.,3,9,"E Capitol Expy, Bayshore Fwy S, US-101 N",Partly Cloudy,52.5
2017-05-17 07:00:00,25.03,Accident on Castro Valley Blvd at John Dr. | Lane blocked due to accident on I-80 Westbound before Toll Plaza.,3,10,"Strobridge Ave, I-80 W, Nimitz Fwy S",Partly Cloudy,54.6
2017-05-17 08:00:00,25.01,Accident on I-880 Northbound before High st. | Right hand shoulder blocked due to accident on US-101 Northbound before 13th St.,3,21,"42nd Ave, US-101 N, US-101",Mostly Cloudy,57.2
2017-05-17 09:00:00,25.12,Right hand shoulder blocked due to accident on I-580 Westbound before Exit 24 Coolidge Ave. | Accident on Meekland Ave at A St.,3,7,"I-580 E, A St, Scott Blvd",Scattered Clouds,59.1
2017-05-17 10:00:00,57.89,Right hand shoulder blocked due to accident on I-880 Southbound before Broadway. | #1 lane blocked due to accident on I-80 Eastbound at Exit 19A El Portal Dr.,3,2,"Nimitz Fwy S, I-80 E",Clear,61.1
2017-05-17 11:00:00,63.1,At Golden Gate Bridge/Toll Plaza - Accident. | Ramp to I-580/27th St - Accident.,2,2,"Golden Gate Brg N, CA-24 W",Scattered Clouds,63.0
2017-05-17 12:00:00,63.19,Right hand shoulder blocked due to accident on I-580 Westbound at Exit 11 I-80 I-580.,3,1,Eastshore Fwy W,Partly Cloudy,66.0
2017-05-17 13:00:00,63.53,Accident on CA-92 Eastbound at Exit 14A Baker Way. | Accident on I-80 Westbound at Exit 15 Cutting Blvd.,3,6,"CA-92 E, I-80 W, I-238 S",Clear,69.5
2017-05-17 14:00:00,65.59,Accident on I-80 Eastbound at Exit 16A MacDonald Ave. | #3 lane blocked due to accident on US-101 Southbound at Exits 420 421 Millbrae Ave.,3,6,"MacDonald Ave, Bayshore Fwy S, James Lick Fwy N",Scattered Clouds,67.9
2017-05-17 15:00:00,61.32,#1 lane blocked due to accident on I-280 Southbound at Exit 16 El Monte Rd. | Accident on I-880 Northbound at Exit 27 CA-92 Jackson St.,3,10,"I-280 S, I-880 N, I-580 E",Clear,70.3
2017-05-17 16:00:00,61.28,Left lane blocked due to accident on I-280 Southbound at Exit 20 County Hwy-G3 Page Mill Rd. | Accident on I-280 Southbound at Exit 20 County Hwy-G3 Page Mill Rd.,3,11,"I-280 S, I-580 E, US-101 N",Clear,68.9
2017-05-17 17:00:00,61.78,#3 lane blocked due to accident on I-580 Eastbound at I-80. | Accident on CA-84 Eastbound at US-101.,3,10,"I-580 E, Rolison Rd, CA-242 S",Clear,69.2
2017-05-17 18:00:00,62.47,Accident on I-880 Southbound at CA-237. | Closed between Grant St/Solano Way and Concord Ave - Road closed due to accident.,4,3,"Nimitz Fwy S, Grant St",Partly Cloudy,67.6
2017-05-17 19:00:00,63.28,Accident on I-580 Eastbound at Gilman St. | At Vermont St - Accident.,3,2,"I-580 W, James Lick Fwy S",Partly Cloudy,60.0
2017-05-17 20:00:00,63.0,Queueing traffic due to accident on US-101 Southbound in Bolinas.,2,1,US-101 S,Partly Cloudy,54.0
2017-05-17 21:00:00,62.85,Accident on US-101 at Exits 419A 419B Bayshore Hwy. | Accident on Tasman Dr at I-880.,2,3,"Broadway, Tasman Dr, San Tomas Expy",Partly Cloudy,55.9
2017-05-17 22:00:00,62.56,Normal traffic flow,0,0,,Clear,58.4
2017-05-17 23:00:00,61.79,Accident on Olympic Blvd both ways at Alpine Rd. | Right hand shoulder blocked due to accident on I-580 Eastbound at Exits 2 2B Main St.,3,3,"Olympic Blvd, Main St, US-101 S",Clear,54.9
2017-05-18 00:00:00,61.4,Normal traffic flow,0,0,,Clear,58.4
2017-05-18 01:00:00,60.99,Accident on Samaritan Dr both ways at CA-85. | Lane blocked due to accident on I-880 Northbound at Exits 33A 33B Marina Blvd.,3,2,"Union Ave, Marina Blvd",Clear,53.6
2017-05-18 02:00:00,60.92,Accident on Samaritan Dr both ways at Union Ave. | Accident on CA-85 Southbound at CA-17.,2,2,"Union Ave, CA-17 S",Clear,53.1
2017-05-18 03:00:00,61.12,Normal traffic flow,0,0,,Clear,58.4
2017-05-18 04:00:00,62.39,Accident on I-880 Southbound from Exit 19 Thornton Ave to Exit 17 Mowry Ave.,3,1,Mowry Ave,Clear,51.8
2017-05-18 05:00:00,64.98,Right lane blocked due to accident on CA-24 Westbound at I-580 . | Ramp to I-580/27th St - Accident. Right lane blocked.,2,2,"I-580 W, CA-24 W",Partly Cloudy,54.0
2017-05-18 06:00:00,44.52,Accident on Hacienda Ave at Ricardo Ave. | Right hand shoulder blocked due to accident on I-880 Northbound before Marina Blvd.,3,4,"Hacienda Ave, Marina Blvd, I-880 N",Partly Cloudy,52.8
2017-05-18 07:00:00,24.3,#1 lane blocked due to accident on I-880 Southbound after I-238. | Restrictions on entry ramp due to accident on I-80 Westbound at Exit 22 Pinole Valley Rd.,3,7,"Nimitz Fwy S, Pinole Valley Rd, US-101 N",Clear,54.9
2017-05-18 08:00:00,24.27,Accident on 11th St at Keyes St. | Right hand shoulder blocked due to accident on CA-17 Northbound before Lark Ave.,3,6,"Keyes St, CA-17 N, US-101 N",Clear,58.8
2017-05-18 09:00:00,25.29,Ramp to CA-262/Mission Blvd/Warren Ave - Accident. | At Bowers Ave/Great America Pky - Accident.,3,2,"I-880 N, US-101 N",Clear,60.4
2017-05-18 10:00:00,34.86,Accident on I-880 Southbound after Embarcadero. | Accident on Brookside Dr at Giant Rd.,3,7,"Nimitz Fwy S, Brookside Dr, Price Ave",Clear,67.1
2017-05-18 11:00:00,60.87,Accident on US-101 Southbound before Exit 415 Kehoe Ave. | Accident on Alhambra Valley Rd at Deodara Way.,3,3,"Bayshore Fwy S, Alhambra Valley Rd",Clear,66.8
2017-05-18 12:00:00,63.01,Lane blocked due to accident on US-101 Northbound at Exit 433A Vermont St.,2,1,James Lick Fwy N,Partly Cloudy,73.9
2017-05-18 13:00:00,63.42,At Vermont St - Accident.,2,1,James Lick Fwy N,Partly Cloudy,73.9
2017-05-18 14:00:00,62.79,At Austin Way - Accident.,2,1, Saratoga Los Gatos Rd,Partly Cloudy,80.1
2017-05-18 15:00:00,61.63,Accident on I-80 Eastbound at 7th St. | #4 lane blocked due to accident on I-80 Westbound at Exit 4A Treasure Is.,3,5,"James Lick Fwy N, San Francisco-Oakland Bay Brg E, CA-24 W",Clear,77.5
2017-05-18 16:00:00,61.55,Accident on I-580 Eastbound at Exit 45 Dougherty Rd. | At Brokaw Rd - Accident.,3,3,"I-580 E, I-880 S, Nimitz Fwy S",Clear,78.0
2017-05-18 17:00:00,61.08,Lane blocked due to accident on Dublin Canyon Rd at Castro Valley Blvd.,2,1,E Castro Valley Blvd,Clear,71.1
2017-05-18 18:00:00,62.17,#1 lane blocked due to accident on I-680 Westbound at Exit 53 CA-4. | At CA-242/Gregory Ln - Accident.,3,7,"CA-4 W, I-680 N, Nimitz Fwy S",Partly Cloudy,75.0
2017-05-18 19:00:00,63.5,Right lane blocked due to accident on I-280 Southbound at Exit 52 San Jose Ave.,3,1,I-280 S,Scattered Clouds,62.1
2017-05-18 20:00:00,63.49,Right hand shoulder blocked due to accident on County Hwy-G2 Lawrence Expy at Pruneridge Ave. | Closed between Tully Rd and Capitol Expy - Road closed due to accident.,4,2,"Pruneridge Ave, Bayshore Fwy S",Clear,66.0
2017-05-18 21:00:00,63.12,Right hand shoulder blocked due to accident on I-680 Northbound at Exits 30A 30B I-580.,3,1,I-680 N,Clear,68.0
2017-05-18 22:00:00,62.82,Accident on I-580 Eastbound at Exit 22 Park Blvd.,3,1,I-580 E,Clear,59.0
2017-05-18 23:00:00,61.8,Lane blocked due to accident on I-680 Northbound at Exit 51 Willow Pass Rd.,3,1,I-680 N,Clear,63.0
2017-05-19 00:00:00,61.44,Right hand shoulder blocked due to accident on I-880 Northbound at Exits 1A 1B 1D Bascom Ave. | Lane blocked due to accident on US-101 Southbound at Exit 394 County Hwy-G2 Lawrence Expy.,3,4,"N Bascom Ave, Lawrence Expy, Bayshore Fwy S",Clear,59.3
2017-05-19 01:00:00,61.06,Two lanes blocked due to accident on I-580 Eastbound at Exits 31 31B Grand Ave. | Right hand shoulder blocked due to accident on CA-24 Eastbound at Exit 10 Saint Stephens Dr.,3,2,"I-580 W, CA-24 E",Clear,59.0
2017-05-19 02:00:00,60.87,Accident on US-101 Southbound before 3rd St. | Right hand shoulder blocked due to accident on I-880 Southbound at 98th Ave.,3,3,"James Lick Fwy S, Nimitz Fwy S, I-580 E",Clear,57.7
2017-05-19 03:00:00,61.26,Normal traffic flow,0,0,,Clear,58.4
2017-05-19 04:00:00,62.55,Accident on Redwood Rd at Skyline Blvd.,2,1,Redwood Rd,Clear,57.0
2017-05-19 05:00:00,64.24,Two lanes blocked due to accident on CA-85 Northbound at Exits 22A 22C 23 CA-237. | Right hand shoulder blocked due to accident on I-680 Southbound after Exit 25 Pleasanton Sunol Rd.,3,7,"Norman Y Mineta Hwy, I-680 S, Nimitz Fwy S",Clear,54.1
2017-05-19 06:00:00,45.3,One lane blocked due to accident on I-280 Northbound at San Bruno Ave. | Closed at I-680/Sinclair Fwy/Calaveras Rd - Road closed due to accident.,4,3,"Junipero Serra Fwy N,  Niles Canyon Rd",Clear,56.1
2017-05-19 07:00:00,31.98,Right hand shoulder blocked due to accident on CA-35 Skyline Blvd Northbound at Page Mill Rd. | Right hand shoulder blocked due to accident on I-280 Northbound at Exit 41 CA-35.,3,2,"Page Mill Rd, Junipero Serra Fwy N",Clear,57.1
2017-05-19 08:00:00,30.09,One lane blocked due to accident on I-80 Eastbound at Exits 2B 2C Bryant St. | Accident on Lafayette St at Aldo Ave.,3,3,"San Francisco-Oakland Bay Brg E, Aldo Ave, I-280 S",Clear,67.0
2017-05-19 09:00:00,25.19,Right hand shoulder blocked due to accident on US-101 Southbound at Exit 403 CA-109 University Ave. | Right hand shoulder blocked due to accident on US-101 Northbound at Exits 386A 386B McKee Rd.,3,7,"Bayshore Fwy S, I-880 N, Hess Rd",Clear,68.7
2017-05-19 10:00:00,33.16,Right hand shoulder blocked due to accident on I-280 Northbound at Exit 33 CA-92. | One lane blocked due to accident on CA-84 Westbound at Dumbarton Bridge.,3,4,"Junipero Serra Fwy N, Dumbarton Bridge,  El Camino Real",Clear,68.7
2017-05-19 11:00:00,41.42,One lane blocked due to accident on I-280 Northbound at Guadalupe Pkwy Exits 4 5 6 / Lelong St. | Right lane blocked due to accident on CA-87 Northbound at Exits 3 3A Curtner Ave.,3,3,"Sinclair Fwy N, Guadalupe Fwy N, Junipero Serra Fwy N",Clear,74.7
2017-05-19 12:00:00,61.15,Right lane blocked due to accident on US-101 Northbound at Exit 414A Hillsdale Blvd. | Slow lane blocked due to accident on I-880 Northbound at Exit 31B Washington Ave.,3,5,"US-101 N, I-880 N, Bayfront Expy W",Clear,78.5
2017-05-19 13:00:00,62.91,#1 lane blocked due to accident on I-580 Eastbound at Exit 36 Redwood Rd. | Lane blocked due to accident on CA-1 Cabrillo Hwy Northbound at 1st St.,3,6,"I-580 E, Cabrillo Hwy, Coast Hwy",Clear,73.8
2017-05-19 14:00:00,61.85,#3 lane blocked due to accident on I-680 Northbound at Exit 46 Hillside Ave. | Accident on I-880 Northbound at Exit 27 CA-92 Jackson St.,3,4,"I-680 N, I-880 N, Bayshore Fwy S",Clear,77.2
2017-05-19 15:00:00,60.87,#1 lane blocked due to accident on US-101 Eastbound at CA-92. | #3 lane blocked due to accident on US-101 Southbound at Exit 417 Poplar Ave.,3,11,"CA-92 E, Bayshore Fwy S, US-101 N",Clear,83.3
2017-05-19 16:00:00,62.14,#1 &amp; #2 lane blocked due to accident on US-101 Southbound at Oakland Rd. | Right lane blocked due to accident on I-680 Northbound at Exits 1B 1C King Rd.,3,5,"Bayshore Fwy S, I-680 N, US-101 N",Clear,85.7
2017-05-19 17:00:00,63.16,#2 lane blocked due to accident on I-80 I-580 Eastbound at Exit 9 I-580. | Accident on CA-85 Southbound at Exits 18 19 Stevens Creek Blvd.,3,4,"I-580 W, CA-85 S, Coleman Ave",Clear,79.8
2017-05-19 18:00:00,63.56,At Hacienda Dr - Accident. | At Airway Blvd - Accident.,2,5,"I-580 W, I-580 E, US-101 N",Clear,78.2
2017-05-19 19:00:00,63.96,At Embarcadero Rd/Exit 402 - Accident. | At Ralston Ave/Marine Pky/Exit 412 - Accident.,2,2,"Bayshore Fwy S, US-101 N",Clear,71.6
2017-05-19 20:00:00,63.03,Accident on I-580 Eastbound at Peralta St. | Ramp to CA-92/Fashion Island Blvd - Accident.,3,3,"I-580 W,  S Amphlett Blvd, Bayshore Fwy S",Clear,65.1
2017-05-19 21:00:00,63.82,Right hand shoulder blocked due to accident on I-880 Northbound at Exit 29 A St. | Accident on Castro Valley Blvd at Norbridge Ave.,3,5,"I-880 N, Norbridge Ave, US-101 N",Clear,64.6
2017-05-19 22:00:00,63.3,Normal traffic flow,0,0,,Clear,58.4
2017-05-19 23:00:00,62.43,Right hand shoulder blocked due to accident on I-280 Southbound at Magdalena Ave. Expect delays. | Accident on I-680 Northbound at Exit 5A Hostetter Rd. Expect delays.,3,3,"Junipero Serra Fwy N, Hostetter Rd, Alvarado Niles Rd",Clear,62.7
2017-05-20 00:00:00,61.76,Accident on I-280 Northbound at Race St.,3,1,Sinclair Fwy N,Clear,64.0
2017-05-20 01:00:00,61.48,Right hand shoulder blocked due to accident on CA-9 Big Basin Way Eastbound at Redwood Gulch Rd. Expect delays. | Right hand shoulder blocked and #3 lane blocked due to accident on I-880 Southbound at 16th Ave.,3,2,"Big Basin Way, Nimitz Fwy S",Clear,59.6
2017-05-20 02:00:00,61.14,Accident on CA-237 Eastbound at I-880. | Accident on I-680 Northbound at Exit 31 San Ramon Valley Blvd.,3,3,"CA-237, I-680 S, I-680 N",Clear,56.7
2017-05-20 03:00:00,61.17,#1 #2 lane blocked due to accident on I-80 Eastbound at San Pablo Ave. | Middle lane blocked and right hand shoulder blocked due to accident on I-280 Southbound at John Daly Blvd.,3,2,"I-80 E, I-280 S",Clear,56.0
2017-05-20 04:00:00,61.54,Lane blocked due to accident on Conzelman Rd Northbound at McCullough Rd. | Accident on Railroad Ave at Castlewood Dr.,2,2,"Conzelman Rd, Railroad Ave",Clear,55.0
2017-05-20 05:00:00,62.5,Accident on I-880 Northbound at Exit 16 Stevenson Blvd.,3,1,Nimitz Fwy N,Clear,55.4
2017-05-20 06:00:00,62.51,Accident on I-680 Southbound at Exit 25 Pleasanton Sunol Rd.,3,1,I-680 S,Clear,55.9
2017-05-20 07:00:00,63.62,Accident on I-680 Southbound at Exits 21 21A 21B CA-84 Paloma Rd.,3,1,I-680 S,Clear,62.1
2017-05-20 08:00:00,62.32,Accident on I-580 Westbound at Exit 48 El Charro Rd. | #1 #2 lane blocked due to accident on I-880 Southbound at Exits 33A 33B Marina Blvd.,3,2,"I-580 W, Nimitz Fwy S",Clear,63.5
2017-05-20 09:00:00,61.62,Normal traffic flow,0,0,,Clear,58.4
2017-05-20 10:00:00,60.17,Two lanes blocked due to accident on I-80 Westbound at Exits 2B 2C Bryant St. | Right lane blocked due to accident on I-580 Westbound at I-980.,3,2,"I-80 W, I-580 E",Clear,70.0
2017-05-20 11:00:00,60.67,Normal traffic flow,0,0,,Clear,58.4
2017-05-20 12:00:00,60.44,Multi-vehicle accident on I-680 Northbound at Exit 12 CA-262 Mission Blvd. Emergency vehicles at scene.,3,1,I-680 S,Clear,80.1
2017-05-20 13:00:00,58.57,Right hand shoulder blocked due to accident on I-880 Northbound at Exit 27 CA-92 Jackson St. | Right hand shoulder blocked due to accident on I-80 I-580 Eastbound at Exit 10 I-580.,3,6,"I-880 N, I-580 W, 98th Ave",Clear,78.4
2017-05-20 14:00:00,60.46,Accident on CA-130 Alum Rock Ave Westbound at US-101. | Right hand shoulder closed due to accident on US-101 Northbound at Exit 414B CA-92.,3,6,"Alum Rock Ave, J Arthur Younger Fwy W, Richmond Pkwy",Clear,87.4
2017-05-20 15:00:00,60.9,Accident on Marlborough Ave at Northumberland Ave. | Right hand shoulder blocked due to accident on I-280 Northbound at Exit 47A Serramonte Blvd.,3,3,"Northumberland Ave, I-280 S, I-80 E",Partly Cloudy,86.6
2017-05-20 16:00:00,60.89,Accident on Hesperian Blvd Northbound at Paseo Grande. | One lane blocked due to accident on I-80 Westbound at Exit 18 San Pablo Dam Rd.,3,2,"Hesperian Blvd, I-80 W",Clear,90.0
2017-05-20 17:00:00,60.57,Accident on CA-13 Warren Fwy Northbound at Exit 4 Moraga Ave. | One lane blocked due to accident on I-80 I-580 Westbound at Exit 9 I-580.,3,2,"Warren Fwy N, I-80 W",Partly Cloudy,78.1
2017-05-20 18:00:00,60.82,Normal traffic flow,0,0,,Clear,58.4
2017-05-20 19:00:00,62.37,Normal traffic flow,0,0,,Clear,58.4
2017-05-20 20:00:00,61.73,Accident on CA-85 Northbound at Exit 11B Winchester Blvd. | Accident on CA-87 Southbound at Exits 1 1D Narvaez Ave.,2,2,"Norman Y Mineta Hwy, Guadalupe Fwy N",Clear,76.4
2017-05-20 21:00:00,61.58,Three lanes blocked due to accident on US-101 Northbound at Exit 402 Embarcadero Rd. SigAlert issued. | Queueing traffic and right hand shoulder blocked due to accident on I-80 Eastbound at Exit 4A Treasure Is.,3,2,"Embarcadero Rd, San Francisco-Oakland Bay Brg E",Clear,65.5
2017-05-20 22:00:00,62.73,#1 lane blocked due to accident on CA-92 Westbound at Toll Plaza. | Accident on I-680 Northbound at Exit 34 Bollinger Canyon Rd.,3,3,"J Arthur Younger Fwy W, I-680 N, US-101 N",Clear,66.3
2017-05-20 23:00:00,62.58,Right hand shoulder blocked due to accident on I-580 Westbound at Castro Valley Blvd.,3,1,I-580 W,Clear,64.0
2017-05-21 00:00:00,61.82,Normal traffic flow,0,0,,Clear,58.4
2017-05-21 01:00:00,61.42,#1 lane blocked due to accident on I-280 Southbound at Bird Ave. | Right hand shoulder blocked due to accident on I-580 Westbound at Castro Valley Blvd.,3,3,"I-280 S, I-580 W, I-580 E",Clear,64.1
2017-05-21 02:00:00,61.18,Normal traffic flow,0,0,,Clear,58.4
2017-05-21 03:00:00,61.02,Normal traffic flow,0,0,,Clear,58.4
2017-05-21 04:00:00,61.27,#3 lane blocked due to accident on I-680 Southbound at Exit 26 Bernal Ave. | Right hand shoulder blocked due to accident on I-880 Southbound at Exits 33A 33B Marina Blvd.,3,3,"I-680 S, Nimitz Fwy S, I-580 W",Clear,57.6
2017-05-21 05:00:00,61.78,Middle lane blocked due to accident on I-280 Southbound at Exit 27 Farm Hill Blvd.,3,1,I-280 S,Partly Cloudy,57.2
2017-05-21 06:00:00,61.78,Normal traffic flow,0,0,,Clear,58.4
2017-05-21 07:00:00,62.29,Right lane blocked due to accident on I-280 Southbound at Exits 1 1B 2 11th St.,3,1,I-280 S,Clear,68.0
2017-05-21 08:00:00,62.72,Right lane blocked due to accident on I-580 Westbound at Exit 22B MacArthur Blvd. | Right hand shoulder blocked due to accident on I-680 Northbound at Exits 1B 1C Jackson Ave.,3,5,"I-580 W, I-680 N, Southbay Fwy",Clear,69.4
2017-05-21 09:00:00,61.18,Normal traffic flow,0,0,,Clear,58.4
2017-05-21 10:00:00,60.11,Left lane blocked due to accident on Crow Canyon Rd at I-580.,2,1,E Castro Valley Blvd,Clear,73.9
2017-05-21 11:00:00,63.26,#3 lane blocked due to accident on I-680 Eastbound at Exits 30A 30B I-580. | Right hand shoulder blocked due to accident on I-580 Westbound at Exit 45 Dougherty Rd.,3,6,"I-580 E, I-580 W, CA-24 W",Clear,79.9
2017-05-21 12:00:00,59.88,Accident on Dougherty Rd at Dublin Blvd.,2,1,Dougherty Rd,Clear,88.0
2017-05-21 13:00:00,60.65,Accident on US-101 Southbound at Exits 420 421 Millbrae Ave. | Accident on Hampton Rd at Cambridge Ave.,2,2,"Bayshore Fwy S, Hampton Rd",Clear,79.5
2017-05-21 14:00:00,59.67,Accident on I-680 Northbound at Exits 1B 1C King Rd. | Accident on CA-17 Northbound at Exit 25 Salmar Ave.,3,4,"I-680 N, CA-17 S, Mabury Rd",Clear,90.7
2017-05-21 15:00:00,60.38,Closed between Hamilton Ave and I-280/I-880 - Road closed due to accident.,4,1,CA-17 N,Partly Cloudy,88.0
2017-05-21 16:00:00,60.48,Normal traffic flow,0,0,,Clear,58.4
2017-05-21 17:00:00,61.14,Normal traffic flow,0,0,,Clear,58.4
2017-05-21 18:00:00,62.08,Accident on I-580 Northbound at Exits 1 1B US-101.,3,1,US-101 N,Clear,82.4
2017-05-21 19:00:00,62.28,Normal traffic flow,0,0,,Clear,58.4
2017-05-21 20:00:00,61.08,Accident on 150th Ave at Patton Ave.,2,1,150th Ave,Clear,66.0
2017-05-21 21:00:00,62.02,Accident on I-280 Northbound at Exits 49 49B CA-1.,3,1,John Daly Blvd,Partly Cloudy,54.0
2017-05-21 22:00:00,61.62,#2 lane blocked due to accident on I-80 I-580 Westbound near Powell St. | At Powell St - Accident.,3,3,"Eastshore Fwy W, John F Foran Fwy",Mostly Cloudy,55.7
2017-05-21 23:00:00,61.56,Right hand shoulder blocked due to accident on I-580 Eastbound at Exit 36 Redwood Rd. | Lane blocked due to accident on I-80 Eastbound at Exits 8A 8B I-880.,3,2,"Redwood Rd, I-80 W",Clear,56.9
2017-05-22 00:00:00,61.29,Lane blocked due to accident on I-680 Northbound at Exit 48 Main St. | Lane blocked due to accident on CA-84 Eastbound around CA-109 University Ave.,3,3,"I-680 S, Bayfront Expy W, Cabrillo Hwy N",Overcast,56.7
2017-05-22 01:00:00,61.01,One lane blocked due to accident on US-101 Southbound at Exits 423A 423B 423C I-380. | Right hand shoulder blocked due to accident on I-580 Westbound at Exit 7A Western Dr.,3,2,"Bayshore Fwy S, I-580 W",Clear,58.0
2017-05-22 02:00:00,60.79,Right hand shoulder blocked due to accident on I-680 Southbound before Andrade Rd. | Accident on US-101 Southbound at Paul Ave.,3,4,"Andrade Rd, James Lick Fwy S, I-580 W",Clear,57.0
2017-05-22 03:00:00,61.17,Normal traffic flow,0,0,,Clear,58.4
2017-05-22 04:00:00,62.64,Right hand shoulder blocked due to accident on I-80 Westbound after Toll Plaza.,3,1,I-80 W,Partly Cloudy,55.0
2017-05-22 05:00:00,63.34,Accident on I-680 Southbound at Sunol Blvd. | Lane blocked on entry ramp due to accident on I-280 Northbound at US-101.,3,7,"I-680 S, I-680 N, Hathaway Ave",Clear,56.2
2017-05-22 06:00:00,44.45,Accident on US-101 Southbound at I-680. | Right hand shoulder blocked due to accident on CA-84 Westbound after Quarry Rd.,3,12,"I-680 N, Bayfront Expy W, I-680 S",Clear,57.6
2017-05-22 07:00:00,24.54,Accident on US-101 Northbound before I-880 . | Slow lane blocked due to accident on CA-87 Northbound at Santa Teresa Blvd.,3,6,"I-880 N, Norman Y Mineta Hwy, McLaughlin Ave",Overcast,57.9
2017-05-22 08:00:00,22.1,Accident on I-680 Southbound at I-280. | Accident and stalled vehicle on I-80 Westbound before Toll Plaza.,3,17,"I-680 S, I-80 W, I-880 N",Clear,60.0
2017-05-22 09:00:00,44.88,#2 lane blocked due to accident on US-101 Northbound before Exit 383 Tully Rd. | Right hand shoulder blocked due to accident on CA-87 Guadalupe Pkwy Southbound from Taylor St.,3,14,"Bayshore Fwy S, Guadalupe Pkwy N, Ellis St",Partly Cloudy,62.5
2017-05-22 10:00:00,57.07,Right hand shoulder blocked due to accident on CA-237 Westbound before Lawrence Expy. | Accident on I-680 Southbound before Mission Blvd. On the median.,3,5,"Lawrence Expy, I-680 S, CA-237 W",Clear,65.8
2017-05-22 11:00:00,62.02,Restrictions on exit ramp due to accident on I-880 Southbound at High St. | #1 lane blocked due to accident on I-80 I-580 Westbound after Powell St.,3,8,"High St, I-80 W, I-880 N",Partly Cloudy,66.2
2017-05-22 12:00:00,61.67,Accident on I-580 Westbound at Exits 1 1B US-101. | Accident on Sir Francis Drake Blvd Eastbound at San Anselmo Ave.,3,11,"I-580 W, Sir Francis Drake Blvd, I-80 W",Clear,75.5
2017-05-22 13:00:00,62.91,Accident on US-101 Southbound at CA-87 Charcot Ave. | At I-680 - Accident.,2,6,"Bayshore Fwy S, John Muir Pkwy E, Homestead Rd",Clear,82.2
2017-05-22 14:00:00,62.3,Slow lane blocked due to accident on I-580 Westbound at Exit 23 Fruitvale Ave. | Slow lane blocked due to accident on CA-17 Southbound at Exits 21 22 Lark Ave.,3,10,"I-580 W, CA-17 S, Junipero Serra Fwy N",Partly Cloudy,81.2
2017-05-22 15:00:00,61.01,Middle lane blocked due to accident on I-280 Northbound at Exits 3A 3B Bird Ave. | At Clawiter Rd/Eden Landing Rd - Accident.,3,10,"Sinclair Fwy N, CA-92 E, I-680 N",Clear,80.1
2017-05-22 16:00:00,61.78,Slow lane blocked due to accident on CA-1 Southbound at US-101 Presidio Pkwy. | #2 lane blocked due to accident on I-80 I-580 Westbound at CA-13 Ashby Ave.,3,12,"State Highway 1, I-580 E, CA-4 E",Partly Cloudy,76.0
2017-05-22 17:00:00,61.9,At Embarcadero Rd/Exit 402 - Accident. | At CA-114/Exit 404A/Exit 404B - Accident.,2,14,"US-101 N, Grove Shafter Fwy E, 17th St",Clear,81.1
2017-05-22 18:00:00,62.83,#1 lane blocked due to accident on I-280 Northbound at Exits 4 5A Southwest Expy. | At Bay Bridge Toll Plz - Accident.,3,8,"Sinclair Fwy N, San Francisco-Oakland Bay Brg E, Guadalupe Pkwy S",Partly Cloudy,73.2
2017-05-22 19:00:00,62.74,At Geary Blvd - Accident. | Ramp to CA-85 - Accident.,2,2,"Park Presidio Blvd, I-280 S",Clear,64.0
2017-05-22 20:00:00,62.29,Accident on US-101 Southbound at Exits 395 395A 395B Fair Oaks Ave. | At Fair Oaks Ave - Accident.,2,3,Bayshore Fwy S,Clear,62.3
2017-05-22 21:00:00,61.78,Right hand shoulder blocked due to accident Car &amp; Deer involved on CA-35 Skyline Blvd at CA-9. | Right hand shoulder blocked due to accident on CA-92 Westbound at Exit 10 Hillsdale Blvd.,3,8,"Highway 9, J Arthur Younger Fwy W, 42nd Ave",Clear,62.7
2017-05-22 22:00:00,61.93,One lane blocked due to accident on US-101 Southbound at Exit 432 Cesar Chavez. | At Brokaw Rd/1st St/Exit 389B - Accident.,2,2,"James Lick Fwy S, US-101 N",Mostly Cloudy,61.0
2017-05-22 23:00:00,61.66,Slow lane blocked due to accident on I-880 Southbound at Exit 24 Whipple Rd. | One lane blocked due to accident on I-380 Eastbound at Exit 5 CA-82 El Camino Real.,3,2,"I-880 N, I-380 W",Clear,56.4
2017-05-23 00:00:00,61.16,Normal traffic flow,0,0,,Clear,58.4
2017-05-23 01:00:00,60.78,One lane blocked due to recovery work and accident on I-880 Northbound at Exit 41B I-980.,3,1,Webster Street Tube,Partly Cloudy,55.9
2017-05-23 02:00:00,60.9,Fast lane blocked due to accident on I-280 Southbound before I-380.,3,1,I-280 S,Partly Cloudy,54.0
2017-05-23 03:00:00,61.23,Normal traffic flow,0,0,,Clear,58.4
2017-05-23 04:00:00,62.28,Right hand shoulder blocked due to accident on I-280 Northbound near Parkmoor Ave.,3,1,Sinclair Fwy N,Overcast,60.1
2017-05-23 05:00:00,63.29,Restrictions on entry ramp due to accident on I-280 Southbound at Cesar Chavez. | Accident on I-80 Westbound after Toll Plaza.,3,6,"Cesar Chavez, I-80 W, Alanna Way",Overcast,55.8
2017-05-23 06:00:00,41.27,Accident on I-880 Southbound at Exit 26 Tennyson Rd. | Right hand shoulder blocked due to accident on CA-87 Northbound after Capitol Expy.,3,4,"Nimitz Fwy S, Guadalupe Fwy N, Bayshore Fwy S",Haze,55.5
2017-05-23 07:00:00,24.95,Accident on CA-92 Jackson St Westbound before Hesperian Blvd. On the median. | Accident on I-580 Westbound before Exit 51 Isabel Ave.,3,17,"W Jackson St, I-580 W, Central Ave",Haze,58.3
2017-05-23 08:00:00,23.36,Accident on I-580 Westbound at Exit 45 Dougherty Rd. | Right hand shoulder blocked due to accident on I-580 Westbound after Exit 46 Hacienda Dr.,3,16,"I-580 E, I-580 W, Crow Canyon Rd",Overcast,60.4
2017-05-23 09:00:00,21.98,Right hand shoulder blocked due to accident on US-101 Northbound before I-380. | Slow lane blocked due to accident on I-580 Westbound before Exit 51 Isabel Ave.,3,9,"US-101 N, Isabel Ave, I-80 E",Clear,62.5
2017-05-23 10:00:00,53.31,Restrictions on entry ramp due to accident on I-580 Westbound at Exit 51 Isabel Ave. | Lane blocked on exit ramp due to accident on I-80 Westbound at San Pablo Ave.,3,10,"Isabel Ave, I-80 W, S Airport Blvd",Clear,68.0
2017-05-23 11:00:00,62.24,Accident on I-580 Westbound at Strobridge Ave. | At Airport Blvd/Produce Ave/Exit 424 - Accident. Left lane blocked.,3,4,"I-580 E, Bayshore Fwy S, CA-24 W",Clear,69.0
2017-05-23 12:00:00,62.13,Lane blocked due to accident on CA-84 Eastbound at Exit 37 Ardenwood Blvd. | Accident on I-580 Eastbound at Gilman St.,3,3,"CA-84 E, I-580 W, Bayshore Fwy S",Clear,68.0
2017-05-23 13:00:00,54.79,#5 lane blocked due to accident on US-101 Northbound at Exits 400A 400B Rengstorff Ave. | Lane blocked due to accident on Lake Chabot Rd at Barlow Dr.,2,3,"US-101 N, Lake Chabot Rd, I-680 N",Clear,77.7
2017-05-23 14:00:00,61.65,Lane blocked due to accident on I-80 I-580 Westbound at Exit 10 I-580. | #1 lane blocked due to accident on I-80 I-580 Westbound at University Ave.,3,5,"I-580 E, Eastshore Fwy W,  Cherry Ln",Partly Cloudy,75.0
2017-05-23 15:00:00,60.96,#3 lane blocked due to accident on I-580 Westbound at Exits 7B 8 Canal Blvd. | #4 &amp; #5 lane blocked due to accident on I-880 Northbound at Exit 10 Dixon Landing Rd.,3,9,"I-580 W, I-880 N, I-280 S",Clear,75.0
2017-05-23 16:00:00,61.62,#3 lane blocked due to accident on I-280 Southbound at US-101. | #3 lane blocked due to accident on US-101 Northbound at Exits 400A 400B Rengstorff Ave.,3,7,"I-680 S, US-101 N, Warren Fwy N",Partly Cloudy,72.4
2017-05-23 17:00:00,61.34,Lane blocked due to accident on CA-87 Southbound at Exits 3 3A Curtner Ave. | Fast lane blocked due to accident on CA-85 Southbound at I-280.,3,6,"Guadalupe Fwy S, Norman Y Mineta Hwy, CA-237 W",Clear,66.0
2017-05-23 18:00:00,61.52,#2 lane blocked due to accident on County Hwy-G2 Lawrence Expy Northbound at Homestead Rd. | #2 lane blocked due to accident on US-101 Northbound at Exit 397 Ellis St.,2,4,"Homestead Rd, US-101 N, US-101 S",Clear,66.8
2017-05-23 19:00:00,62.78,#3 lane blocked due to accident on I-680 Northbound at Exits 30A 30B I-580. | At Alcosta Blvd - Accident.,3,2,I-680 N,Clear,73.0
2017-05-23 20:00:00,63.28,Normal traffic flow,0,0,,Clear,58.4
2017-05-23 21:00:00,61.44,Right hand shoulder blocked due to accident on I-880 Northbound around Exit 37 66th Ave. | Right hand shoulder blocked due to accident on US-101 Southbound at Exit 412 Ralston Ave.,3,4,"I-880 N, Bayshore Fwy S, James Lick Fwy S",Clear,57.0
2017-05-23 22:00:00,62.02,Accident on I-580 Eastbound near 164th St. | Accident on I-80 Eastbound at Exit 18 San Pablo Dam Rd.,3,2,"I-580 E, I-80 E",Clear,59.0
2017-05-23 23:00:00,61.63,Two lanes blocked due to accident on I-980 Westbound at Exits 1A 1B 1C 1D 12th St. | Accident on Oak Dr both ways at Marine Dr.,3,4,"I-980 W, Oak Dr, I-880 S",Partly Cloudy,55.6
2017-05-24 00:00:00,61.43,Lane blocked due to accident on US-101 Southbound at Exits 386A 386B McKee Rd.,2,1,Bayshore Fwy S,Overcast,59.0
2017-05-24 01:00:00,60.93,Right hand shoulder blocked due to accident on US-101 Southbound at Exit 414B CA-92. | Right hand shoulder blocked due to accident on I-80 I-580 Westbound at Exit 9 I-580.,3,2,"CA-92 E, I-80 W",Clear,55.2
2017-05-24 02:00:00,61.02,Normal traffic flow,0,0,,Clear,58.4
2017-05-24 03:00:00,61.28,Normal traffic flow,0,0,,Clear,58.4
2017-05-24 04:00:00,62.72,Right lane blocked due to accident on I-680 Southbound before Exit 36 Crow Canyon Rd.,3,1,I-680 S,Overcast,53.1
2017-05-24 05:00:00,60.56,Right hand shoulder blocked due to accident on CA-87 Northbound before Capitol Expy. | Accident on Los Gatos Saratoga Rd at CA-17 .,3,7,"Guadalupe Fwy N, CA-17 S, US-101 N",Overcast,56.4
2017-05-24 06:00:00,42.58,Accident on I-680 Southbound near Mission Blvd. | Accident on I-80 Westbound before Exits 8A 8B I-880.,3,5,"I-680 S, I-80 W, W Winton Ave",Overcast,55.7
2017-05-24 07:00:00,26.9,Right hand shoulder blocked due to accident on I-680 Southbound before Exit 43 Livorna Rd. | Accident on US-101 Southbound after Silver Ave.,3,17,"Livorna Rd, James Lick Fwy S, Nimitz Fwy S",Overcast,55.8
2017-05-24 08:00:00,25.78,Right hand shoulder blocked due to accident on CA-17 Southbound at County Hwy-G4 Camden Ave. | Accident on I-880 Southbound before US-101. On the median.,3,9,"CA-17 S, I-880 S, Marina Blvd",Overcast,57.4
2017-05-24 09:00:00,41.35,Accident on I-280 Northbound before Exit 7 Saratoga Ave. | Right hand shoulder blocked due to accident on US-101 Northbound before Hillsdale Blvd.,3,16,"Saratoga Ave, Bayshore Fwy S, W Tennyson Rd",Overcast,58.1
2017-05-24 10:00:00,54.76,#2 lane blocked due to accident on I-580 Westbound before CA-84 Airway Blvd. | Accident on I-80 I-580 Westbound at Powell St.,3,4,"Airway Blvd, I-80 W, Greenwood Dr",Clear,61.8
2017-05-24 11:00:00,62.29,Slow lane blocked due to accident on I-880 Southbound before Exit 29 A St. | Accident on I-580 Westbound after Exit 46 Hacienda Dr.,3,3,"I-880 N, Hacienda Dr, Nimitz Fwy S",Overcast,64.7
2017-05-24 12:00:00,40.05,#2 lane blocked due to accident on US-101 Northbound at I-80 . | At Lark Ave - Accident.,2,4,"San Francisco-Oakland Bay Bridge, CA-17 N, I-580 W",Mostly Cloudy,66.8
2017-05-24 13:00:00,61.22,#1 lane blocked due to accident on CA-85 Southbound at Exits 18 19 Stevens Creek Blvd. | Accident on I-80 Westbound at Exits 2B 2C Bryant St.,3,4,"CA-85 S, James Lick Fwy N, I-680 S",Clear,69.0
2017-05-24 14:00:00,62.03,At Washington Blvd - Accident. | Ramp to I-880 SB and W Tennyson Rd EB - Accident.,2,6,"I-680 N, Nimitz Fwy S, I-880 N",Clear,70.6
2017-05-24 15:00:00,60.54,#2 lane blocked due to accident on US-101 Southbound at Exit 414B CA-92. | #1 lane blocked due to accident on I-580 Eastbound at Exit 50 CA-84 Airway Blvd.,3,12,"Bayshore Fwy S, I-580 E, I-880 S",Clear,70.8
2017-05-24 16:00:00,60.68,Accident on US-101 Northbound at Exits 400B 400C San Antonio Rd. | Left lane blocked due to accident on US-101 Southbound at Trimble Rd.,3,11,"US-101 N, Trimble Rd, Bayshore Fwy S",Mostly Cloudy,69.8
2017-05-24 17:00:00,61.79,Accident on I-580 Eastbound at Castro Valley Blvd. | Accident on County Hwy-G4 San Tomas Expy at Campbell Ave.,3,15,"I-580 E, W Campbell Ave, I-880 N",Mostly Cloudy,67.1
2017-05-24 18:00:00,62.18,#3 lane blocked due to accident on US-101 Southbound at Exits 400B 400C San Antonio Rd. | At I-980/CA-24 - Accident.,2,11,"US-101 N, I-580 E, John Muir Pkwy E",Mostly Cloudy,66.0
2017-05-24 19:00:00,64.21,Left lane blocked due to accident on I-580 Eastbound in San Anselmo.,3,1,Richmond-San Rafael Brg,Clear,58.4
2017-05-24 20:00:00,63.73,Queueing traffic and 2-Right lane blocked due to accident on I-880 Northbound at Exit 34 CA-61 Davis St. | Slow traffic due to accident on I-680 Northbound at Exits 1B 1C King Rd.,3,3,"I-880 N, I-680 N",Mostly Cloudy,61.8
2017-05-24 21:00:00,62.86,Accident on US-101 Northbound at Exits 424 425A Airport Blvd. | Slow traffic and right hand shoulder blocked due to accident on Appian Way at San Pablo Dam Rd.,3,4,"US-101 N, La Colina Rd, US-101",Mostly Cloudy,58.7
2017-05-24 22:00:00,62.57,At Panoramic Hwy (North) - Accident. | At El Charro Rd/Fallon Rd - Accident.,2,2,"Shoreline Hwy, I-580 E",Clear,55.2
2017-05-24 23:00:00,61.84,Right hand shoulder blocked due to accident on I-980 Westbound at Exits 1A 1B I-880. | At Eastbound I-380 Acc - Accident.,3,5,"I-880 S, I-280 S, Junipero Serra Fwy N",Clear,56.8
2017-05-25 00:00:00,61.32,At Great Mall Pky - Accident.,2,1,Nimitz Fwy S,Clear,57.0
2017-05-25 01:00:00,60.96,At 29th Ave - Accident.,2,1,I-880 N,Partly Cloudy,57.9
2017-05-25 02:00:00,60.98,At Richmond-San Rafael Brg - Accident. | At Santa Cruz Ave - Accident.,2,2,"Richmond-San Rafael Brg, CA-17 N",Mostly Cloudy,55.9
2017-05-25 03:00:00,61.17,At Sir Francis Drake Blvd - Accident. | At 7th St/Bryant St - Accident.,2,2,"US-101 S, James Lick Fwy N",Mostly Cloudy,55.6
2017-05-25 04:00:00,62.5,At US-101 - Accident. | At Santa Rita Rd/Tassajara Rd - Accident.,2,4,"San Francisco-Oakland Bay Bridge, I-580 W, I-680 S",Clear,54.5
2017-05-25 05:00:00,63.5,Normal traffic flow,0,0,,Clear,58.4
2017-05-25 06:00:00,44.51,At Ralston Ave - Accident.,2,1,CA-92 E,Overcast,57.2
2017-05-25 07:00:00,26.24,At I-680/Sinclair Fwy/Calaveras Rd - Accident. Right lane blocked. | Ramp to Exit 25 - Accident.,2,4," Vallecitos Rd, Nimitz Fwy S, Junipero Serra Fwy N",Overcast,59.3
2017-05-25 08:00:00,26.23,At Treasure Island Rd - Accident. Left lane blocked. | At First St - Accident.,4,3,"I-80 W, Southbay Fwy,  W El Camino Real",Mostly Cloudy,60.7
2017-05-25 09:00:00,27.15,At Brokaw Rd - Accident. | At Hamilton Ave - Accident.,2,4,"I-880 N, CA-17 N, Nimitz Fwy S",Mostly Cloudy,62.2
2017-05-25 10:00:00,60.68,At Airway Blvd - Accident.,2,1,I-580 W,Scattered Clouds,64.0
2017-05-25 11:00:00,62.74,At Scott Blvd - Accident. Left lane blocked. | At Hillsdale Blvd/Exit 414A - Accident. Left lane blocked.,3,5,"Scott Blvd, US-101 N, CA-24 E",Overcast,65.5
2017-05-25 12:00:00,62.11,Between Fair Oaks Ave and Mathilda Ave - Accident. | At Fruitvale Ave - Accident.,2,2,"US-101 N, I-580 E",Clear,67.0
2017-05-25 13:00:00,62.09,At 4th St/5th St - Accident. | At Vermont St - Accident.,2,5,"James Lick Fwy N, US-101 N, Junipero Serra Fwy N",Mostly Cloudy,66.2
2017-05-25 14:00:00,61.73,At CA-61/Davis St - Accident. | At CA-85 - Accident.,2,3,"Nimitz Fwy S, CA-237 E, Richmond-San Rafael Brg",Partly Cloudy,68.0
2017-05-25 15:00:00,61.89,At Powell St - Accident. | At US-101/CA-1/Redwood Hwy - Accident.,2,6,"I-580 W, US-101 N, I-680 S",Partly Cloudy,66.8
2017-05-25 16:00:00,61.92,At Redwood Hwy/Seminary Dr - Accident. | At 4th St/5th St - Accident.,2,3,"US-101 N, James Lick Fwy N, Junipero Serra Fwy N",Partly Cloudy,65.8
2017-05-25 17:00:00,62.16,At CA-237/Mountain View Alviso Rd - Accident. | At Powell St - Accident.,2,9,"Bayshore Fwy S, I-580 W, I-580 E",Clear,66.4
2017-05-25 18:00:00,62.48,At Fruitvale Ave - Accident. | Between San Bruno Ave and Eastbound I-380 Acc - Accident.,3,4,"I-580 E, Junipero Serra Fwy N, I-880 S",Partly Cloudy,63.0
2017-05-25 19:00:00,63.81,Between Marina Blvd and I-238/Washington Ave - Accident.,2,1,Nimitz Fwy S,Partly Cloudy,61.0
2017-05-25 20:00:00,63.35,Normal traffic flow,0,0,,Clear,58.4
2017-05-25 21:00:00,62.63,Normal traffic flow,0,0,,Clear,58.4
2017-05-25 22:00:00,62.43,Normal traffic flow,0,0,,Clear,58.4
2017-05-25 23:00:00,62.08,Normal traffic flow,0,0,,Clear,58.4
2017-05-26 00:00:00,61.38,Normal traffic flow,0,0,,Clear,58.4
2017-05-26 01:00:00,61.05,Normal traffic flow,0,0,,Clear,58.4
2017-05-26 02:00:00,60.97,Closed between Koopman Rd and Sunol Blvd - Road closed due to accident.,4,1, Koopman Rd,Overcast,57.0
2017-05-26 03:00:00,61.18,Normal traffic flow,0,0,,Clear,58.4
2017-05-26 04:00:00,62.79,Normal traffic flow,0,0,,Clear,58.4
2017-05-26 05:00:00,63.98,At CA-84/Decoto Rd - Accident. | At Industrial Pky - Accident.,2,2,Nimitz Fwy S,Overcast,59.0
2017-05-26 06:00:00,61.1,At Tennyson Rd - Accident.,2,1,Nimitz Fwy S,Overcast,59.0
2017-05-26 07:00:00,44.42,Normal traffic flow,0,0,,Clear,58.4
2017-05-26 08:00:00,47.08,At Gilman St - Accident.,2,1,Eastshore Fwy W,Overcast,59.0
2017-05-26 09:00:00,58.12,Normal traffic flow,0,0,,Clear,58.4
2017-05-26 10:00:00,61.42,At US-101 - Accident.,2,1,Central Fwy,Overcast,59.0
2017-05-26 11:00:00,61.68,Normal traffic flow,0,0,,Clear,58.4
2017-05-26 12:00:00,62.74,Normal traffic flow,0,0,,Clear,58.4
2017-05-26 13:00:00,63.46,Normal traffic flow,0,0,,Clear,58.4
2017-05-26 14:00:00,62.74,Normal traffic flow,0,0,,Clear,58.4
2017-05-26 15:00:00,63.02,At Pleasant Hill Rd - Accident.,2,1,CA-24 E,Mostly Cloudy,68.0
2017-05-26 16:00:00,63.63,At Dougherty Rd/Hopyard Rd - Accident.,2,1,I-580 E,Mostly Cloudy,66.9
2017-05-26 17:00:00,63.1,Normal traffic flow,0,0,,Clear,58.4
2017-05-26 18:00:00,63.75,Normal traffic flow,0,0,,Clear,58.4
2017-05-26 19:00:00,64.44,Normal traffic flow,0,0,,Clear,58.4
2017-05-26 20:00:00,62.9,Between I-280/Junipero Serra Fwy/Exit 5 and Park Ave/Exit 6 - Accident.,3,1,Guadalupe Pkwy N,Partly Cloudy,60.1
2017-05-26 21:00:00,62.81,Normal traffic flow,0,0,,Clear,58.4
2017-05-26 22:00:00,62.58,Normal traffic flow,0,0,,Clear,58.4
2017-05-26 23:00:00,62.08,Normal traffic flow,0,0,,Clear,58.4
2017-05-27 00:00:00,61.47,Normal traffic flow,0,0,,Clear,58.4
2017-05-27 01:00:00,61.32,Normal traffic flow,0,0,,Clear,58.4
2017-05-27 02:00:00,61.18,Normal traffic flow,0,0,,Clear,58.4
2017-05-27 03:00:00,61.12,Normal traffic flow,0,0,,Clear,58.4
2017-05-27 04:00:00,61.32,Normal traffic flow,0,0,,Clear,58.4
2017-05-27 05:00:00,62.02,Normal traffic flow,0,0,,Clear,58.4
2017-05-27 06:00:00,62.79,Normal traffic flow,0,0,,Clear,58.4
2017-05-27 07:00:00,63.31,Normal traffic flow,0,0,,Clear,58.4
2017-05-27 08:00:00,62.51,Normal traffic flow,0,0,,Clear,58.4
2017-05-27 09:00:00,62.32,Normal traffic flow,0,0,,Clear,58.4
2017-05-27 10:00:00,61.33,Normal traffic flow,0,0,,Clear,58.4
2017-05-27 11:00:00,61.4,Normal traffic flow,0,0,,Clear,58.4
2017-05-27 12:00:00,60.66,Normal traffic flow,0,0,,Clear,58.4
2017-05-27 13:00:00,60.87,Normal traffic flow,0,0,,Clear,58.4
2017-05-27 14:00:00,61.39,Normal traffic flow,0,0,,Clear,58.4
2017-05-27 15:00:00,61.33,Normal traffic flow,0,0,,Clear,58.4
2017-05-27 16:00:00,60.62,Normal traffic flow,0,0,,Clear,58.4
2017-05-27 17:00:00,60.73,Normal traffic flow,0,0,,Clear,58.4
2017-05-27 18:00:00,61.71,Normal traffic flow,0,0,,Clear,58.4
2017-05-27 19:00:00,62.13,Normal traffic flow,0,0,,Clear,58.4
2017-05-27 20:00:00,62.17,Normal traffic flow,0,0,,Clear,58.4
2017-05-27 21:00:00,62.68,Normal traffic flow,0,0,,Clear,58.4
2017-05-27 22:00:00,62.62,At McKee Rd - Accident.,3,1,I-680 S,Clear,59.0
2017-05-27 23:00:00,61.86,Normal traffic flow,0,0,,Clear,58.4
2017-05-28 00:00:00,61.34,Normal traffic flow,0,0,,Clear,58.4
2017-05-28 01:00:00,61.43,Normal traffic flow,0,0,,Clear,58.4
2017-05-28 02:00:00,61.0,Normal traffic flow,0,0,,Clear,58.4
2017-05-28 03:00:00,61.06,Ramp to I-280/US-101 - Accident.,2,1,I-680 N,Clear,55.4
2017-05-28 04:00:00,61.21,Normal traffic flow,0,0,,Clear,58.4
2017-05-28 05:00:00,61.55,Normal traffic flow,0,0,,Clear,58.4
2017-05-28 06:00:00,61.64,Normal traffic flow,0,0,,Clear,58.4
2017-05-28 07:00:00,61.98,Normal traffic flow,0,0,,Clear,58.4
2017-05-28 08:00:00,62.41,Normal traffic flow,0,0,,Clear,58.4
2017-05-28 09:00:00,61.51,Normal traffic flow,0,0,,Clear,58.4
2017-05-28 10:00:00,57.49,Normal traffic flow,0,0,,Clear,58.4
2017-05-28 11:00:00,60.63,Normal traffic flow,0,0,,Clear,58.4
2017-05-28 12:00:00,60.06,At Hesperian Blvd - Accident.,3,1,Nimitz Fwy S,Overcast,60.1
2017-05-28 13:00:00,60.11,Normal traffic flow,0,0,,Clear,58.4
2017-05-28 14:00:00,60.46,Normal traffic flow,0,0,,Clear,58.4
2017-05-28 15:00:00,60.07,Normal traffic flow,0,0,,Clear,58.4
2017-05-28 16:00:00,60.93,Normal traffic flow,0,0,,Clear,58.4
2017-05-28 17:00:00,61.84,Normal traffic flow,0,0,,Clear,58.4
2017-05-28 18:00:00,62.12,Between Embarcadero Rd/Exit 402 and CA-109/University Ave/Exit 403 - Accident.,3,1,US-101 N,Partly Cloudy,62.6
2017-05-28 19:00:00,62.32,Normal traffic flow,0,0,,Clear,58.4
2017-05-28 20:00:00,61.48,Normal traffic flow,0,0,,Clear,58.4
2017-05-28 21:00:00,62.06,Normal traffic flow,0,0,,Clear,58.4
2017-05-28 22:00:00,61.52,Normal traffic flow,0,0,,Clear,58.4
2017-05-28 23:00:00,61.59,Normal traffic flow,0,0,,Clear,58.4
2017-05-29 00:00:00,61.48,Normal traffic flow,0,0,,Clear,58.4
2017-05-29 01:00:00,61.23,Normal traffic flow,0,0,,Clear,58.4
2017-05-29 02:00:00,61.1,Normal traffic flow,0,0,,Clear,58.4
2017-05-29 03:00:00,60.89,Normal traffic flow,0,0,,Clear,58.4
2017-05-29 04:00:00,61.47,Ramp to CA-87/Guadalupe Pky - Accident.,2,1,Sinclair Fwy N,Overcast,55.9
2017-05-29 05:00:00,62.4,Normal traffic flow,0,0,,Clear,58.4
2017-05-29 06:00:00,62.05,At Bird Ave - Accident. | At I-980/CA-24 - Accident.,2,2,"Sinclair Fwy N, I-580 E",Overcast,55.4
2017-05-29 07:00:00,61.65,Normal traffic flow,0,0,,Clear,58.4
2017-05-29 08:00:00,61.61,At San Pedro Rd - Accident.,2,1,US-101 S,Overcast,55.4
2017-05-29 09:00:00,63.25,Normal traffic flow,0,0,,Clear,58.4
2017-05-29 10:00:00,63.28,Normal traffic flow,0,0,,Clear,58.4
2017-05-29 11:00:00,62.2,Normal traffic flow,0,0,,Clear,58.4
2017-05-29 12:00:00,62.78,At CA-1/John Daly Blvd - Accident. | At Crow Canyon Rd/Blackhawk Rd - Accident.,2,3,"I-280 S,  Camino Tassajara",Mostly Cloudy,61.3
2017-05-29 13:00:00,62.84,Normal traffic flow,0,0,,Clear,58.4
2017-05-29 14:00:00,62.81,Normal traffic flow,0,0,,Clear,58.4
2017-05-29 15:00:00,63.53,At Richmond-San Rafael Brg - Accident.,2,1,Richmond-San Rafael Brg,Clear,70.0
2017-05-29 16:00:00,63.81,Normal traffic flow,0,0,,Clear,58.4
2017-05-29 17:00:00,62.42,Normal traffic flow,0,0,,Clear,58.4
2017-05-29 18:00:00,62.52,Between Vargas Rd and Sheridan Rd - Accident.,2,1,I-680 N,Clear,63.0
2017-05-29 19:00:00,63.07,Normal traffic flow,0,0,,Clear,58.4
2017-05-29 20:00:00,63.18,Normal traffic flow,0,0,,Clear,58.4
2017-05-29 21:00:00,62.28,At McKee Rd - Accident.,2,1,I-680 N,Scattered Clouds,55.4
2017-05-29 22:00:00,62.24,Normal traffic flow,0,0,,Clear,58.4
2017-05-29 23:00:00,61.89,Normal traffic flow,0,0,,Clear,58.4
2017-05-30 00:00:00,61.33,Normal traffic flow,0,0,,Clear,58.4
2017-05-30 01:00:00,60.98,Between Race St/Southwest Expy and Meridian Ave - Accident.,3,1,Sinclair Fwy N,Mostly Cloudy,54.0
2017-05-30 02:00:00,60.82,Normal traffic flow,0,0,,Clear,58.4
2017-05-30 03:00:00,61.17,Normal traffic flow,0,0,,Clear,58.4
2017-05-30 04:00:00,62.32,Normal traffic flow,0,0,,Clear,58.4
2017-05-30 05:00:00,63.96,At Bernal Ave - Accident. | At Stoneridge Dr - Accident. Right lane blocked.,2,2,I-680 S,Overcast,53.1
2017-05-30 06:00:00,45.46,At Geary Rd - Accident.,2,1,I-680 S,Overcast,55.0
2017-05-30 07:00:00,38.05,At High St - Accident. Left lane blocked. | At Capitol Expy Auto Mall/Exit 1 - Accident. Left lane blocked.,2,3,"I-880 N, Guadalupe Fwy N, I-280 S",Overcast,54.7
2017-05-30 08:00:00,24.99,At Bascom Ave - Accident. Left lane blocked. | At Zanker Rd - Accident.,2,6,"I-880 N, Southbay Fwy, I-280 S",Overcast,56.8
2017-05-30 09:00:00,51.75,At CA-92/Jackson St - Accident. Right lane blocked. | At I-580/MacArthur Fwy - Accident.,2,6,"Nimitz Fwy S, I-580 E, Stevens Creek Blvd",Mostly Cloudy,59.5
2017-05-30 10:00:00,62.42,At 7th St/10th St/Virginia St - Accident. | At Meridian Ave - Accident.,3,2,"I-280 S, Sinclair Fwy N",Mostly Cloudy,62.0
2017-05-30 11:00:00,62.27,At CA-131/Blithedale Ave/Tiburon B - Accident. Right lane blocked. | At Bay Bridge Toll Plz - Accident. Right lane blocked.,2,4,"US-101 S, I-80 W, J Arthur Younger Fwy W",Overcast,59.4
2017-05-30 12:00:00,61.54,At Alhambra Ave/Pleasant Hill Rd - Accident.,2,1,Taylor Blvd,Clear,68.0
2017-05-30 13:00:00,56.66,Normal traffic flow,0,0,,Clear,58.4
2017-05-30 14:00:00,61.4,At Andersen Dr - Accident. | At Hillcrest Blvd/Millbrae Ave - Accident.,2,4,"US-101 N,  Hillcrest Blvd, Bayshore Fwy S",Overcast,60.9
2017-05-30 15:00:00,61.6,At 7th St/10th St/Virginia St - Accident. | At Foster City Blvd - Accident.,2,4,"Sinclair Fwy N, I-280 S, CA-92 E",Mostly Cloudy,62.8
2017-05-30 16:00:00,61.62,At CA-82/El Camino Real - Accident. | At US-101/Bay Shore Blvd/San Bruno Ave - Accident.,2,2,"CA-92 E, James Lick Fwy N",Mostly Cloudy,61.8
2017-05-30 17:00:00,61.57,At CA-185/14th St/Mission Blvd - Accident. | At Vermont St - Accident.,3,9," E Lewelling Blvd, James Lick Fwy N, I-580 W",Mostly Cloudy,61.9
2017-05-30 18:00:00,61.82,At Fremont Blvd - Accident. | At Harrison St - Accident.,3,2,"Nimitz Fwy S, Oakland Ave",Mostly Cloudy,60.8
2017-05-30 19:00:00,63.82,At Treasure Island Rd - Accident. | At Airport Blvd/Broadway/Exit 419B - Accident.,4,4,"I-80 W, Bayshore Fwy S, I-238 S",Mostly Cloudy,58.0
2017-05-30 20:00:00,63.22,Normal traffic flow,0,0,,Clear,58.4
2017-05-30 21:00:00,62.34,Normal traffic flow,0,0,,Clear,58.4
2017-05-30 22:00:00,62.14,Normal traffic flow,0,0,,Clear,58.4
2017-05-30 23:00:00,61.35,Normal traffic flow,0,0,,Clear,58.4
2017-05-31 00:00:00,61.08,Normal traffic flow,0,0,,Clear,58.4
2017-05-31 01:00:00,60.72,Normal traffic flow,0,0,,Clear,58.4
2017-05-31 02:00:00,60.91,Normal traffic flow,0,0,,Clear,58.4
2017-05-31 03:00:00,61.1,Normal traffic flow,0,0,,Clear,58.4
2017-05-31 04:00:00,61.92,Normal traffic flow,0,0,,Clear,58.4
2017-05-31 05:00:00,58.24,At Fremont St/Harrison St - Accident.,2,1,I-80 W,Mostly Cloudy,57.0
2017-05-31 06:00:00,42.04,At US-101 - Accident. | At CA-87/Guadalupe Pky - Accident.,3,4,"J Arthur Younger Fwy W, Sinclair Fwy N, Eastshore Fwy W",Overcast,56.5
2017-05-31 07:00:00,27.36,At Alvarado Blvd/Fremont Blvd - Accident. Left lane blocked. | At San Mateo Bridge - Accident.,2,2,"I-880 N, J Arthur Younger Fwy W",Partly Cloudy,57.9
2017-05-31 08:00:00,25.71,Ramp to Exit 12 - Accident. | At 7th St/Bryant St - Accident. Right lane blocked.,2,4," Mission Blvd,  7th St, I-880 N",Clear,60.7
2017-05-31 09:00:00,29.5,Ramp to I-580/27th St - Accident. Right lane blocked. | At Lakeshore Ave - Accident.,2,5,"CA-24 W, Lake Park Ave, Norman Y Mineta Hwy",Clear,62.2
2017-05-31 10:00:00,57.27,At CA-262/Mission Blvd/Warren Ave - Accident. | At Redwood Rd - Accident. Left lane blocked.,2,2,"Nimitz Fwy S, I-580 W",Clear,65.6
2017-05-31 11:00:00,62.31,Normal traffic flow,0,0,,Clear,58.4
2017-05-31 12:00:00,57.83,At CA-92/Jackson St - Accident. Right lane blocked.,2,2,Nimitz Fwy S,Clear,68.0
2017-05-31 13:00:00,44.72,At Bay Bridge Toll Plz - Accident.,2,1,I-80 W,Partly Cloudy,69.1
2017-05-31 14:00:00,51.98,Ramp closed to Exit 31A - Road closed due to accident. | At Mission Blvd - Accident.,4,2,"I-880 N, I-680 N",Clear,71.0
2017-05-31 15:00:00,61.38,At Powell St - Accident. | At Foothill Rd/San Ramon Rd - Accident.,2,3,"Eastshore Fwy W, I-580 E, I-80 E",Clear,74.1
2017-05-31 16:00:00,65.86,At Grand Ave/Exit 425A - Accident. | At A St - Accident.,2,7,"Bayshore Fwy S, I-880 N, I-680 S",Partly Cloudy,70.6
2017-05-31 17:00:00,61.4,At Berryessa Rd - Accident. | At Coleman Ave - Accident.,2,10,"I-680 S, I-880 N, I-680 N",Clear,72.7
2017-05-31 18:00:00,60.86,At CA-24/Ygnacio Valley Rd - Accident. | At Eastbound I-580 Acc - Accident.,2,4,"I-680 N, US-101 N, Nimitz Fwy S",Clear,69.0
2017-05-31 19:00:00,62.55,At Embarcadero Rd/Exit 402 - Accident.,2,1,Bayshore Fwy S,Partly Cloudy,66.2
2017-05-31 20:00:00,62.59,Normal traffic flow,0,0,,Clear,58.4
2017-05-31 21:00:00,62.05,Normal traffic flow,0,0,,Clear,58.4
2017-05-31 22:00:00,62.35,Normal traffic flow,0,0,,Clear,58.4
2017-05-31 23:00:00,61.75,At Berryessa Rd - Accident.,3,1, Berryessa Rd,Partly Cloudy,60.8
2017-06-01 00:00:00,61.02,Normal traffic flow,0,0,,Clear,58.4
2017-06-01 01:00:00,60.88,Normal traffic flow,0,0,,Clear,58.4
2017-06-01 02:00:00,60.92,Normal traffic flow,0,0,,Clear,58.4
2017-06-01 03:00:00,61.22,Normal traffic flow,0,0,,Clear,58.4
2017-06-01 04:00:00,62.22,At I-80/I-580 Northern Split - Accident.,3,1,I-580 E,Overcast,57.0
2017-06-01 05:00:00,63.31,Accident on I-580 Eastbound between Exit 39 Paloverde Rd and Exits 44B 45 I-680. | At Olivera Rd - Accident. Left lane blocked.,3,2,"I-580 E, Olivera Rd",Clear,57.4
2017-06-01 06:00:00,44.22,Normal traffic flow,0,0,,Clear,58.4
2017-06-01 07:00:00,26.31,Accident on I-880 Northbound before Bascom. On the median. | One lane blocked due to accident on CA-237 Westbound at Exit 8 Zanker Rd.,3,3,"Sinclair Fwy N, CA-237 W, Canal Blvd",Overcast,62.7
2017-06-01 08:00:00,25.21,Slow lane blocked due to accident on US-101 Southbound before Exit 412 Ralston Ave. | #1 and #2 lane blocked due to accident on I-880 Southbound before CA-92 Jackson St.,3,9,"Ralston Ave, Nimitz Fwy S, Christensen Ln",Overcast,61.1
2017-06-01 09:00:00,44.58,Right hand shoulder blocked due to accident on I-880 Northbound after Exit 3 Coleman Ave. | Accident on I-580 Westbound before Exit 51 Isabel Ave. On the median.,3,5,"I-880 S, Isabel Ave, I-80 W",Clear,66.1
2017-06-01 10:00:00,52.12,Accident on CA-92 Westbound at Toll Plaza. | Accident on Ygnacio Valley Rd Eastbound at Cowell Rd.,2,6,"J Arthur Younger Fwy W, Ygnacio Valley Rd, N San Pedro Rd",Clear,68.0
2017-06-01 11:00:00,59.01,Accident on Moorpark Ave at Bascom Ave. | Accident on I-880 Westbound at Exit 29 A St.,3,4,"S Bascom Ave, I-880 N, San Francisco-Oakland Bay Brg E",Overcast,65.8
2017-06-01 12:00:00,53.93,Normal traffic flow,0,0,,Clear,58.4
2017-06-01 13:00:00,58.93,Middle lane blocked due to accident on CA-84 Eastbound at I-880. | At CA-84/Decoto Rd - Accident.,2,3,"Decoto Rd, CA-84 E, CA-85 S",Scattered Clouds,71.6
2017-06-01 14:00:00,61.95,Slow lane blocked due to accident on I-880 Northbound at Coleman Ave. | Lane blocked due to accident on CA-84 Vallecitos Rd Eastbound at Little Valley Rd.,3,7,"I-880 N, Vallecitos Rd, Nimitz Fwy S",Clear,73.0
2017-06-01 15:00:00,61.01,Accident on I-880 Southbound at Exit 37 66th Ave. | Ramp to I-280/US-101 - Accident.,3,4,"Nimitz Fwy S, Bayshore Fwy S, I-880 N",Partly Cloudy,72.0
2017-06-01 16:00:00,60.98,#2 lane blocked due to accident on CA-237 Eastbound at Exit 5 County Hwy-G2 Lawrence Expy. | #1 & #2 lane blocked due to accident on I-680 Southbound at Exit 43 Livorna Rd.,3,8,"Southbay Fwy, I-680 S, CA-24 E",Clear,74.8
2017-06-01 17:00:00,60.78,#2 lane blocked due to accident on I-80 I-580 Westbound at University Ave. | #2 & #3 lane blocked due to accident on I-880 Southbound at Exit 16 Stevenson Blvd.,3,7,"Eastshore Fwy W, Nimitz Fwy S, I-280 S",Partly Cloudy,70.3
2017-06-01 18:00:00,61.48,At CA-24/Olympic Blvd - Accident. | At CA-84/Woodside Rd/Exit 408 - Accident.,2,2,"I-680 N, CA-84 W",Clear,70.7
2017-06-01 19:00:00,62.6,Slow lane blocked due to accident on I-80 Eastbound at 7th St. | At Monte Mar Dr - Accident.,3,2,"James Lick Fwy N, US-101 N",Partly Cloudy,60.0
2017-06-01 20:00:00,62.78,Slow traffic and 3rd lane blocked due to accident on I-280 Southbound at US-101.,3,1,I-680 S,Clear,62.6
2017-06-01 21:00:00,62.33,Normal traffic flow,0,0,,Clear,58.4
2017-06-01 22:00:00,62.07,#2 and #3 lane blocked due to accident on I-880 Southbound at Exit 26 Tennyson Rd.,3,1,Nimitz Fwy S,Clear,59.0
2017-06-01 23:00:00,62.13,Normal traffic flow,0,0,,Clear,58.4
2017-06-02 00:00:00,61.32,Normal traffic flow,0,0,,Clear,58.4
2017-06-02 01:00:00,60.99,Right hand shoulder blocked due to accident on CA-85 Southbound at Exit 6 Almaden Plaza Way. | #4 #5 lane blocked due to accident on US-101 Northbound at Willow Rd.,3,3,"CA-85 S, US-101 N, I-880 N",Clear,57.1
2017-06-02 02:00:00,61.02,Accident on I-680 Northbound at Exits 49 49A 49B 50 CA-242. | #4&#5 lane blocked due to accident on I-80 Westbound at Exits 8A 8B I-880.,3,2,"I-680 N, I-80 W",Clear,58.0
2017-06-02 03:00:00,61.08,Normal traffic flow,0,0,,Clear,58.4
2017-06-02 04:00:00,62.32,Normal traffic flow,0,0,,Clear,58.4
2017-06-02 05:00:00,62.52,#1 lane blocked due to accident on US-101 Northbound before CA-84 Marsh Rd.,2,1,Bayshore Fwy S,Clear,58.4
2017-06-02 06:00:00,46.18,Accident on US-101 Northbound at Story Rd. | Delays due to accident on CA-24 Eastbound before Exit 12 Oak Hill Rd.,3,6,"US-101 N, CA-24 E, I-680 S",Clear,57.0
2017-06-02 07:00:00,30.92,#5 lane blocked due to accident on I-880 Northbound before I-980. | Slow lane blocked due to accident on CA-4 Westbound before Exit 27 Contra Loma Blvd.,3,6,"I-880 S, CA-4 E, Bayshore Fwy S",Mostly Cloudy,59.4
2017-06-02 08:00:00,31.05,Right hand shoulder blocked due to accident on I-880 Southbound before Hesperian Blvd. | #2 and #3 lane blocked due to accident on I-580 Westbound at Exit 51 Isabel Ave.,3,9,"Nimitz Fwy S, Isabel Ave, Bromley Ave",Partly Cloudy,60.3
2017-06-02 09:00:00,33.35,Accident on CA-17 Northbound after Exit 22 CA-85. | Accident on County Hwy-G4 San Tomas Expy at Scott Blvd.,3,10,"CA-85 S, Scott Blvd, I-80 W",Partly Cloudy,62.7
2017-06-02 10:00:00,41.98,Accident on I-580 Westbound at Tassajara Rd. | Accident on I-680 Southbound at US-101 .,3,12,"Tassajara Rd, I-680 N, I-680 S",Clear,65.8
2017-06-02 11:00:00,61.4,Accident on CA-1 at Lake St. | Lane blocked due to accident on I-880 Northbound before 5th Ave.,3,5,"State Highway 1, I-880 N, I-580 W",Partly Cloudy,66.8
2017-06-02 12:00:00,61.57,#1 lane blocked due to accident on I-580 Westbound at Exit 7A Western Dr. | Middle lane blocked due to accident on I-280 Northbound at CA-87.,3,9,"Richmond-San Rafael Brg, Sinclair Fwy N, I-680 S",Partly Cloudy,73.4
2017-06-02 13:00:00,61.49,Slow lane blocked due to accident on I-680 Southbound at CA-130 Alum Rock Ave. | Between King Rd and I-280/US-101 - Accident.,3,4,"I-680 S, I-580 E, I-580 W",Clear,81.4
2017-06-02 14:00:00,61.81,Lane blocked due to accident on US-101 Northbound at Exit 433A Vermont St. | At CA-13/Ashby Ave/Bay St - Accident.,2,2,"James Lick Fwy N, Eastshore Fwy W",Partly Cloudy,73.0
2017-06-02 15:00:00,61.79,At Washington St - Accident.,2,1,Junipero Serra Fwy N,Partly Cloudy,66.9
2017-06-02 16:00:00,62.13,#3 lane blocked due to accident on CA-87 Guadalupe Pkwy Southbound at Skyport Dr. | Accident on De Anza Blvd Southbound at Valley Green Dr.,4,5,"Guadalupe Pkwy S, N De Anza Blvd, CA-1",Partly Cloudy,77.2
2017-06-02 17:00:00,61.45,#2 lane closed due to accident on I-680 Northbound at Exit 51 Willow Pass Rd. | #1 lane blocked due to accident on I-880 Southbound at 16th Ave.,3,4,"I-680 N, Nimitz Fwy S, I-80 E",Clear,80.7
2017-06-02 18:00:00,62.31,Lane blocked due to accident on I-80 I-580 Eastbound at CA-13 Ashby Ave. | #1 lane blocked due to accident on I-280 Southbound at Exit 24 Sand Hill Rd.,3,8,"I-580 W, I-280 S, US-101 N",Scattered Clouds,66.3
2017-06-02 19:00:00,63.22,At Powell St - Accident.,2,1,I-580 W,Scattered Clouds,66.0
2017-06-02 20:00:00,63.27,Normal traffic flow,0,0,,Clear,58.4
2017-06-02 21:00:00,62.41,Right hand shoulder blocked due to accident on I-280 Southbound at Exit 13 Foothill Expy. | Accident now on the shoulder on I-580 Westbound at Exit 21B Santa Clara Ave.,3,2,"I-280 S, Grand Ave",Clear,61.0
2017-06-02 22:00:00,62.4,Accident on I-80 I-580 Eastbound at I-580 .,3,1,I-80 E,Scattered Clouds,57.9
2017-06-02 23:00:00,62.6,At Erlandson St/Regatta Blvd - Accident.,2,1,I-580 W,Clear,62.1
2017-06-03 00:00:00,61.62,Accident on CA-237 Westbound at Exit 6 Great America Pkwy. | Right hand shoulder blocked due to accident on I-880 Northbound at Warren Ave.,3,2,"CA-237 W, I-880 N",Clear,56.2
2017-06-03 01:00:00,61.34,Right hand shoulder blocked and #2 lane blocked due to accident on US-101 Southbound at Oakland Rd. | Accident on Castro Valley Blvd at Redwood Rd.,2,2,"US-101 N, Redwood Rd",Clear,56.0
2017-06-03 02:00:00,61.12,One lane blocked due to accident on I-880 Northbound at Exit 19 Thornton Ave. | Accident on I-238 Northbound at Exits 16A 16B I-880.,3,2,"Thornton Ave, Nimitz Fwy S",Mostly Cloudy,56.6
2017-06-03 03:00:00,61.12,Normal traffic flow,0,0,,Clear,58.4
2017-06-03 04:00:00,62.19,Normal traffic flow,0,0,,Clear,58.4
2017-06-03 05:00:00,62.47,Normal traffic flow,0,0,,Clear,58.4
2017-06-03 06:00:00,62.65,Left lane blocked due to accident on I-280 Southbound at Exit 16 El Monte Rd.,3,1,I-280 S,Overcast,57.9
2017-06-03 07:00:00,63.33,Normal traffic flow,0,0,,Clear,58.4
2017-06-03 08:00:00,63.43,Right lane blocked due to accident on I-280 Northbound at Exit 16 El Monte Rd. | Right hand shoulder blocked due to accident on I-280 Southbound at Exit 16 El Monte Rd.,3,2,"Junipero Serra Fwy N, I-280 S",Overcast,57.9
2017-06-03 09:00:00,61.48,Right hand shoulder blocked due to accident on I-580 Eastbound at Exit 12 I-80 I-580. | Right hand shoulder blocked due to accident on CA-84 Eastbound at CA-109 University Ave.,3,2,"I-580 W, Bayfront Expy W",Mostly Cloudy,61.4
2017-06-03 10:00:00,61.1,#4 lane blocked due to accident on Mountain Blvd Westbound at Fontaine Ct.,3,1,Mountain Blvd,Mostly Cloudy,60.1
2017-06-03 11:00:00,60.75,Accident on I-80 Westbound at Exits 2B 2C Bryant St. | #1 lane blocked due to accident on I-880 Northbound at Exit 36 Hegenberger Rd.,3,3,"I-80 W, I-880 N",Mostly Cloudy,62.3
2017-06-03 12:00:00,61.19,Normal traffic flow,0,0,,Clear,58.4
2017-06-03 13:00:00,60.16,One lane blocked due to accident on I-580 Eastbound at Exits 26 26A 26B Mountain Blvd. | One lane blocked due to accident on I-880 Southbound at Exit 28 Winton Ave.,3,3,"I-580 E, Nimitz Fwy S, I-580 W",Clear,72.6
2017-06-03 14:00:00,59.64,Accident on CA-84 Eastbound at I-880. | Accident on I-80 Eastbound at Exit 18 San Pablo Dam Rd.,3,2,"Decoto Rd, I-80 E",Clear,76.9
2017-06-03 15:00:00,59.54,Accident on I-680 Southbound at Exit 47 Main St. | Two lanes blocked due to accident on CA-237 Westbound at Exit 4 Persian Dr.,3,2,"I-680 S, CA-237 W",Clear,77.0
2017-06-03 16:00:00,60.74,Accident on CA-84 La Honda Rd Eastbound at Peek-A-Boo Ln. | One lane blocked due to accident on US-101 Northbound at Exits 449 449A Tamalpais Dr.,2,2,"La Honda Rd, US-101 N",Clear,74.3
2017-06-03 17:00:00,60.63,Accident on US-101 Northbound at Exits 398B 399 399A 399B CA-85. | One lane blocked due to accident on I-280 Northbound at Exit 25 CA-84 Woodside Rd.,3,5,"US-101 N, I-280 S, N Bascom Ave",Clear,73.8
2017-06-03 18:00:00,61.18,Accident on CA-92 Westbound at Exit 14B Foster City Blvd. | At Pruneridge Ave - Accident.,3,2,"Foster City Blvd, Lawrence Expy",Clear,65.6
2017-06-03 19:00:00,62.98,Accident on Coleman Ave at I-880.,2,1,I-880 S,Clear,64.9
2017-06-03 20:00:00,61.76,Normal traffic flow,0,0,,Clear,58.4
2017-06-03 21:00:00,62.32,Accident on Strobridge Ave at Castro Valley Blvd. | Accident on US-101 Northbound at Exits 400B 400C San Antonio Rd.,2,3,"Strobridge Ave, US-101 N, Laurel Ave",Clear,59.6
2017-06-03 22:00:00,62.9,Normal traffic flow,0,0,,Clear,58.4
2017-06-03 23:00:00,61.27,#1 lane blocked due to accident on US-101 Southbound at US-101 Exit 409 / Whipple Ave. | At Dumbarton Brg Toll Plaza - Accident.,2,4,"Bayshore Fwy S, CA-84 W, US-101 S",Clear,57.8
2017-06-04 00:00:00,61.71,Accident on CA-87 Northbound at County Hwy-G8 Almaden Expy.,2,1,Highway 87 Bikeway,Clear,57.0
2017-06-04 01:00:00,61.19,At Bay Bridge (San Francisco) - Accident.,2,1,San Francisco-Oakland Bay Brg E,Scattered Clouds,55.9
2017-06-04 02:00:00,61.34,Normal traffic flow,0,0,,Clear,58.4
2017-06-04 03:00:00,61.08,Accident on I-680 at I-580.,3,1,I-580 E,Clear,53.1
2017-06-04 04:00:00,61.38,Two lanes blocked due to accident on I-580 Westbound at Exit 22A MacArthur Blvd. | At Fremont St/Harrison St - Accident.,3,3,"I-580 W, I-80 W, I-680 N",Scattered Clouds,55.0
2017-06-04 05:00:00,61.82,#1 lane blocked due to accident on US-101 Northbound at Exit 416 3rd Ave. | Two lanes blocked due to accident on I-80 I-580 Westbound at University Ave.,3,2,"US-101 N, Eastshore Fwy W",Mostly Cloudy,55.0
2017-06-04 06:00:00,62.02,Slow lane blocked due to accident on I-80 Westbound at Exit 4A Treasure Is. | Right hand shoulder blocked due to accident on CA-87 Southbound at Exits 1A 1B 1C CA-85.,3,2,"San Francisco-Oakland Bay Brg E, CA-85 S",Clear,56.6
2017-06-04 07:00:00,62.38,Normal traffic flow,0,0,,Clear,58.4
2017-06-04 08:00:00,62.62,Accident on I-680 Northbound at CA-242 / Contra Costa Blvd.,3,1,CA-242 N,Clear,64.9
2017-06-04 09:00:00,61.66,Normal traffic flow,0,0,,Clear,58.4
2017-06-04 10:00:00,60.73,Right hand shoulder blocked due to accident on I-580 Westbound at Exit 36 Redwood Rd.,3,1,I-580 W,Clear,64.0
2017-06-04 11:00:00,60.38,Right hand shoulder blocked due to accident on CA-1 Cabrillo Hwy Southbound at Tunitas Creek Rd.,2,1,Tunitas Creek Rd,Haze,57.2
2017-06-04 12:00:00,59.82,One lane blocked due to accident on I-580 Westbound at Exits 8B 19A I-80 I-580. | Accident on I-880 Northbound at Exit 25 Industrial Pkwy.,3,3,"I-580 W, I-880 N, San Pablo Dam Rd",Clear,71.6
2017-06-04 13:00:00,59.62,Right hand shoulder blocked due to accident on US-101 Southbound at Exits 450A 450B Redwood Hwy.,2,1,US-101 S,Clear,73.4
2017-06-04 14:00:00,59.7,Accident on Hacienda Dr Northbound at I-580. | Accident on I-238 Northbound at Exit 14 I-580.,3,2,"Hacienda Dr, I-580 E",Clear,73.0
2017-06-04 15:00:00,61.52,Accident on CA-87 Southbound at Exits 3 3A Curtner Ave. | Accident on Marin Ridge Ln at Panoramic Hwy.,3,6,"Guadalupe Fwy S, Panoramic Hwy, I-580 E",Clear,74.5
2017-06-04 16:00:00,61.29,One lane blocked due to accident on I-80 I-580 Eastbound at Exit 9 I-580. | Accident on I-280 Southbound at Exit 15 Eastbrook Ave.,3,3,"I-80 W, Junipero Serra Fwy N, I-880 N",Partly Cloudy,68.0
2017-06-04 17:00:00,61.81,Accident on CA-17 Southbound at Exit 22 CA-85. | Accident on I-280 Southbound at Exit 16 El Monte Rd.,3,7,"CA-17 S, Junipero Serra Fwy N, I-580 W",Clear,72.0
2017-06-04 18:00:00,61.87,Right hand shoulder blocked due to accident on I-280 Southbound at Exit 1A McLaughlin Ave. | Accident on US-101 Northbound at Exit 388A Oakland Rd.,3,2,"McLaughlin Ave, US-101 N",Clear,69.8
2017-06-04 19:00:00,62.34,Right hand shoulder blocked due to accident on I-580 Eastbound at Exits 2 2B Main St. | One lane blocked due to accident on I-280 Northbound at Exits 4 5A Southwest Expy.,3,2,"I-580 E, Sinclair Fwy N",Clear,65.6
2017-06-04 20:00:00,60.33,Normal traffic flow,0,0,,Clear,58.4
2017-06-04 21:00:00,60.75,Accident on CA-87 Northbound at Exits 1 1D Narvaez Ave. | Accident on I-238 Northbound at Exit 15 CA-185 14th St.,3,3,"Guadalupe Fwy N, Mission Blvd, Warren Fwy N",Clear,58.9
2017-06-04 22:00:00,62.73,Between CA-85/Norman Y Mineta Hwy/Exit 1 and Capitol Expy Auto Mall/Exit 1 - Accident.,3,1,Guadalupe Fwy N,Clear,60.8
2017-06-04 23:00:00,61.71,Normal traffic flow,0,0,,Clear,58.4
2017-06-05 00:00:00,61.43,Two lanes blocked due to accident on US-101 Golden Gate Brg Southbound at Exit 439 Cranston Rd. | Lane blocked and right hand shoulder blocked due to accident on US-101 Southbound at Exit 450B Sir Francis Drake Blvd.,2,2,"Golden Gate Brg S, US-101 N",Clear,52.4
2017-06-05 01:00:00,60.89,Accident on I-880 Southbound at Exit 22 Fremont Blvd. | One lane blocked due to accident on I-580 Eastbound at Exit 21A Harrison St.,3,2,"Nimitz Fwy S, I-580 E",Clear,55.4
2017-06-05 02:00:00,60.91,Accident on Bollinger Canyon Rd at Alcosta Blvd.,2,1,Bollinger Canyon Rd,Clear,51.1
2017-06-05 03:00:00,61.39,Normal traffic flow,0,0,,Clear,58.4
2017-06-05 04:00:00,62.29,At San Mateo Bridge - Accident.,2,1,J Arthur Younger Fwy W,Clear,52.0
2017-06-05 05:00:00,59.61,Restrictions on entry ramp due to accident on I-880 Southbound at A St.,3,1,I-880 N,Clear,53.1
2017-06-05 06:00:00,40.9,Accident on CA-237 Westbound before Zanker Rd. | Accident on I-80 Westbound after Grand Ave.,3,6,"CA-237 W, I-80 W, Skyline Blvd",Clear,53.9
2017-06-05 07:00:00,28.86,#1 and #2 lane blocked due to accident on I-880 Southbound at Washington Ave. | Middle lane blocked due to accident on I-80 Westbound after Exit 4A Treasure Is.,3,13,"Nimitz Fwy S, San Francisco-Oakland Bay Brg E, W Tennyson Rd",Clear,56.1
2017-06-05 08:00:00,27.78,Right hand shoulder blocked due to accident on I-580 Eastbound before Exit 36 Redwood Rd. | Right hand shoulder blocked due to accident on Marsh Dr at Sally Ride Dr.,3,8,"Redwood Rd, Marsh Dr, Lawrence Expy",Clear,60.0
2017-06-05 09:00:00,21.41,Accident on McKee Rd at Eastside Dr. | Accident on CA-92 Eastbound before Exit 10 Hillsdale Blvd.,3,9,"McKee Rd, CA-92 E, San Ramon Rd",Clear,61.8
2017-06-05 10:00:00,44.08,Accident on CA-87 Southbound after Curtner Ave. | #1 and #2 lane blocked due to accident on I-880 Northbound before High St.,3,7,"Guadalupe Fwy N, I-880 N, I-580 W",Clear,67.6
2017-06-05 11:00:00,59.77,Accident on I-680 Southbound after CA-84. On the median. | Accident on Grove Way at Center St.,3,8,"I-680 S, Center St, I-580 E",Clear,70.7
2017-06-05 12:00:00,60.13,#1 lane blocked due to accident on I-80 I-580 Westbound at Powell St. | Accident on I-80 I-580 Westbound at Exit 9 I-580.,3,4,"I-80 W, Eastshore Fwy W, I-280 S",Partly Cloudy,72.9
2017-06-05 13:00:00,59.46,#1 lane blocked due to accident on I-880 Southbound at I-238 .,3,1,Nimitz Fwy S,Clear,75.0
2017-06-05 14:00:00,60.71,Slow lane blocked due to accident on CA-84 Eastbound at Toll Plaza. | Right lane blocked due to accident on I-280 Northbound at Exit 47A Serramonte Blvd.,3,5,"CA-84 W, Junipero Serra Fwy N, I-280 N",Mostly Cloudy,69.5
2017-06-05 15:00:00,59.02,#4 lane blocked due to accident on I-880 Northbound at Exit 36 Hegenberger Rd. | Lane blocked due to accident on I-880 Southbound at US-101 .,3,5,"I-880 N, I-880 S, Warren Ave",Partly Cloudy,72.6
2017-06-05 16:00:00,59.62,Accident on US-101 Southbound at CA-87 Charcot Ave. | Accident on I-580 Eastbound at Exit 45 Dougherty Rd.,3,5,"Bayshore Fwy S, I-580 E, Southbay Fwy",Clear,78.4
2017-06-05 17:00:00,60.29,#2 lane blocked due to accident on I-880 Southbound at Exit 27 CA-92 Jackson St. | Accident on CA-24 Eastbound at Exit 7B Wilder Rd.,3,8,"Nimitz Fwy S, Grove Shafter Fwy E, CA-4 W",Clear,73.3
2017-06-05 18:00:00,61.02,#4 lane blocked due to accident on I-880 Northbound at 29th Ave. | Slow lane blocked due to accident on I-280 Southbound at Saratoga Ave.,3,5,"I-880 N, I-280 S, I-880 S",Partly Cloudy,68.6
2017-06-05 19:00:00,63.08,Accident on I-580 Eastbound at Exit 39 Paloverde Rd. | #1 lane blocked due to accident on I-880 Southbound at Exit 41B I-980.,3,2,"I-580 E, Nimitz Fwy S",Clear,65.4
2017-06-05 20:00:00,63.38,Accident on Ward St at Girard St. | Slow lane blocked due to accident on I-880 Southbound at Exit 39B 23rd Ave.,3,2,"Ward St, 23rd Ave",Partly Cloudy,58.0
2017-06-05 21:00:00,61.98,Accident on County Hwy-G4 San Tomas Expy at Stevens Creek Blvd.,2,1,Stevens Creek Blvd,Partly Cloudy,62.1
2017-06-05 22:00:00,62.01,Normal traffic flow,0,0,,Clear,58.4
2017-06-05 23:00:00,61.64,Lane blocked and right hand shoulder blocked due to accident on I-280 Northbound at Exits 4 5A Southwest Expy.,3,1,Meridian Ave,Clear,59.0
2017-06-06 00:00:00,61.38,Lane blocked due to accident on I-238 Northbound at Exits 16A 16B I-880. | Right hand shoulder blocked due to accident on I-580 Westbound at Exit 44A San Ramon Rd.,3,2,"Hesperian Blvd, San Ramon Rd",Clear,56.9
2017-06-06 01:00:00,60.98,Normal traffic flow,0,0,,Clear,58.4
2017-06-06 02:00:00,60.96,Right hand shoulder blocked due to accident on I-680 Southbound before Exit 9 Jacklin Rd. | Accident and Deer on road on Stone Valley Rd at Justin Morgan Dr.,3,3,"I-680 S, Justin Morgan Dr, US-101 S",Clear,53.0
2017-06-06 03:00:00,61.13,Normal traffic flow,0,0,,Clear,58.4
2017-06-06 04:00:00,62.12,Lane blocked on exit ramp due to accident on I-580 Westbound at Exit 51 Isabel Ave.,3,1,Isabel Ave,Clear,53.1
2017-06-06 05:00:00,64.31,#1 lane blocked due to accident on I-80 Westbound before Exit 22 Pinole Valley Rd. | Accident on CA-1 Cabrillo Hwy at Pescadero Creek Rd.,3,7,"Pinole Valley Rd, Cabrillo Hwy, Guadalupe Fwy N",Mostly Cloudy,54.7
2017-06-06 06:00:00,50.0,Accident on Winchester Blvd at Knowles Dr. | Accident on I-880 Southbound at Exit 39B 23rd Ave.,3,4,"Winchester Blvd, 23rd Ave, Bayshore Fwy S",Clear,55.6
2017-06-06 07:00:00,27.82,Accident on CA-85 at Almaden Expy. | Accident on CA-85 Northbound before Exit 16 De Anza Blvd.,3,7,"Almaden Expy, Norman Y Mineta Hwy, Orinda Way",Clear,57.9
2017-06-06 08:00:00,25.72,#2 lane blocked due to accident on I-280 Southbound before Exits 3A 3B Bird Ave. | Right hand shoulder blocked due to accident on US-101 Southbound at Moffett Blvd.,3,10,"Bird Ave, Bayshore Fwy S, Christensen Ln",Scattered Clouds,59.4
2017-06-06 09:00:00,25.47,Accident on I-80 Westbound before Exit 14A Central Ave. | #2 lane blocked due to accident on County Hwy-G2 Lawrence Expy Southbound after Lehigh Dr.,3,14,"Central Ave, Lehigh Dr, McDonnell Rd",Clear,62.7
2017-06-06 10:00:00,58.89,#1 lane blocked due to accident on CA-92 Westbound after Clawiter Rd. | #2 lane blocked due to accident on I-580 Westbound at Exit 46 Hacienda Dr.,3,10,"Clawiter Rd, I-580 W, Hegenberger Rd",Scattered Clouds,63.7
2017-06-06 11:00:00,66.84,Accident on US-101 Northbound after CA-87. | At Clawiter Rd/Eden Landing Rd - Accident.,2,3,"US-101 N, W Jackson St",Clear,66.5
2017-06-06 12:00:00,62.98,#1 lane blocked due to accident on I-80 Eastbound at 7th St.,3,1,James Lick Fwy N,Partly Cloudy,63.0
2017-06-06 13:00:00,61.88,#1 & #2 lane blocked due to accident on US-101 Northbound at CA-114 Willow Rd. | #3 lane blocked due to accident on I-580 Westbound at CA-24.,3,3,"US-101 N, I-580 W, I-680 N",Clear,72.0
2017-06-06 14:00:00,61.38,At N Main St - Accident.,2,1,I-680 N,Clear,84.0
2017-06-06 15:00:00,61.52,#3 lane blocked due to accident on I-80 Eastbound at Fourth St. | Accident on I-280 Northbound at Exit 44 Avalon Dr.,3,5,"James Lick Fwy N, Junipero Serra Fwy N, Nimitz Fwy S",Partly Cloudy,65.5
2017-06-06 16:00:00,61.23,Accident on I-280 Southbound at Exit 16 El Monte Rd. | #1 lane blocked due to accident on I-880 Northbound at Davis St.,3,3,"I-280 S, Nimitz Fwy S, Benton St",Partly Cloudy,67.0
2017-06-06 17:00:00,61.34,Normal traffic flow,0,0,,Clear,58.4
2017-06-06 18:00:00,61.62,Lane blocked due to accident on CA-84 Vallecitos Rd Eastbound at Vallecitos Ln. | #1 #2 & #3 lane blocked due to accident on I-880 Southbound at Exit 27 CA-92 Jackson St. SigAlert issued.,3,10,"Vallecitos Rd, Nimitz Fwy S, Santa Clara St",Clear,64.4
2017-06-06 19:00:00,63.42,#1 lane blocked due to accident on I-80 Westbound at 9th St. | Accident on I-680 Northbound at Exit 36 Crow Canyon Rd.,4,4,"I-80 W, I-680 N,  Kirker Pass Rd",Clear,64.5
2017-06-06 20:00:00,62.82,Right hand shoulder blocked due to accident on I-280 Southbound at Exit 55 Pennsylvania Ave. | Accident now on the shoulder on CA-24 Eastbound at Exit 10 Saint Stephens Dr.,4,3,"Cesar Chavez, CA-24 E,  Kirker Pass Rd",Clear,63.0
2017-06-06 21:00:00,62.48,Right hand shoulder blocked due to multi-vehicle accident on I-680 Southbound at Exit 48 Main St. | At Treat Blvd - Accident.,3,2,I-680 S,Clear,61.0
2017-06-06 22:00:00,62.02,Right hand shoulder blocked due to accident on I-880 Southbound at Exit 13 Fremont Blvd. | Accident on I-80 Eastbound at Exit 20 Richmond Pkwy.,3,2,"Nimitz Fwy S, I-80 E",Clear,59.6
2017-06-06 23:00:00,61.84,Lane blocked due to accident on I-880 Northbound at Exit 17 Mowry Ave.,3,1,Mowry Ave,Clear,59.0
2017-06-07 00:00:00,61.41,Lane blocked due to accident on US-101 Northbound at Exit 392 County Hwy-G4 Montague Expy.,2,1,Bayshore Fwy S,Clear,55.9
2017-06-07 01:00:00,60.82,At Ardis St - Accident.,3,1, Hacienda Ave,Clear,55.9
2017-06-07 02:00:00,60.93,At Stevens Creek Blvd - Accident.,2,1,San Tomas Expy,Clear,55.9
2017-06-07 03:00:00,61.12,Normal traffic flow,0,0,,Clear,58.4
2017-06-07 04:00:00,62.55,Accident on Castro Valley Blvd at Redwood Rd. | At 4th St/5th St - Accident.,2,2,"Redwood Rd, I-80 W",Overcast,55.4
2017-06-07 05:00:00,62.32,Accident on Sierra Rd at Piedmont Rd. | Slow lane blocked due to accident on I-280 Northbound near Exit 40 Hillcrest Blvd.,3,5,"Piedmont Rd, Hillcrest Blvd, Nimitz Fwy S",Overcast,54.6
2017-06-07 06:00:00,43.12,Right hand shoulder blocked due to accident on US-101 Northbound before Exit 394 County Hwy-G2 Lawrence Expy. | Right hand shoulder blocked due to accident on US-101 Northbound before Fair Oaks Ave.,3,7,"Lawrence Expy, US-101 N, I-680 N",Overcast,56.3
2017-06-07 07:00:00,30.1,Right lane blocked due to accident on I-280 Southbound before Exit 44 Avalon Dr. | Accident on I-80 Westbound before Toll Plaza.,3,7,"I-280 S, I-80 W, US-101 N",Mostly Cloudy,56.3
2017-06-07 08:00:00,26.15,Accident on I-280 Southbound at CA-85. | Accident on US-101 Northbound at Embarcadero Rd.,3,13,"Junipero Serra Fwy N, Embarcadero Rd, Scenic Dr",Mostly Cloudy,58.3
2017-06-07 09:00:00,24.25,Restrictions on exit ramp due to accident on I-280 Northbound at Exit 9 Stevens Creek Blvd. | Accident on I-880 Southbound after Exit 23 Alvarado Niles Rd.,3,11,"I-280 S, Alvarado Niles Rd, N De Anza Blvd",Mostly Cloudy,61.8
2017-06-07 10:00:00,56.38,Right hand shoulder blocked due to accident on CA-24 Westbound after Martin Luther King Jr Way. | Accident on CA-92 Westbound at High Rise. On the median.,3,6,"52nd St, J Arthur Younger Fwy W, I-580 E",Mostly Cloudy,63.2
2017-06-07 11:00:00,60.98,One lane blocked due to accident on US-101 Southbound after Cesar Chavez. | Right hand shoulder blocked due to accident on CA-24 Westbound at I-580 .,2,4,"James Lick Fwy S, I-580 W, I-280 S",Mostly Cloudy,63.1
2017-06-07 12:00:00,62.29,Accident on I-280 Southbound at Exit 16 El Monte Rd. | Right lane blocked due to accident on US-101 Northbound at CA-85 .,3,4,"I-280 S, US-101 N, I-880 N",Clear,65.2
2017-06-07 13:00:00,60.94,At CA-82/El Camino Real - Accident.,2,1,I-380 E,Mostly Cloudy,66.0
2017-06-07 14:00:00,61.18,#1 lane blocked due to accident on CA-13 Warren Fwy Northbound at Exit 4 Moraga Ave. | #1 lane blocked due to accident on I-880 Northbound at 29th Ave.,3,4,"Warren Fwy N, I-880 N,  13th St",Mostly Cloudy,65.2
2017-06-07 15:00:00,60.8,#1 lane blocked due to accident on CA-85 Northbound at Exit 14 Saratoga Ave. | Middle lane blocked due to accident on I-80 Eastbound at 7th St.,3,4,"Norman Y Mineta Hwy, James Lick Fwy N, I-580 W",Mostly Cloudy,68.0
2017-06-07 16:00:00,61.99,Accident on CA-13 Warren Fwy Northbound at Exit 1C Redwood Rd. | #1 lane blocked due to accident on US-101 Northbound at Exit 432 Cesar Chavez.,3,4,"Redwood Rd, James Lick Fwy N, I-680 S",Mostly Cloudy,66.9
2017-06-07 17:00:00,62.15,#2 lane blocked due to accident on I-880 Southbound at Exit 29 A St. | #2 lane blocked due to accident on I-580 Eastbound at I-680.,3,8,"I-880, I-580 E, Crow Canyon Rd",Mostly Cloudy,66.8
2017-06-07 18:00:00,62.46,#1 lane blocked due to accident on I-280 at Exit 9 Stevens Creek Blvd. | At Claremont Ave/Telegraph Ave - Accident.,3,4,"Junipero Serra Fwy N, 55th St, I-880 S",Mostly Cloudy,65.0
2017-06-07 19:00:00,63.19,Middle lane blocked due to accident on CA-84 Westbound at Dumbarton Brg W End. | At CA-84/Thornton Ave - Accident.,2,2,"Bayfront Expy W, I-880 N",Mostly Cloudy,66.2
2017-06-07 20:00:00,62.83,Accident now on the shoulder on Panoramic Hwy at Edgewood Ave. | Accident now on the shoulder on CA-242 Northbound at Exit 3A Olivera Rd.,2,2,"Panoramic Hwy, CA-242 N",Clear,60.6
2017-06-07 21:00:00,62.68,Normal traffic flow,0,0,,Clear,58.4
2017-06-07 22:00:00,62.07,Normal traffic flow,0,0,,Clear,58.4
2017-06-07 23:00:00,61.72,Lane blocked due to recovery work and accident on CA-17 Southbound at Exit 23 County Hwy-G4 San Tomas Expy. | Two lanes blocked due to accident on CA-24 Eastbound at Exits 15A 15B I-680.,2,2,"CA-17 S, I-680 S",Clear,62.0
2017-06-08 00:00:00,61.34,Normal traffic flow,0,0,,Clear,58.4
2017-06-08 01:00:00,60.97,Normal traffic flow,0,0,,Clear,58.4
2017-06-08 02:00:00,61.1,Slow lane blocked due to accident on US-101 Westbound at Exit 414B CA-92. | At Dumbarton Brg (Menlo Park) - Accident.,2,2,"US-101 N, Dumbarton Bridge",Mostly Cloudy,62.6
2017-06-08 03:00:00,60.89,Right hand shoulder blocked due to accident on I-680 Northbound at Exits 49 49A 49B 50 CA-242.,2,1,I-680 N,Mostly Cloudy,61.0
2017-06-08 04:00:00,62.82,Normal traffic flow,0,0,,Clear,58.4
2017-06-08 05:00:00,65.02,Fast lane blocked due to accident on I-80 Westbound before Exit 14A Central Ave. | Accident on I-880 Southbound at Alvarado Blvd.,3,3,"Central Ave, Nimitz Fwy S, S Airport Blvd",Overcast,61.1
2017-06-08 06:00:00,45.95,Right hand shoulder blocked due to accident on I-880 Northbound before Broadway. | Accident on I-280 Southbound before Winchester Blvd.,3,5,"Nimitz Fwy S, S Winchester Blvd, Carlson Blvd",Overcast,61.2
2017-06-08 07:00:00,26.95,Right hand shoulder blocked due to accident on US-101 Southbound at CA-131. | Accident on US-101 Northbound near Exit 429A Alanna Way.,3,6,"US-101 S, US-101 N, San Francisco-Oakland Bay Brg E",Light Rain,61.0
2017-06-08 08:00:00,30.1,Accident on US-101 Southbound at Exit 454A Hammondale Ct. | #1 lane blocked due to accident on I-680 Southbound after Exit 29 Stoneridge Dr.,3,13,"US-101 S, I-680 S, I-580 E",Overcast,61.6
2017-06-08 09:00:00,57.68,#2 lane blocked due to accident on CA-35 Half Moon Bay Rd Northbound at CA-92. | #1 and #2 lane blocked due to accident on US-101 Northbound at Vista Point.,3,4,"Skyline Blvd, Golden Gate Brg N, J Arthur Younger Fwy W",Light Rain,61.0
2017-06-08 10:00:00,60.2,#3 lane blocked due to accident on I-880 Southbound before Montague Expy. | Accident on CA-35 Skyline Blvd Southbound at CA-1.,3,6,"Montague Expy, Coast Hwy, US-101 N",Overcast,60.6
2017-06-08 11:00:00,62.42,Accident on I-280 Northbound at CA-1 . | Restrictions on exit ramp due to accident on I-880 Northbound at Exit 35 98th Ave.,3,3,"I-280 S, Nimitz Fwy S, US-101 N",Overcast,63.8
2017-06-08 12:00:00,62.83,#3 lane blocked due to accident on County Hwy-G4 San Tomas Expy Eastbound at Dell Ave. | #1 lane blocked due to accident on US-101 Southbound at Exit 416 3rd Ave.,3,4,"San Tomas Expy, Bayshore Fwy S, US-101 S",Overcast,61.8
2017-06-08 13:00:00,63.08,Normal traffic flow,0,0,,Clear,58.4
2017-06-08 14:00:00,61.68,#1 lane blocked due to accident on CA-87 Southbound at Exits 3 3A Curtner Ave. | #1 lane blocked due to accident on CA-237 Eastbound at Exit 8 Zanker Rd.,3,6,"Guadalupe Fwy S, Southbay Fwy, I-280 S",Overcast,67.4
2017-06-08 15:00:00,62.74,At CA-84/Decoto Rd - Accident. | At Morello Ave - Accident.,2,2,"CA-84 W, John Muir Pkwy E",Overcast,69.9
2017-06-08 16:00:00,62.43,Slow lane blocked due to accident on CA-92 Westbound at Exit 11 Alameda de Las Pulgas. | At I-680 - Accident.,2,4,"J Arthur Younger Fwy W, I-580 E, CA-17 S",Overcast,68.0
2017-06-08 17:00:00,61.83,#1 lane blocked due to accident on US-101 Southbound at Exits 420 421 Millbrae Ave. | Right lane blocked due to accident on I-880 Southbound at Exit 27 CA-92 Jackson St.,3,10,"Bayshore Fwy S, Nimitz Fwy S, I-580 E",Overcast,67.9
2017-06-08 18:00:00,62.28,Lane blocked due to accident on A St at Crescent Ave. | #4 lane blocked due to accident on I-280 Southbound at Exit 53 Alemany Blvd.,3,6,"A St, I-280 S, US-101 N",Overcast,64.9
2017-06-08 19:00:00,63.27,#2 & #4 lane blocked due to accident on US-101 Southbound at Robin Williams Tunnel. | Ramp to Exit 33A - Accident.,2,4,"US-101 S, Nimitz Fwy S, I-580 E",Overcast,65.2
2017-06-08 20:00:00,63.91,Accident on I-280 Southbound at Canada Rd. | Right hand shoulder blocked due to accident on CA-84 Westbound at Exit 36 Paseo Padre Pkwy.,3,2,"I-280 S, CA-84 W",Overcast,64.6
2017-06-08 21:00:00,62.33,Left lane blocked due to accident and people on the road on I-680 Northbound at Exits 1B 1C King Rd.,3,1,I-680 N,Overcast,66.2
2017-06-08 22:00:00,62.38,Normal traffic flow,0,0,,Clear,58.4
2017-06-08 23:00:00,61.62,Right hand shoulder blocked due to accident on CA-17 Southbound at Exit 22 CA-85. | Lane blocked due to accident on I-580 Eastbound at Exit 24 Coolidge Ave.,3,5,"CA-85 S, I-580 E, S 3rd St",Mostly Cloudy,63.6
2017-06-09 00:00:00,61.52,One lane blocked due to accident on Hesperian Blvd both ways at A St. | Lane blocked due to accident on I-80 Eastbound at Exits 8A 8B I-880.,3,3,"W A St, I-80 E, Nimitz Fwy S",Overcast,62.3
2017-06-09 01:00:00,61.1,Middle lane blocked due to accident on I-880 Northbound at Exit 21 Decoto Rd. | At CA-84/Decoto Rd - Accident.,3,2,"I-880 N, Nimitz Fwy S",Light Rain,63.0
2017-06-09 02:00:00,60.94,Normal traffic flow,0,0,,Clear,58.4
2017-06-09 03:00:00,61.22,At Wolfback Ridge Rd - Accident.,3,1,US-101 S,Mostly Cloudy,59.0
2017-06-09 04:00:00,62.09,Normal traffic flow,0,0,,Clear,58.4
2017-06-09 05:00:00,62.52,#1 lane blocked due to accident on US-101 Southbound near Robin Williams Tunnel. | Right hand shoulder blocked due to accident on CA-237 Westbound before Great America Pkwy.,2,2,"US-101 S, CA-237 W",Light Rain,60.6
2017-06-09 06:00:00,48.37,Right hand shoulder blocked due to accident on CA-185 14th St at Lewelling Blvd. | Restrictions on exit ramp due to accident on CA-87 Guadalupe Pkwy Northbound at Lelong St.,3,3,"E Lewelling Blvd, Guadalupe Pkwy N, Washington St",Overcast,59.7
2017-06-09 07:00:00,27.38,Accident on US-101 Northbound at Exit 416 3rd Ave. | Restrictions on entry ramp due to accident on CA-17 Northbound at Camden Ave.,3,10,"E 3rd Ave, CA-17 S, CA-1 N",Overcast,60.4
2017-06-09 08:00:00,27.12,Right hand shoulder blocked due to accident on I-880 Northbound before Alvarado Niles Rd. | Accident on Sleepy Hollow Ave at Lauderdale Ave.,3,8,"Alvarado Niles Rd, Lauderdale Ave, I-80 W",Overcast,61.4
2017-06-09 09:00:00,31.74,Accident on I-280 Northbound after Exit 7 Saratoga Ave. | Lane blocked on exit ramp due to accident on I-280 Northbound at Exit 7 Saratoga Ave.,3,4,"Saratoga Ave, Junipero Serra Ln, US-101 N",Light Rain,61.6
2017-06-09 10:00:00,27.83,Right hand shoulder blocked due to accident on CA-85 Southbound at Exit 8 Branham Ln. | Accident on CA-85 Northbound at Exit 9 Union Ave.,2,3,"CA-85 S, Norman Y Mineta Hwy, San Tomas Expy",Light Rain,60.1
2017-06-09 11:00:00,55.32,Restrictions on entry ramp due to accident on I-880 Southbound at Exit 27 CA-92 Jackson St. | Accident on Douglas Ave at Bay Rd.,3,3,"Nimitz Fwy S, Bay Rd, Andrade Rd",Mostly Cloudy,65.4
2017-06-09 12:00:00,61.12,#1 lane blocked due to accident on I-880 Northbound at 29th Ave. | Lane blocked due to accident on I-880 Southbound at Exit 21 Decoto Rd.,3,7,"I-880 N, Nimitz Fwy S, I-680 S",Mostly Cloudy,69.4
2017-06-09 13:00:00,62.54,Slow lane blocked due to accident on I-280 Northbound at CA-1 . | At CA-84 - Accident.,3,3,"I-280 S, I-680 N, Junipero Serra Fwy N",Mostly Cloudy,65.9
2017-06-09 14:00:00,61.72,Normal traffic flow,0,0,,Clear,58.4
2017-06-09 15:00:00,62.74,#2 lane blocked due to accident on I-680 Northbound at Exit 39 Diablo Rd. | Lane blocked due to accident on I-680 Northbound at Exit 39 Diablo Rd.,3,3,"I-680 N, US-101 N",Partly Cloudy,70.1
2017-06-09 16:00:00,62.84,#2 lane blocked due to accident on I-280 Southbound at Exit 9 County Hwy-G2 Lawrence Expy. | #1 #2 & #3 lane blocked due to accident on I-880 Southbound at Exit 2 CA-82 The Alameda.,3,9,"I-280 S, I-880 S, I-680 S",Clear,68.0
2017-06-09 17:00:00,62.28,Accident on I-280 Northbound at Exits 3A 3B Bird Ave. | #1 lane blocked due to accident on US-101 Golden Gate Brg Southbound at Exit 439 Cranston Rd.,3,4,"I-280 S, Golden Gate Brg S, CA-85 S",Partly Cloudy,64.3
2017-06-09 18:00:00,62.58,Right lane blocked due to accident on I-80 Westbound at Exit 4A Treasure Is. | At Treasure Island Rd - Accident.,3,2,"San Francisco-Oakland Bay Brg E, I-80 W",Partly Cloudy,63.0
2017-06-09 19:00:00,63.83,Ramp to Alemany Blvd - Accident. | At Pinole Valley Rd - Accident.,2,2," Boutwell St, I-80 W",Clear,61.6
2017-06-09 20:00:00,63.33,Normal traffic flow,0,0,,Clear,58.4
2017-06-09 21:00:00,62.12,Normal traffic flow,0,0,,Clear,58.4
2017-06-09 22:00:00,62.82,Accident on I-280 Southbound at Exits 3A 3B Bird Ave. | Accident on I-280 Southbound at Exit 1A McLaughlin Ave.,3,4,"Bird Ave, McLaughlin Ave, US-101 N",Scattered Clouds,57.8
2017-06-09 23:00:00,62.37,Accident on I-80 Westbound at Exits 1 1C 7th St. | Accident on CA-242 Northbound at Exit 1 Market St.,3,2,"I-80 W, CA-242 N",Clear,56.9
2017-06-10 00:00:00,61.39,Middle lane blocked due to accident on I-280 Northbound at Exits 54 54A 54B US-101. | Accident on McKee Rd at Gordon Ave.,3,4,"James Lick Fwy N, Gordon Ave, I-680 S",Clear,56.8
2017-06-10 01:00:00,61.18,Normal traffic flow,0,0,,Clear,58.4
2017-06-10 02:00:00,61.09,Connecting roadway blocked due to accident on CA-17 Southbound at CA-85. | Accident on CA-17 Santa Cruz Hwy Southbound at Santa Cruz Hwy.,3,6,"CA-17 S, Santa Cruz Hwy, Sinclair Fwy N",Clear,55.1
2017-06-10 03:00:00,61.21,Accident on I-880 Northbound at Exits 12 12A 12B CA-262 Mission Blvd. | Accident on I-880 Southbound at Exits 33A 33B Marina Blvd.,3,2,"I-880 N, Nimitz Fwy S",Partly Cloudy,57.1
2017-06-10 04:00:00,61.72,Accident on I-880 Northbound at Exits 12 12A 12B CA-262 Mission Blvd. | Accident on Lewelling Blvd at Langton Way.,3,3,"I-880 N, E Lewelling Blvd, I-580 W",Partly Cloudy,56.3
2017-06-10 05:00:00,62.62,Normal traffic flow,0,0,,Clear,58.4
2017-06-10 06:00:00,62.87,Normal traffic flow,0,0,,Clear,58.4
2017-06-10 07:00:00,62.66,Closed at CA-35/Skyline Blvd - Road closed due to accident.,4,1,Half Moon Bay Rd,Partly Cloudy,59.0
2017-06-10 08:00:00,62.22,One lane blocked due to accident on CA-92 Eastbound at Exit 9A Ralston Ave. | Right hand shoulder blocked due to accident on I-880 Northbound at Exit 23 Alvarado Niles Rd.,3,4,"CA-92 E, Alvarado Niles Rd, Nimitz Fwy S",Partly Cloudy,60.8
2017-06-10 09:00:00,61.32,Normal traffic flow,0,0,,Clear,58.4
2017-06-10 10:00:00,60.32,Accident on I-880 Southbound at Exit 10 Dixon Landing Rd. | Accident on I-580 Westbound at Peralta St.,3,2,"Nimitz Fwy S, I-580 W",Partly Cloudy,65.0
2017-06-10 11:00:00,59.72,Normal traffic flow,0,0,,Clear,58.4
2017-06-10 12:00:00,54.82,Right hand shoulder blocked due to accident on CA-17 Southbound at Exits 20A 20B CA-9 Los Gatos Saratoga Rd. | Right hand shoulder blocked due to accident on I-880 Southbound at Exit 28 Winton Ave.,3,2,"CA-17 S, Nimitz Fwy S",Clear,68.6
2017-06-10 13:00:00,59.78,Accident on I-580 Eastbound at Exit 2A Sir Francis Drake Blvd. | One lane blocked due to accident on CA-92 Westbound at Exits 12A 12B CA-82 El Camino Real.,3,5,"I-580 E, S El Camino Real, CA-1",Scattered Clouds,68.4
2017-06-10 14:00:00,59.75,Slow lane blocked due to accident on I-80 Westbound at Exits 8A 8B I-880. | Right hand shoulder blocked due to accident on CA-17 Northbound at I-880.,3,3,"I-80 W, I-880 N",Scattered Clouds,69.7
2017-06-10 15:00:00,60.42,Normal traffic flow,0,0,,Clear,58.4
2017-06-10 16:00:00,60.12,Right hand shoulder blocked due to accident on I-680 Northbound at Exits 45B 46A 46B CA-24. | Accident on CA-24 Eastbound at Exits 4 4A 4B Broadway.,3,3,"I-680 N, Grove Shafter Fwy E, I-80 W",Partly Cloudy,70.0
2017-06-10 17:00:00,61.1,One lane blocked due to accident on I-880 Southbound at Exit 24 Whipple Rd. | Lane blocked due to accident on I-680 Northbound at Exit 41 El Pintado Rd.,3,7,"Nimitz Fwy S, I-680 N, I-880 S",Partly Cloudy,68.6
2017-06-10 18:00:00,60.52,Right hand shoulder blocked due to accident on I-680 Northbound at Exit 48 Main St. | Accident on Mount Diablo Scenic Blvd at Diablo Ranch Dr.,3,2,"I-680 S, Mount Diablo St",Clear,67.0
2017-06-10 19:00:00,61.82,Right hand shoulder blocked due to accident on I-280 Southbound at Exits 1C 5A 5B I-880. | At Winton Ave - Accident.,3,2,"I-280 S, Nimitz Fwy S",Partly Cloudy,63.5
2017-06-10 20:00:00,61.68,Accident on CA-85 Southbound at Exit 14 Saratoga Ave.,2,1,Norman Y Mineta Hwy,Mostly Cloudy,60.1
2017-06-10 21:00:00,62.81,Accident on Redwood Ter at CA-84 Mowry Ave.,2,1,Mowry Ave,Scattered Clouds,59.0
2017-06-10 22:00:00,62.87,Normal traffic flow,0,0,,Clear,58.4
2017-06-10 23:00:00,61.74,Normal traffic flow,0,0,,Clear,58.4
2017-06-11 00:00:00,61.92,Normal traffic flow,0,0,,Clear,58.4
2017-06-11 01:00:00,61.35,Normal traffic flow,0,0,,Clear,58.4
2017-06-11 02:00:00,60.97,Closed at Palomares Rd - Road closed due to accident.,4,1, Niles Canyon Rd,Clear,52.0
2017-06-11 03:00:00,60.97,Normal traffic flow,0,0,,Clear,58.4
2017-06-11 04:00:00,61.21,Normal traffic flow,0,0,,Clear,58.4
2017-06-11 05:00:00,61.94,Normal traffic flow,0,0,,Clear,58.4
2017-06-11 06:00:00,62.21,Two lanes blocked due to accident on US-101 Northbound at Exit 425A Grand Ave.,2,1,Bayshore Fwy S,Partly Cloudy,55.0
2017-06-11 07:00:00,62.27,Right hand shoulder blocked due to accident on I-580 Westbound at Exit 46 Hacienda Dr. | Accident on CA-24 Southbound at Exits 5 5A 5B CA-13 Warren Fwy.,3,3,"I-580 W, Warren Fwy N",Partly Cloudy,57.0
2017-06-11 08:00:00,62.15,Right hand shoulder blocked due to accident on Redwood Rd Northbound at Pinehurst Rd. | Two lanes blocked due to accident on I-80 Westbound at Exit 4A Treasure Is.,3,4,"Redwood Rd, San Francisco-Oakland Bay Brg E, I-880 N",Scattered Clouds,59.6
2017-06-11 09:00:00,62.42,Right hand shoulder blocked due to accident on I-80 Westbound at Exit 15 Cutting Blvd.,3,1,I-80 E,Overcast,60.1
2017-06-11 10:00:00,60.56,Right hand shoulder blocked due to accident on US-101 Northbound at Exit 432 Cesar Chavez. | Accident on CA-24 Westbound at Exits 2 2B I-580.,2,2,"James Lick Fwy N, I-580 W",Partly Cloudy,62.5
2017-06-11 11:00:00,61.78,Slow lane blocked due to accident on US-101 Southbound at Exits 398B 399 399A 399B CA-85. | Right hand shoulder blocked due to accident on I-80 Westbound at Exits 2 2A Bryant St.,3,4,"Bayshore Fwy S, I-80 W, Mountain Blvd",Partly Cloudy,64.7
2017-06-11 12:00:00,60.39,One lane blocked due to accident on CA-87 Southbound at Exits 1A 1B 1C CA-85. | Multi-vehicle accident on I-880 Southbound at Exit 19 Thornton Ave.,3,2,"Santa Teresa Blvd, Thornton Ave",Mostly Cloudy,65.3
2017-06-11 13:00:00,60.22,Accident on I-880 Northbound at Exit 21 Decoto Rd. | Accident on I-580 Eastbound at Exit 32B Foothill Blvd.,3,5,"Nimitz Fwy S, Fairmont Dr, I-680 S",Clear,65.5
2017-06-11 14:00:00,60.78,Right hand shoulder blocked due to multi-vehicle accident on CA-92 Westbound at Exit 14B Foster City Blvd.,2,1,J Arthur Younger Fwy W,Scattered Clouds,64.4
2017-06-11 15:00:00,62.05,Accident on CA-84 La Honda Rd at Sequia.,2,1,La Honda Rd,Scattered Clouds,64.4
2017-06-11 16:00:00,61.98,Accident on Via Chiquita at Bockman Rd.,2,1,Bockman Rd,Clear,64.0
2017-06-11 17:00:00,62.06,Normal traffic flow,0,0,,Clear,58.4
2017-06-11 18:00:00,62.58,Right hand shoulder blocked due to accident on US-101 Golden Gate Brg Southbound at Exit 439 Cranston Rd. | Right hand shoulder blocked due to accident on US-101 Northbound at Exits 451 451A 451B I-580.,2,2,"US-101 S, US-101 N",Mostly Cloudy,59.6
2017-06-11 19:00:00,62.82,Normal traffic flow,0,0,,Clear,58.4
2017-06-11 20:00:00,62.83,Accident on I-80 Eastbound at Exit 4A Treasure Is. | Accident on I-680 Northbound at Exit 53 CA-4.,3,3,"San Francisco-Oakland Bay Brg E, I-680 S",Scattered Clouds,61.1
2017-06-11 21:00:00,62.28,Accident on Bird Ave Westbound at Virginia St. | Accident on US-101 Van Ness Ave Northbound at Washington St.,2,2,"W Virginia St, Washington St",Mostly Cloudy,57.4
2017-06-11 22:00:00,62.21,Slow lane blocked due to accident on US-101 Northbound at Exit 432 Cesar Chavez.,2,1,Bay Shore Blvd,Clear,55.0
2017-06-11 23:00:00,62.1,One lane blocked due to accident on I-680 Northbound at Exit 47 Main St.,3,1,N Main St,Clear,55.9
2017-06-12 00:00:00,61.3,Normal traffic flow,0,0,,Clear,58.4
2017-06-12 01:00:00,60.98,Right hand shoulder blocked due to accident on I-280 Northbound at Exit 22 Alpine Rd.,3,1,I-280 S,Partly Cloudy,55.4
2017-06-12 02:00:00,60.86,Right hand shoulder blocked due to accident on I-80 Eastbound at Exits 8A 8B I-880. | Accident on Aspen Dr at Brown Dr.,3,2,"I-80 E, Aspen Dr",Clear,55.9
2017-06-12 03:00:00,61.17,Normal traffic flow,0,0,,Clear,58.4
2017-06-12 04:00:00,62.17,Normal traffic flow,0,0,,Clear,58.4
2017-06-12 05:00:00,59.25,Right hand shoulder blocked due to accident on US-101 Northbound before Exits 400A 400B Rengstorff Ave. | Right hand shoulder blocked due to accident on US-101 Southbound before Exit 408 CA-84.,3,10,"US-101 N, Woodside Rd, Bayshore Fwy S",Mostly Cloudy,54.3
2017-06-12 06:00:00,46.32,Restrictions on entry ramp due to accident on I-880 Southbound at Exit 15 Auto Mall Pkwy. | Accident on I-880 Southbound after Exit 7 County Hwy-G4 Montague Expy.,3,7,"I-880 N, I-880 S, Bockman Rd",Clear,55.4
2017-06-12 07:00:00,29.97,Accident on I-680 Southbound before Stone Valley Rd. | Accident on CA-85 Northbound at Almaden Expy.,3,6,"I-680 S, Almaden Expy, Grove Way",Mostly Cloudy,56.8
2017-06-12 08:00:00,35.69,Accident on I-580 Westbound after Keller Ave. | Accident on CA-87 Guadalupe Pkwy Northbound at Taylor St.,3,3,"Keller Ave, Guadalupe Pkwy N, Edgewood Rd",Haze,57.7
2017-06-12 09:00:00,58.22,Accident on Brokaw Rd at Oakland Rd. | Accident on Blossom Way at Western Blvd.,3,4,"Oakland Rd, Blossom Way, I-680 S",Mostly Cloudy,59.5
2017-06-12 10:00:00,59.42,#4 lane blocked due to accident on CA-24 Westbound at Claremont Ave. | Right lane blocked due to accident on CA-92 Eastbound before US-101 .,3,6,"CA-24 W, CA-92 E, I-580 E",Mostly Cloudy,62.7
2017-06-12 11:00:00,59.68,Accident on US-101 Southbound after 3rd Ave. | Accident on Tantau Ave at Homestead Rd.,2,3,"E 3rd Ave, N Tantau Ave, I-680 N",Mostly Cloudy,64.0
2017-06-12 12:00:00,59.94,Accident on I-680 Northbound at CA-84 Calaveras Rd. | #2 lane blocked due to accident on US-101 Northbound at 9th St.,3,4,"I-680 N, San Bruno Ave, Central Fwy",Mostly Cloudy,63.6
2017-06-12 13:00:00,59.91,#1 lane blocked due to accident on I-880 Northbound at Exits 33A 33B Marina Blvd. | At Marina Blvd - Accident.,3,2,I-880 N,Scattered Clouds,68.0
2017-06-12 14:00:00,61.34,At Junipero Serra Blvd - Accident.,2,1, Junipero Serra Blvd,Mostly Cloudy,64.9
2017-06-12 15:00:00,58.91,#1 lane blocked due to accident on I-880 Southbound at Exit 39B 23rd Ave. | #2 & #3 lane blocked due to accident on I-80 I-580 Westbound at University Ave.,3,5,"Nimitz Fwy S, Eastshore Fwy W, US-101 S",Partly Cloudy,69.7
2017-06-12 16:00:00,60.08,#1 lane blocked due to accident on I-880 Northbound at Exit 29 A St. | Accident on I-280 Southbound at Exit 7 Saratoga Ave.,3,2,"I-880 N, I-280 S",Clear,68.0
2017-06-12 17:00:00,60.5,#1 lane blocked due to accident on I-880 Northbound at CA-17. | Lane blocked due to accident on US-101 Northbound at Francisco Blvd.,3,7,"I-880 S, US-101 S, I-580 E",Partly Cloudy,68.3
2017-06-12 18:00:00,61.49,Accident on CA-24 Eastbound at Exit 12 Oak Hill Rd. | #2 lane blocked due to accident on US-101 Southbound at Exits 400B 400C San Antonio Rd.,2,6,"Oak Hill Rd, US-101 N, Grove Shafter Fwy E",Partly Cloudy,68.4
2017-06-12 19:00:00,63.14,#1 lane blocked due to accident on I-880 Westbound at Exit 27 CA-92 Jackson St. | #1 lane blocked due to accident on I-238 Southbound at Exits 16A 16B I-880.,3,4,"W Jackson St, I-238 S, CA-24 W",Clear,61.5
2017-06-12 20:00:00,63.06,Right hand shoulder blocked due to accident on I-880 Northbound at Exit 21 Decoto Rd. | Accident on I-880 Northbound at Exit 27 CA-92 Jackson St.,3,2,"Nimitz Fwy S, I-880 N",Clear,60.1
2017-06-12 21:00:00,62.73,Accident on CA-84 Westbound at Quarry Rd. | Right hand shoulder blocked due to accident on CA-24 Westbound at Exits 2 2B I-580.,3,6,"CA-84 W, I-580 W, CA-4 W",Clear,60.4
2017-06-12 22:00:00,62.72,Right hand shoulder blocked due to accident on I-680 Southbound at Exit 25 Pleasanton Sunol Rd.,3,1,I-680 S,Clear,55.0
2017-06-12 23:00:00,61.75,One lane blocked due to accident on CA-17 Southbound at Exit 22 CA-85. | Lane blocked due to accident on I-580 Westbound at Exit 22B MacArthur Blvd.,4,3,"CA-17 S, I-580 W, I-680 N",Partly Cloudy,58.6
2017-06-13 00:00:00,61.29,Normal traffic flow,0,0,,Clear,58.4
2017-06-13 01:00:00,61.02,Accident on Alma Ave both ways around Lelong St.,2,1,Lelong St,Clear,55.9
2017-06-13 02:00:00,60.99,Lane blocked on exit ramp due to accident on US-101 Northbound at NB I-80 . | Accident on I-580 Eastbound before Golf Links Rd.,3,2,"Central Fwy, I-580 E",Mostly Cloudy,54.0
2017-06-13 03:00:00,61.2,Right hand shoulder blocked due to accident on CA-24 Westbound before Camino Pablo.,2,1,Camino Pablo,Clear,55.9
2017-06-13 04:00:00,62.6,Normal traffic flow,0,0,,Clear,58.4
2017-06-13 05:00:00,62.9,Slow lane blocked due to accident on I-580 Westbound before I-680. | #2 and #3 lane blocked due to accident on I-880 Southbound at Exit 39B 23rd Ave.,3,4,"I-580 E, 23rd Ave, I-680 N",Clear,52.5
2017-06-13 06:00:00,40.02,#2 lane blocked due to accident on CA-92 Westbound before Toll Plaza. | Accident on Castro Valley Blvd at Anita Ave.,2,3,"J Arthur Younger Fwy W, Anita Ave",Scattered Clouds,55.3
2017-06-13 07:00:00,25.54,Accident on US-101 Northbound before San Antonio Rd. | #2 lane blocked due to accident on I-280 Northbound before Exits 12A 12B CA-85.,3,8,"US-101 N, Norman Y Mineta Hwy, N De Anza Blvd",Clear,56.1
2017-06-13 08:00:00,23.9,Accident on I-280 Northbound before Exit 10 Wolfe Rd. | Restrictions on exit ramp due to accident on US-101 Northbound at CA-114 Willow Rd.,3,10,"I-280 S, US-101 N, Bayshore Fwy S",Clear,59.0
2017-06-13 09:00:00,25.02,Left lane blocked due to accident on I-880 Southbound at CA-237. | Accident on I-280 Southbound at Foothill Blvd.,3,9,"W Calaveras Blvd, Foothill Expy, Shoreline Hwy",Clear,62.5
2017-06-13 10:00:00,44.38,Right hand shoulder blocked due to accident on US-101 Northbound after Exits 391A 391B Trimble Rd. | Accident on Biltmore Dr at Inverrary Ln.,2,7,"Trimble Rd, Biltmore Dr, Sir Francis Drake Blvd",Clear,66.5
2017-06-13 11:00:00,63.12,Right hand shoulder blocked due to accident on I-80 Eastbound at Grand Ave. | Lane blocked on exit ramp due to accident on I-880 Southbound at Exit 8A Tasman Dr.,3,10,"I-80 E, Tasman Dr, Bayshore Fwy S",Clear,69.7
2017-06-13 12:00:00,62.28,#2 & #3 lane blocked due to accident on I-280 Northbound at 11th St. | Lane blocked due to accident on I-280 Northbound at Exit 1A McLaughlin Ave.,3,6,"Sinclair Fwy N, McLaughlin Ave, I-80 E",Clear,73.7
2017-06-13 13:00:00,61.92,Normal traffic flow,0,0,,Clear,58.4
2017-06-13 14:00:00,61.47,#1 & #2 lane blocked due to accident on I-580 Westbound at University Ave. | Middle lane blocked due to accident on I-680 Northbound at Exit 12 CA-262 Mission Blvd.,3,5,"Eastshore Fwy W, I-680 N, Bayshore Fwy S",Clear,73.0
2017-06-13 15:00:00,60.93,#4 lane blocked due to accident on I-880 Northbound at Exit 35 98th Ave. | #1 lane blocked due to accident on I-280 Northbound at Exit 13 Foothill Expy.,3,10,"I-880 N, Junipero Serra Fwy N, I-880 S",Clear,73.0
2017-06-13 16:00:00,59.92,Accident on Bayshore Rd Northbound at Laurel Ave. | Right lane blocked due to accident on US-101 Northbound at CA-114 Willow Rd.,3,11,"E Bayshore Rd, US-101 N, James Lick Fwy N",Clear,74.3
2017-06-13 17:00:00,61.78,#1 & #2 lane blocked due to accident on I-580 Westbound at Exit 44A San Ramon Rd. | #2 & #3 lane blocked due to accident on I-580 Westbound at I-680 Exits 30A 30B.,3,8,"I-580 W, CA-242 N, I-880 S",Clear,73.9
2017-06-13 18:00:00,61.62,At Grand Ave - Accident. | At Clayton Rd - Accident.,2,3," Wood St, CA-242 N, Norman Y Mineta Hwy",Clear,72.7
2017-06-13 19:00:00,62.76,#1 & #2 lane blocked due to accident on I-280 Southbound at Exit 9 Stevens Creek Blvd. | #1 lane blocked due to accident on US-101 Southbound at Exit 430A Mansell St.,3,3,"I-280 S, James Lick Fwy S, I-80 W",Clear,65.0
2017-06-13 20:00:00,62.78,Normal traffic flow,0,0,,Clear,58.4
2017-06-13 21:00:00,62.7,#1 lane blocked due to accident on I-880 Southbound at I-880 Exit 13 / Fremont Blvd.,3,1,Nimitz Fwy S,Clear,62.6
2017-06-13 22:00:00,62.4,Exit ramp from I-580 Eastbound at Exit 50 to Airway Blvd both ways restrictions on exit ramp due to accident.,3,1,I-580 E,Clear,60.1
2017-06-13 23:00:00,61.81,Normal traffic flow,0,0,,Clear,58.4
2017-06-14 00:00:00,61.43,Normal traffic flow,0,0,,Clear,58.4
2017-06-14 01:00:00,60.9,Accident on I-80 Westbound at Exits 2 2A Bryant St.,3,1,James Lick Fwy N,Clear,57.9
2017-06-14 02:00:00,61.04,Normal traffic flow,0,0,,Clear,58.4
2017-06-14 03:00:00,61.14,Normal traffic flow,0,0,,Clear,58.4
2017-06-14 04:00:00,62.56,Normal traffic flow,0,0,,Clear,58.4
2017-06-14 05:00:00,67.27,#3 lane blocked due to accident on I-280 Northbound at Exit 7 Saratoga Ave. | Left hand shoulder blocked due to accident on CA-242 Southbound before Exit 1C Concord Ave.,3,4,"Junipero Serra Fwy N, CA-242 S, Paloma Rd",Clear,57.0
2017-06-14 06:00:00,44.3,Accident on I-580 Westbound before Tassajara Rd. | Right hand shoulder blocked due to accident on I-680 Southbound before Exit 36 Crow Canyon Rd.,3,4,"Tassajara Rd, I-680 S, Mowry Ave",Clear,56.2
2017-06-14 07:00:00,26.76,Accident on CA-92 Westbound before Clawiter Rd. | Right hand shoulder blocked due to accident on I-80 Westbound before Exit 22 Pinole Valley Rd.,3,11,"Clawiter Rd, Pinole Valley Rd, I-680 S",Clear,59.6
2017-06-14 08:00:00,25.72,Accident on I-580 Eastbound at Exit 24 35th Ave. | Accident on Seaport Blvd at Chesapeake Dr.,3,11,"I-580 E, Seaport Blvd, CA-84 W",Clear,61.9
2017-06-14 09:00:00,25.72,Accident on CA-85 Northbound at Exit 16 De Anza Blvd. | Accident on I-880 Southbound before Exit 21 Decoto Rd. On the median.,3,6,"CA-85 S, Nimitz Fwy S, I-80 W",Clear,67.2
2017-06-14 10:00:00,43.01,Connecting roadway blocked due to accident on US-101 Northbound at I-280 . | #1 lane blocked due to accident on Central Expy Eastbound at Scott Blvd.,2,3,"James Lick Fwy N, Scott Blvd",Clear,68.0
2017-06-14 11:00:00,62.79,Accident on I-680 Southbound before Exit 10 Scott Creek Rd. | Accident on I-80 Westbound before Exit 4A Treasure Is.,3,3,"Scott Creek Rd, San Francisco-Oakland Bay Brg E, I-680 S",Clear,73.1
2017-06-14 12:00:00,63.11,Accident on Wilson Ave at Vaughn Ave. | Lane blocked due to accident on CA-85 Northbound at Exits 22A 22B CA-82 El Camino Real.,2,3,"Vaughn Ave, Norman Y Mineta Hwy, J Arthur Younger Fwy W",Clear,75.3
2017-06-14 13:00:00,62.54,Right lane blocked due to accident on US-101 Northbound at Exits 449 449A Tamalpais Dr. | #1 lane blocked due to accident on I-280 Northbound at Saratoga Ave.,3,3,"US-101 N, Junipero Serra Fwy N, J Arthur Younger Fwy W",Clear,80.4
2017-06-14 14:00:00,61.75,Normal traffic flow,0,0,,Clear,58.4
2017-06-14 15:00:00,61.52,Slow lane blocked due to accident on I-580 Eastbound at Exits 9 9A 9B Cutting Blvd. | At I-80/James Lick Skwy - Accident.,3,3,"I-580 E,  Alameda St, I-680 N",Clear,81.3
2017-06-14 16:00:00,60.22,#1 lane blocked due to accident on US-101 Southbound at Exits 404A 404B CA-114 Willow Rd. | #3 lane blocked due to accident on CA-85 Southbound at Cottle Rd.,2,4,"Bayshore Fwy S, CA-85 S, James Lick Fwy S",Clear,76.4
2017-06-14 17:00:00,61.16,#3 lane blocked due to accident on I-880 Northbound at Exits 12 12A 12B CA-262 Mission Blvd. | #4 lane blocked due to accident on I-880 Northbound at Auto Mall Pkwy.,3,5,"I-880 N, I-680 S, Trimble Rd",Clear,79.7
2017-06-14 18:00:00,62.1,#1 lane blocked due to accident on I-280 Northbound at CA-92 Exits 8 8A 8B. | #1 lane blocked due to accident on I-280 Northbound at Exits 34 35 CA-35 Bunker Hill Dr.,3,3,"I-280 S, Junipero Serra Fwy N",Partly Cloudy,71.6
2017-06-14 19:00:00,62.98,Normal traffic flow,0,0,,Clear,58.4
2017-06-14 20:00:00,63.02,Right hand shoulder blocked due to accident on Bryant St Eastbound at 7th St.,2,1,7th St,Partly Cloudy,62.1
2017-06-14 21:00:00,62.06,Right hand shoulder blocked due to accident on I-80 Westbound at Exit 22 Pinole Valley Rd.,3,1,Pinole Valley Rd,Clear,73.0
2017-06-14 22:00:00,62.2,Exit ramp from CA-87 Southbound at Exit 8 to Skyport Dr both ways shoulder blocked due to accident.,2,1,Guadalupe Pkwy S,Partly Cloudy,63.0
2017-06-14 23:00:00,61.72,Right hand shoulder blocked due to accident on I-580 Westbound at Exits 44B 45 I-680. | Lane blocked due to accident on I-280 Southbound at Exit 55 25th St.,3,3,"I-580 E, I-280 S, I-580 W",Partly Cloudy,59.7
2017-06-15 00:00:00,61.22,Right hand shoulder blocked due to accident on CA-1 Cabrillo Hwy Northbound at Bean Hollow Rd. | Lane blocked due to accident on Amend Rd both ways at Valley View Rd.,2,2,"Cabrillo Hwy, Amend Rd",Clear,61.4
2017-06-15 01:00:00,55.82,Right hand shoulder blocked due to accident on US-101 Northbound at Exit 383 Tully Rd.,2,1,Bayshore Fwy S,Clear,59.0
2017-06-15 02:00:00,61.08,Normal traffic flow,0,0,,Clear,58.4
2017-06-15 03:00:00,61.18,Right hand shoulder blocked due to accident on I-680 Southbound at Stoneridge Dr. | Accident on San Pablo Dam Rd both ways at May Rd.,3,3,"I-680 S, May Rd, US-101 N",Clear,55.6
2017-06-15 04:00:00,62.88,Normal traffic flow,0,0,,Clear,58.4
2017-06-15 05:00:00,63.02,Right hand shoulder blocked due to accident on I-880 Northbound before Exit 15 Auto Mall Pkwy.,3,1,I-880 N,Partly Cloudy,59.0
2017-06-15 06:00:00,45.52,Lane blocked due to accident on Somerset Ave Northbound at Lake Chabot Rd. | Right hand shoulder blocked due to accident on I-580 Westbound before I-680.,3,6,"Lake Chabot Rd, I-680 N, High St",Clear,56.8
2017-06-15 07:00:00,28.87,Right hand shoulder blocked due to accident on CA-87 Guadalupe Pkwy Northbound at US-101. | Accident on CA-85 Northbound after Exit 8 Branham Ln.,3,8,"Bayshore Fwy S, Norman Y Mineta Hwy, Warren Fwy N",Partly Cloudy,60.6
2017-06-15 08:00:00,24.81,Accident on Middle Dr at Ginger Ln. | #1 lane blocked due to accident on I-280 Northbound before CA-85.,3,5,"Middle Dr, Junipero Serra Fwy N, I-680 N",Partly Cloudy,62.9
2017-06-15 09:00:00,28.85,Accident on CA-237 Eastbound after Exit 6 Great America Pkwy. | Restrictions on entry ramp due to accident on US-101 Northbound at Grand Ave.,3,6,"CA-237 W, Bayshore Fwy S, E Brokaw Rd",Partly Cloudy,64.0
2017-06-15 10:00:00,45.94,Right hand shoulder blocked due to accident on US-101 Northbound after Woodside Rd. | Right hand shoulder blocked due to accident on I-880 Northbound after Exit 36 Hegenberger Rd.,3,3,"Woodside Rd, I-880 N, Hacienda Dr",Partly Cloudy,67.7
2017-06-15 11:00:00,61.67,Accident on I-880 Northbound before Exit 39B 23rd Ave. | #1 lane blocked due to accident on US-101 Northbound before Kehoe Ave.,3,4,"I-880 N, US-101 N, Dublin Blvd",Clear,73.1
2017-06-15 12:00:00,61.14,#1 lane blocked due to accident on US-101 Southbound at Exits 425B 425C 426A 426B Oyster Point Blvd. | Accident on exit ramp from CA-92 Westbound at Exit 9A to Ralston Ave Northbound.,2,3,"Bayshore Fwy S, CA-92 E",Partly Cloudy,67.7
2017-06-15 13:00:00,62.18,#1 lane blocked due to accident on US-101 Northbound at Exits 419A 419B Bayshore Hwy. | #1 lane blocked due to accident on I-880 Northbound at Hesperian Blvd.,3,2,"US-101 N, I-880 N",Clear,71.0
2017-06-15 14:00:00,60.36,#1 lane blocked due to accident on CA-92 Eastbound at Exits 8 8A 8B I-280. | #1 lane blocked due to accident on US-101 Northbound at Exit 414B CA-92.,2,2,"CA-92 E, US-101 N",Partly Cloudy,77.0
2017-06-15 15:00:00,60.7,Lane blocked due to accident on US-101 Northbound at I-880 Exits 4B 4C. | #2 lane blocked due to accident on CA-24 Eastbound at Pleasant Hill Rd.,2,4,"I-880 N, CA-24 E, CA-242 N",Clear,84.5
2017-06-15 16:00:00,61.07,#1 lane blocked due to accident on CA-24 Eastbound at Camino Pablo. | Right lane blocked due to accident on I-880 Southbound at Exit 29 A St.,3,9,"Grove Shafter Fwy E, I-880, CA-92 E",Partly Cloudy,77.8
2017-06-15 17:00:00,61.37,#1 lane blocked due to accident on CA-17 Northbound at CA-9 Los Gatos Saratoga Rd. | #4 & #5 lane blocked due to accident on I-580 Eastbound at Exit 50 CA-84 Airway Blvd.,3,10,"CA-17 S, I-580 E, I-580 W",Partly Cloudy,77.4
2017-06-15 18:00:00,62.14,Slow lane blocked due to accident on I-880 Southbound at 29th Ave. | At Shoreline Blvd - Accident.,3,4,"Nimitz Fwy S, Norman Y Mineta Hwy, CA-85 S",Clear,74.3
2017-06-15 19:00:00,61.82,Slow lane blocked due to accident on US-101 Northbound at Exit 409 Whipple Ave. | At Whipple Ave/Exit 409 - Accident.,2,2,"Bayshore Fwy N, US-101 N",Partly Cloudy,71.6
2017-06-15 20:00:00,61.39,Accident on I-280 Southbound at Exit 11 De Anza Blvd. | Accident on I-280 Westbound at Exit 11 De Anza Blvd.,3,4,"Junipero Serra Fwy N, I-680 S, Howard St",Clear,71.2
2017-06-15 21:00:00,61.8,Right hand shoulder blocked due to accident on Redwood Rd at Proctor Rd. | Accident on US-101 Southbound at CA-87.,2,2,"Proctor Rd, Bayshore Fwy S",Clear,67.4
2017-06-15 22:00:00,61.58,Right hand shoulder blocked due to accident on I-680 Northbound at Exit 18B Mission Rd.,3,1,I-680 N,Clear,68.0
2017-06-15 23:00:00,61.52,Right hand shoulder blocked due to accident on I-580 Westbound at Exit 25A High St. | Slow lane blocked due to multi-vehicle accident on I-680 Northbound at Exit 47 Main St.,3,4,"High St, I-680 N, E Capitol Expy",Clear,69.0
2017-06-16 00:00:00,61.39,Normal traffic flow,0,0,,Clear,58.4
2017-06-16 01:00:00,61.0,Lane blocked due to accident on CA-17 Northbound at Exit 19 Santa Cruz Ave. | Right hand shoulder blocked due to accident on US-101 Northbound at Exit 414B CA-92.,3,3,"CA-17 S, CA-92 E, Grand Ave",Clear,63.5
2017-06-16 02:00:00,61.08,At Mission Blvd - Accident.,4,1,I-680 S,Clear,62.1
2017-06-16 03:00:00,61.18,Normal traffic flow,0,0,,Clear,58.4
2017-06-16 04:00:00,62.8,Normal traffic flow,0,0,,Clear,58.4
2017-06-16 05:00:00,63.19,Accident on I-880 Southbound at Exit 29 A St. | Accident on San Pablo Dam Rd near Milton Dr.,3,2,"I-880 N, San Pablo Dam Rd",Clear,63.5
2017-06-16 06:00:00,47.44,Right hand shoulder blocked due to accident on I-880 Northbound before Exit 26 Tennyson Rd.,3,1,W Tennyson Rd,Clear,64.0
2017-06-16 07:00:00,32.55,Accident on Castro Valley Blvd Eastbound at Strobridge Ave. | Accident on I-880 Southbound after Exit 22 Fremont Blvd.,3,6,"Strobridge Ave, Nimitz Fwy S, US-101 N",Clear,64.0
2017-06-16 08:00:00,24.78,Right hand shoulder blocked due to accident on US-101 Southbound at CA-114 Willow Rd. | Accident on I-280 Northbound at 6th St.,3,7,"Bayshore Fwy S, Brannan St, Norman Y Mineta Hwy",Clear,67.5
2017-06-16 09:00:00,28.98,Accident on I-280 Southbound after Exit 45 Westborough Blvd. | Right hand shoulder blocked due to accident on I-580 Westbound before 14th Ave.,3,10,"I-280 S, Beaumont Ave, Stevenson Blvd",Clear,70.5
2017-06-16 10:00:00,40.18,Normal traffic flow,0,0,,Clear,58.4
2017-06-16 11:00:00,61.42,Accident on I-80 I-580 Westbound after CA-13 Ashby Ave. | Accident on I-880 Southbound after Exit 5 Brokaw Rd.,3,5,"I-580 W, I-880 S, US-101 N",Clear,77.6
2017-06-16 12:00:00,61.37,Accident on Bird Ave Southbound at Minnesota Ave. | Accident on I-680 Southbound at Exit 29 Stoneridge Dr.,3,4,"Bird Ave, I-680 S, I-280 S",Clear,80.8
2017-06-16 13:00:00,51.95,Lane blocked due to accident on Treat Blvd at Jones Rd. | Exit lane blocked due to accident on US-101 Southbound at Francisco Blvd.,3,5,"Treat Blvd, US-101 S, I-880 N",Clear,87.1
2017-06-16 14:00:00,60.35,Accident on exit ramp from I-580 Westbound at Exits 2 2B to Francisco Boulevard. | #2 lane blocked due to accident on I-80 Westbound at Exits 2B 2C Bryant St.,3,4,"I-580 W, I-80 W, I-880 N",Clear,83.3
2017-06-16 15:00:00,61.57,Accident on US-101 Southbound at Exits 423A 423B 423C I-380. | Closed at Kavanaugh Dr - Road closed due to accident.,4,5,"Bayshore Fwy S, University Ave,  University Ave",Clear,80.8
2017-06-16 16:00:00,61.28,#2 & #3 lane blocked due to accident on I-880 Southbound at Exit 17 Mowry Ave. | Closed at Latimer Ave - Road closed due to accident.,4,4,"Nimitz Fwy S,  Winchester Blvd, I-880 N",Partly Cloudy,83.4
2017-06-16 17:00:00,61.75,Accident on US-101 Southbound at Exits 391A 391B Trimble Rd. | At Stevens Creek Blvd - Accident.,2,5,"Trimble Rd,  San Tomas Expy, I-580 W",Clear,85.8
2017-06-16 18:00:00,63.01,#1 lane blocked due to accident on I-880 Northbound at Exit 34 CA-61 Davis St. | Accident on I-880 Northbound at Exit 35 98th Ave.,3,7,"I-880 N, I-680 S, I-680 N",Partly Cloudy,81.9
2017-06-16 19:00:00,63.91,#2 lane blocked due to accident on I-880 Southbound at CA-17. | #3 lane blocked due to accident on I-880 Northbound at Exit 35 98th Ave.,3,4,"CA-17 S, I-880 N, Whipple Rd",Clear,73.5
2017-06-16 20:00:00,63.08,Normal traffic flow,0,0,,Clear,58.4
2017-06-16 21:00:00,62.08,Right hand shoulder blocked due to accident on I-280 Southbound at Exits 54 54A 54B US-101. | Slow traffic due to accident on I-280 Southbound at Exit 55 Pennsylvania Ave.,3,2,"I-280 S, Cesar Chavez",Partly Cloudy,67.0
2017-06-16 22:00:00,62.55,#4 lane blocked due to accident on I-680 Northbound at Concord Ave.,3,1,I-680 N,Clear,80.1
2017-06-16 23:00:00,61.93,Normal traffic flow,0,0,,Clear,58.4
2017-06-17 00:00:00,61.7,Normal traffic flow,0,0,,Clear,58.4
2017-06-17 01:00:00,61.33,GG 00197 accident on CA-92 Jackson St Eastbound at I-880 .,3,1,Nimitz Fwy S,Clear,63.0
2017-06-17 02:00:00,61.18,Accident on I-680 Northbound at Exit 52 Contra Costa Blvd. | Right hand shoulder blocked due to accident on I-280 Southbound at Exits 1C 5A 5B I-880.,3,2,"I-680 N, I-880 S",Clear,69.0
2017-06-17 03:00:00,60.94,Normal traffic flow,0,0,,Clear,58.4
2017-06-17 04:00:00,61.54,Two lanes blocked due to accident on I-880 Northbound at Exit 8A Tasman Dr.,3,1,Tasman Dr,Clear,62.1
2017-06-17 05:00:00,62.18,Right hand shoulder blocked due to accident on CA-242 Southbound at Exit 3A Olivera Rd. | At CA-35/Bunker Hill Dr - Accident.,2,2,"Olivera Rd, Junipero Serra Fwy N",Clear,65.9
2017-06-17 06:00:00,62.64,Right lane blocked due to accident on I-280 Northbound at Exits 34 35 CA-35 Bunker Hill Dr.,3,1,I-280 S,Overcast,53.6
2017-06-17 07:00:00,62.92,Right hand shoulder blocked due to accident on US-101 Northbound at Exit 411 Holly St. | Two lanes blocked due to accident on I-680 Southbound at Exit 4 Berryessa Rd.,3,2,"US-101 N, Berryessa Rd",Clear,65.3
2017-06-17 08:00:00,62.69,Three lanes blocked due to accident on I-680 Southbound at Exit 2B McKee Rd. | Two lanes blocked due to accident on I-80 Westbound at Exit 4 San Francisco-Oakland Bay Bridge.,3,2,"I-680 S, San Francisco-Oakland Bay Bridge",Scattered Clouds,69.8
2017-06-17 09:00:00,60.84,Accident and vehicle fire on I-80 I-580 Eastbound at Exit 9 I-580. | Right hand shoulder blocked due to accident on I-680 Southbound at Exit 2B McKee Rd.,3,2,"I-580 W, I-680 N",Scattered Clouds,71.6
2017-06-17 10:00:00,60.38,Two lanes blocked due to accident on US-101 Northbound at Exits 388B 388C I-880. | #1 lane blocked due to accident on US-101 Northbound at Exit 411 Holly St.,3,4,"US-101 N, I-680 S, I-880 N",Clear,77.0
2017-06-17 11:00:00,60.48,Lane blocked due to accident on I-880 Northbound at Exits 30 31A I-238. | Accident on I-580 Westbound at Exits 34 35 I-238. On the median.,3,3,"Nimitz Fwy S, I-580 E, I-680 S",Clear,76.0
2017-06-17 12:00:00,60.23,Accident on I-680 Northbound at Exit 20 Andrade Rd.,3,1,I-680 N,Clear,91.0
2017-06-17 13:00:00,60.51,Normal traffic flow,0,0,,Clear,58.4
2017-06-17 14:00:00,59.86,Normal traffic flow,0,0,,Clear,58.4
2017-06-17 15:00:00,60.28,Normal traffic flow,0,0,,Clear,58.4
2017-06-17 16:00:00,60.28,Accident on I-280 Northbound at Exits 1C 5A 5B I-880. | Accident on I-280 Southbound at Exits 49 49B CA-1.,3,2,"Sinclair Fwy N, I-280 S",Partly Cloudy,81.0
2017-06-17 17:00:00,61.28,Accident on I-680 Southbound at Exit 36 Crow Canyon Rd. | At Crow Canyon Rd - Accident.,3,2,"I-680 S, I-680 N",Clear,95.0
2017-06-17 18:00:00,60.92,Accident on I-680 Northbound at Exit 52 Contra Costa Blvd.,3,1,I-680 N,Clear,96.1
2017-06-17 19:00:00,62.82,Accident on CA-1 Northbound at Exits 508 508A 508B CA-35 Skyline Blvd. | Accident on entry ramp to I-80 Eastbound at Exit 15 from Cutting Blvd.,3,3,"Gateway Dr, Cutting Blvd, N San Pedro Rd",Clear,79.5
2017-06-17 20:00:00,62.39,Normal traffic flow,0,0,,Clear,58.4
2017-06-17 21:00:00,62.47,Normal traffic flow,0,0,,Clear,58.4
2017-06-17 22:00:00,62.68,Accident on I-580 Westbound at Exit 13 I-80.,3,1,Eastshore Fwy W,Partly Cloudy,71.1
2017-06-17 23:00:00,62.48,#3 lane blocked due to accident on I-580 Eastbound at Dutton Ave.,3,1,Foothill Blvd,Clear,69.1
2017-06-18 00:00:00,61.82,Normal traffic flow,0,0,,Clear,58.4
2017-06-18 01:00:00,61.36,Left hand shoulder blocked due to accident on I-680 Southbound at Exits 18 18A Vargas Rd. | Accident on I-580 Eastbound at I-580 Exit 22 / Park Blvd.,3,2,"I-680 S, I-580 E",Clear,70.6
2017-06-18 02:00:00,61.32,#3 lane blocked due to accident on I-580 Westbound at I-580 Exit 24 / Coolidge Ave.,3,1,I-580 E,Clear,69.1
2017-06-18 03:00:00,61.16,Right hand shoulder blocked due to accident on CA-85 Southbound at Homestead Rd. | #3 lane blocked and right hand shoulder blocked due to accident on CA-85 Southbound at Exit 20 Fremont Ave.,2,2,CA-85 S,Clear,69.1
2017-06-18 04:00:00,61.34,#4 lane blocked due to accident on I-880 Northbound in Hayward. | #2 #3 lane blocked due to accident on I-580 Westbound at Exit 22A MacArthur Blvd.,3,2,"Nimitz Fwy S, I-580 W",Clear,69.0
2017-06-18 05:00:00,61.72,Normal traffic flow,0,0,,Clear,58.4
2017-06-18 06:00:00,61.92,Slow lane blocked due to accident on I-880 Southbound at Exit 16 Stevenson Blvd.,3,1,Nimitz Fwy S,Clear,71.6
2017-06-18 07:00:00,62.66,Normal traffic flow,0,0,,Clear,58.4
2017-06-18 08:00:00,63.02,Right hand shoulder blocked due to accident on US-101 Northbound at Exits 396A 396B Mathilda Ave. | Accident and vehicle fire on US-101 Northbound at Exits 450A 450B Redwood Hwy.,2,2,US-101 N,Clear,76.9
2017-06-18 09:00:00,62.54,Normal traffic flow,0,0,,Clear,58.4
2017-06-18 10:00:00,61.73,Right hand shoulder blocked due to accident on CA-17 Northbound at Exit 23 County Hwy-G4 San Tomas Expy.,2,1,CA-17 N,Clear,84.9
2017-06-18 11:00:00,62.68,Right hand shoulder blocked due to accident on I-680 Eastbound at Exit 53 CA-4. | Right hand shoulder blocked due to accident on US-101 Northbound at Exit 414B CA-92.,2,2,"CA-4 E, S Norfolk St",Clear,92.3
2017-06-18 12:00:00,61.02,Lane blocked due to accident on CA-17 Southbound at Exit 23 County Hwy-G4 San Tomas Expy.,2,1,CA-17 S,Clear,98.1
2017-06-18 13:00:00,61.59,Lane blocked due to accident on US-101 Southbound at Exits 423A 423B 423C I-380.,2,1,Bayshore Fwy S,Partly Cloudy,96.1
2017-06-18 14:00:00,61.83,Normal traffic flow,0,0,,Clear,58.4
2017-06-18 15:00:00,61.65,Lane blocked due to accident on CA-92 Westbound at Exit 10 Hillsdale Blvd. | Lane blocked on exit ramp due to accident on I-580 Eastbound at Exit 32 150th Ave.,3,2,"J Arthur Younger Fwy W, MacArthur Fwy E",Clear,97.9
2017-06-18 16:00:00,62.92,Normal traffic flow,0,0,,Clear,58.4
2017-06-18 17:00:00,62.47,Accident on I-880 Southbound at Exit 29 A St.,3,1,Nimitz Fwy S,Clear,91.9
2017-06-18 18:00:00,61.83,Normal traffic flow,0,0,,Clear,58.4
2017-06-18 19:00:00,61.84,Two lanes blocked due to accident on I-580 Eastbound between Exit 2A Sir Francis Drake Blvd and Exit 7 Standard Ave. | Two lanes blocked due to accident on I-580 Westbound at Exits 7B 8 Canal Blvd.,3,3,"I-580 E, I-580 W",Clear,92.0
2017-06-18 20:00:00,62.22,Accident on I-880 Northbound at Exit 40 Embarcadero.,3,1,Nimitz Fwy S,Partly Cloudy,81.0
2017-06-18 21:00:00,62.12,Lane blocked due to accident on US-101 Northbound at Exit 394 County Hwy-G2 Lawrence Expy. | Right hand shoulder blocked due to accident on I-280 Southbound at Exit 33 CA-92.,3,5,"Lawrence Expy, I-280 S, I-680 S",Clear,81.4
2017-06-18 22:00:00,62.68,Normal traffic flow,0,0,,Clear,58.4
2017-06-18 23:00:00,62.24,#3 lane blocked due to accident on I-280 Southbound at Exit 13 Foothill Expy. | Lane blocked due to accident on John Dr both ways at Castro Valley Blvd.,3,2,"Foothill Expy, Strobridge Ave",Clear,77.0
2017-06-19 00:00:00,61.52,Entry ramp to I-880 Southbound at Exit 36 from Hegenberger Rd lane blocked due to accident.,3,1,Oakport St,Scattered Clouds,66.9
2017-06-19 01:00:00,61.04,Normal traffic flow,0,0,,Clear,58.4
2017-06-19 02:00:00,60.97,Left hand shoulder blocked due to accident on I-680 Northbound at Sheridan Rd.,3,1,Sheridan Rd,Clear,77.0
2017-06-19 03:00:00,61.18,Accident on Newhall St both ways at Washington St.,2,1,Newhall St,Clear,73.0
2017-06-19 04:00:00,62.39,#3 lane blocked due to accident on US-101 Northbound before Access Rd. | At I-380/Access Rd - Accident.,2,2,US-101 N,Partly Cloudy,60.1
2017-06-19 05:00:00,60.26,#1 lane blocked due to accident on US-101 Northbound after Embarcadero Rd. | #1 lane blocked due to accident on US-101 Northbound before Exit 403 CA-109 University Ave.,3,6,"Embarcadero Rd, Bayshore Fwy S, Elliott St",Partly Cloudy,66.7
2017-06-19 06:00:00,44.87,Normal traffic flow,0,0,,Clear,58.4
2017-06-19 07:00:00,28.62,Lane blocked on entry ramp due to accident on US-101 Southbound at Shoreline Blvd. | #1 lane blocked due to accident on I-80 I-580 Westbound at CA-13 Ashby Ave.,3,6,"CA-85 S, Eastshore Fwy W, I-880 S",Partly Cloudy,71.2
2017-06-19 08:00:00,24.14,Right hand shoulder blocked due to accident on I-880 Southbound before Exit 16 Stevenson Blvd. | Accident on I-80 Eastbound before Exit 4A Treasure Is.,3,5,"Stevenson Blvd, San Francisco-Oakland Bay Brg E, Grove Shafter Fwy E",Partly Cloudy,74.0
2017-06-19 09:00:00,35.57,Accident on CA-85 Northbound after Almaden Expy. On the median. | Accident on US-101 Southbound before 3rd Ave.,3,8,"Almaden Expy, Bayshore Fwy S, I-80 W",Clear,75.0
2017-06-19 10:00:00,58.94,Accident on County Hwy-G4 San Tomas Expy Westbound at Scott Blvd. | #3 lane blocked due to accident on US-101 Northbound before CA-87.,2,2,"San Tomas Expy, Bayshore Fwy S",Partly Cloudy,86.0
2017-06-19 11:00:00,60.11,Accident on County Hwy-G2 Lawrence Expy at Kifer Rd.,2,1,Lawrence Expy,Clear,82.9
2017-06-19 12:00:00,59.62,#1 lane blocked due to accident on Grove Way at Center St. | #4 lane blocked due to accident on I-280 Southbound at Exit 25 CA-84 Woodside Rd.,3,3,"Center St, I-280 S",Clear,81.4
2017-06-19 13:00:00,58.24,Accident on Carlson Blvd Westbound at 45th St.,2,1,Carlson Blvd,Clear,100.0
2017-06-19 14:00:00,59.81,#3 & #4 lane blocked due to accident on I-680 Southbound at Exit 15 Washington Blvd. | Middle lane blocked due to accident on I-680 Southbound at Sheridan Rd.,3,4,I-680 S,Clear,97.7
2017-06-19 15:00:00,58.98,#4 lane blocked due to accident on I-680 Southbound at Alcosta Blvd. | #2 lane blocked due to accident on I-880 Northbound at Auto Mall Pkwy.,3,4,"I-680 S, I-880 N, I-580 W",Clear,83.6
2017-06-19 16:00:00,59.72,#2 lane blocked due to accident on I-680 Southbound at Exit 31 San Ramon Valley Blvd. | HOV lane blocked due to accident on I-880 Southbound at Exits 30 31A I-238.,3,2,"I-680 S, Nimitz Fwy S",Clear,91.4
2017-06-19 17:00:00,60.17,#1 lane blocked due to accident on I-580 Westbound at Exit 37 Grove Way. | At San Mateo Bridge - Accident.,3,3,"I-580 W, CA-92 E, I-80 W",Partly Cloudy,79.2
2017-06-19 18:00:00,59.94,#2 lane blocked due to accident on US-101 Northbound at Exits 398 398A Moffett Blvd. | #3 lane blocked due to accident on US-101 Northbound at CA-237 Exit 3A.,2,3,US-101 N,Clear,75.0
2017-06-19 19:00:00,62.91,Accident on CA-1 Crossover Dr Northbound at Martin Luther King Jr Dr. | #1 lane blocked due to accident on CA-4 Eastbound at Exit 11 Morello Ave.,2,3,"Crossover Dr, John Muir Pkwy E, E Julian St",Clear,77.3
2017-06-19 20:00:00,62.73,Right hand shoulder blocked due to accident on I-580 Eastbound at Exits 29 29A Golf Links Rd.,3,1,I-580 E,Partly Cloudy,62.1
2017-06-19 21:00:00,61.76,Accident on Del Oro Cir both ways around Buchanan Rd.,2,1,Del Oro Cir,Clear,82.9
2017-06-19 22:00:00,61.75,Normal traffic flow,0,0,,Clear,58.4
2017-06-19 23:00:00,61.51,#1 lane blocked due to accident on I-580 Westbound at Exit 13 I-80.,3,1,I-580 W,Partly Cloudy,61.0
2017-06-20 00:00:00,61.42,Normal traffic flow,0,0,,Clear,58.4
2017-06-20 01:00:00,61.16,Between Gilman St and CA-13/Ashby Ave/Bay St - Accident.,2,1,Eastshore Fwy W,Clear,61.0
2017-06-20 02:00:00,61.02,Normal traffic flow,0,0,,Clear,58.4
2017-06-20 03:00:00,61.18,Normal traffic flow,0,0,,Clear,58.4
2017-06-20 04:00:00,62.44,Accident on US-101 Northbound at Exit 383 Tully Rd. | Accident on 7th St at CA-13 Ashby Ave.,2,3,"Bayshore Fwy S, Ashby Ave, I-580 E",Clear,62.7
2017-06-20 05:00:00,62.6,Accident on CA-87 Guadalupe Pkwy Northbound at I-280. | Accident on I-680 Southbound before Exits 18 18A Vargas Rd.,3,2,"Sinclair Fwy N, I-680 S",Clear,64.0
2017-06-20 06:00:00,44.39,Accident on CA-87 Guadalupe Pkwy Northbound before Exit 7 Taylor St. | Accident on I-680 Southbound after Sunol Blvd.,3,5,"Guadalupe Pkwy N, I-680 S, Bayshore Fwy S",Clear,65.5
2017-06-20 07:00:00,26.82,Slow lane blocked due to accident on I-580 Eastbound at Exit 11 Bayview Ave. | Accident on CA-87 Northbound before Capitol Expy.,3,7,"I-580 E, Guadalupe Fwy N, Dublin Blvd",Clear,69.7
2017-06-20 08:00:00,27.33,Shoulder blocked on entry ramp due to accident on US-101 Southbound at Exit 408 CA-84. | Accident on US-101 Southbound before Exit 432 Cesar Chavez.,3,6,"Woodside Rd, James Lick Fwy S, Diablo Rd",Clear,70.5
2017-06-20 09:00:00,22.71,Accident on I-880 Northbound before CA-17. | Restrictions on entry ramp due to accident on US-101 Southbound at Oregon Expy.,3,10,"I-880 S, Bayshore Fwy S, Grove Way",Clear,72.9
2017-06-20 10:00:00,48.91,Accident on Rock St at Telford Ave. | Accident on High St at Jensen St.,2,4,"Telford Ave, High St, 23rd St",Clear,73.6
2017-06-20 11:00:00,62.4,Right lane blocked due to accident on I-80 Eastbound at Exit 19A El Portal Dr. | At Bay Brg - Accident.,3,2,"I-80 E, San Francisco-Oakland Bay Brg E",Clear,80.5
2017-06-20 12:00:00,62.37,Slow lane blocked due to accident on I-80 Westbound at Exit 4A Treasure Is. | #1 lane blocked due to accident on I-880 Northbound at Exit 37 66th Ave.,3,2,"San Francisco-Oakland Bay Brg E, I-880 N",Clear,74.9
2017-06-20 13:00:00,61.9,#3 lane blocked due to accident on I-580 Westbound at Exit 50 CA-84 Airway Blvd. | #2 lane blocked due to accident on I-580 Westbound at Exit 47 Santa Rita Rd.,3,2,I-580 W,Clear,96.6
2017-06-20 14:00:00,61.89,#2 & #3 lane blocked due to accident on US-101 Southbound at Exit 417 Poplar Ave. | Lane blocked due to accident on CA-185 14th St Eastbound at 159th Ave.,3,5,"Bayshore Fwy S, 159th Ave, I-580 W",Clear,79.4
2017-06-20 15:00:00,60.26,#1 lane blocked due to accident on US-101 Southbound at Exits 396A 396B Mathilda Ave. | Fast lane blocked due to accident on I-280 Northbound at Trousdale Dr.,3,7,"Bayshore Fwy S, Junipero Serra Fwy N, I-680 N",Clear,83.3
2017-06-20 16:00:00,61.1,Middle lane blocked due to accident on CA-85 Northbound at Exits 22A 22B CA-82 El Camino Real. | Accident on Fillmore St at Chestnut St.,3,4,"Norman Y Mineta Hwy, Chestnut St, I-680 N",Clear,78.5
2017-06-20 17:00:00,60.3,#2 lane blocked due to accident on US-101 Southbound at Exit 409 Whipple Ave. | #4 lane blocked due to accident on I-880 Southbound at Old Bayshore Hwy.,3,5,"Bayshore Fwy S, I-880 S, Pittsburg Ave",Clear,84.9
2017-06-20 18:00:00,44.55,Accident on I-280 Southbound at Exit 15 Eastbrook Ave.,3,1,I-280 S,Clear,71.1
2017-06-20 19:00:00,63.13,Normal traffic flow,0,0,,Clear,58.4
2017-06-20 20:00:00,63.1,Normal traffic flow,0,0,,Clear,58.4
2017-06-20 21:00:00,61.63,Normal traffic flow,0,0,,Clear,58.4
2017-06-20 22:00:00,62.56,Normal traffic flow,0,0,,Clear,58.4
2017-06-20 23:00:00,61.92,Normal traffic flow,0,0,,Clear,58.4
2017-06-21 00:00:00,61.28,Normal traffic flow,0,0,,Clear,58.4
2017-06-21 01:00:00,61.21,Normal traffic flow,0,0,,Clear,58.4
2017-06-21 02:00:00,61.02,Normal traffic flow,0,0,,Clear,58.4
2017-06-21 03:00:00,61.32,Normal traffic flow,0,0,,Clear,58.4
2017-06-21 04:00:00,62.68,Normal traffic flow,0,0,,Clear,58.4
2017-06-21 05:00:00,63.49,Accident on I-680 Southbound after Exit 38 Sycamore Valley Rd.,3,1,Sycamore Valley Rd,Clear,64.9
2017-06-21 06:00:00,42.18,Delays due to accident on CA-35 Half Moon Bay Rd Southbound at Skyline.,2,1,Half Moon Bay Rd,Overcast,53.6
2017-06-21 07:00:00,26.42,At Curtner Ave/Exit 3 - Accident. | At Sycamore Valley Rd - Accident.,2,3,"Guadalupe Fwy N,  Laurel Dr, San Mateo Rd",Clear,59.2
2017-06-21 08:00:00,22.44,Right hand shoulder blocked due to accident on I-880 Southbound before Exit 17 Mowry Ave. | #1 lane blocked due to accident on I-80 Westbound before Harrison St.,3,8,"Mowry Ave, I-80 W, Saratoga Ave",Clear,64.4
2017-06-21 09:00:00,23.72,Accident on I-580 Westbound before Exit 24 Coolidge Ave. | Restrictions on entry ramp due to accident on I-880 Northbound at 7th St.,3,7,"I-580 E, I-880 N, El Cerro Blvd",Clear,66.4
2017-06-21 10:00:00,49.43,Accident on Sand Hill Rd at Santa Cruz Ave. | Accident on I-880 Southbound at Stevens Creek Blvd.,3,5,"Sand Hill Rd, I-880 S, James Lick Fwy N",Clear,68.9
2017-06-21 11:00:00,62.36,Normal traffic flow,0,0,,Clear,58.4
2017-06-21 12:00:00,62.79,Normal traffic flow,0,0,,Clear,58.4
2017-06-21 13:00:00,62.65,Accident on CA-85 Northbound at Exits 5A 5B CA-87. | At Holly St/Redwood Shores/Exit 411 - Accident.,2,4,"Norman Y Mineta Hwy, Bayshore Fwy S, Nimitz Fwy S",Clear,78.5
2017-06-21 14:00:00,62.08,Slow lane blocked due to accident on US-101 Southbound at Exit 409 Whipple Ave. | Accident on I-880 Northbound at Exit 41B I-980.,3,7,"Bayshore Fwy S, I-880 N, I-680 N",Clear,81.9
2017-06-21 15:00:00,61.51,#3 & #4 lane blocked due to accident on US-101 Southbound at Exit 452 Irwin St. SigAlert issued. | Right lane blocked due to accident on County Hwy-G2 Lawrence Expy Southbound at Granada Ave.,3,15,"US-101 S, Lawrence Expy, Nimitz Fwy S",Clear,81.6
2017-06-21 16:00:00,61.1,Accident on exit ramp from US-101 Southbound at Exit 411 to Holly St. | Lane blocked due to accident on Grove Way at Cameron St.,2,6,"Bayshore Fwy S, Grove Way, Guadalupe Fwy N",Clear,89.5
2017-06-21 17:00:00,61.72,#3 lane blocked due to accident on US-101 Northbound at Exits 424 425A Airport Blvd. | #2 lane blocked due to accident on I-880 Southbound at Exit 41B I-980.,3,4,"S Airport Blvd, Nimitz Fwy S, US-101 N",Clear,80.2
2017-06-21 18:00:00,62.81,Fast lane blocked due to accident on County Hwy-G4 San Tomas Expy Southbound at Pruneridge Ave. | Slow lane blocked due to accident on I-280 Southbound at Exit 9 County Hwy-G2 Lawrence Expy.,3,8,"San Tomas Expy, I-280 S, Junipero Serra Fwy N",Partly Cloudy,79.8
2017-06-21 19:00:00,63.78,Slow lane blocked due to accident on I-880 Northbound at Exit 35 98th Ave. | Lane blocked due to accident on Saint Johns Dr at Paseo Grande.,3,4,"98th Ave, Saint Johns Dr, I-880 N",Clear,75.4
2017-06-21 20:00:00,63.9,Accident on US-101 Southbound at Exit 383 Tully Rd. | Right hand shoulder blocked due to accident on I-880 Northbound at Exits 33A 33B Marina Blvd.,3,2,"Bayshore Fwy S, I-880 N",Clear,74.2
2017-06-21 21:00:00,61.64,(Partially) 1 lane blocked due to accident Car Vs Deer involved on I-880 Northbound at Exit 21 Decoto Rd. | Accident on I-580 Eastbound at Exit 36 Redwood Rd.,3,4,"Nimitz Fwy S, I-580 E, I-680 S",Clear,73.2
2017-06-21 22:00:00,62.66,Slow lane blocked due to accident on I-80 Westbound at Exit 4A Treasure Is. | Accident on Richardson Dr at Ricardo Ln.,3,2,"San Francisco-Oakland Bay Brg E, Richardson Dr",Clear,64.2
2017-06-21 23:00:00,61.87,Right hand shoulder blocked due to accident on I-880 Northbound at Exits 30 31A I-238.,3,1,I-880 N,Clear,69.1
2017-06-22 00:00:00,61.51,Normal traffic flow,0,0,,Clear,58.4
2017-06-22 01:00:00,60.94,Accident on Powell St at Shellmound St. | Right hand shoulder blocked due to accident on I-580 Westbound at Exits 34 35 I-238.,3,3,"Shellmound St, I-580 W, Nimitz Fwy S",Clear,65.3
2017-06-22 02:00:00,61.03,Normal traffic flow,0,0,,Clear,58.4
2017-06-22 03:00:00,61.13,Closed at University Ave - Road closed due to accident.,4,1,Eastshore Fwy W,Clear,64.0
2017-06-22 04:00:00,62.76,Accident on I-880 Northbound before Thornton Ave. | Accident on Kirker Pass Rd at Hess Rd.,3,2,"Thornton Ave, Hess Rd",Clear,68.9
2017-06-22 05:00:00,62.96,Right hand shoulder blocked due to accident on I-680 Southbound before CA-262. | #2 lane blocked due to accident on US-101 Southbound before Oyster Point Blvd.,3,2,"I-680 S, Bayshore Fwy S",Clear,63.0
2017-06-22 06:00:00,44.42,Accident on US-101 Northbound at I-880. | #1 lane blocked due to accident on I-80 Westbound at Exit 19B Hilltop Dr.,3,5,"US-101 N, I-80 W, Richmond Pkwy",Partly Cloudy,67.6
2017-06-22 07:00:00,26.72,#1 lane blocked due to accident on I-680 Southbound before Exit 43 Livorna Rd. | Right hand shoulder blocked due to accident on CA-85 Northbound after Almaden Expy.,3,6,"Livorna Rd, Almaden Expy, I-680 S",Clear,72.6
2017-06-22 08:00:00,23.26,Accident on I-680 Southbound at Treat Blvd. | Lane blocked on exit ramp due to accident on US-101 Southbound at Exit 450B Sir Francis Drake Blvd.,3,10,"I-680 S, US-101 N, I-880 N",Clear,72.6
2017-06-22 09:00:00,23.95,#3 lane blocked due to accident on I-580 Westbound before University Ave. | Right hand shoulder blocked due to accident on I-880 Northbound after Dixon Landing Rd.,3,6,"I-580 W, Dixon Landing Rd, Bayshore Fwy S",Clear,78.5
2017-06-22 10:00:00,31.62,Lane blocked on entry ramp due to accident on I-880 Northbound at Exit 15 Auto Mall Pkwy. | Right hand shoulder blocked due to accident on I-580 Westbound at Exit 48 El Charro Rd.,3,5,"I-880 N, I-580 W, US-101 N",Clear,82.5
2017-06-22 11:00:00,59.38,Accident on I-280 Northbound after Exit 16 El Monte Rd. | Lane blocked on entry ramp due to accident on US-101 Northbound at Exit 394 County Hwy-G2 Lawrence Expy.,3,5,"I-280 S, Lawrence Expy, Nimitz Fwy S",Clear,78.8
2017-06-22 12:00:00,61.11,#1 #2 & #3 lane blocked due to accident on I-280 Northbound at Exit 33 CA-92. | At CA-92 - Accident.,3,2,Junipero Serra Fwy N,Clear,86.0
2017-06-22 13:00:00,62.02,At Dixon Landing Rd - Accident. | At CA-92 - Accident.,2,2,"Nimitz Fwy N, Junipero Serra Fwy N",Clear,89.6
2017-06-22 14:00:00,61.61,Normal traffic flow,0,0,,Clear,58.4
2017-06-22 15:00:00,61.52,Right lane blocked due to accident on CA-85 Southbound at Exits 10 11A CA-17. | #3 lane blocked due to accident on I-580 Eastbound at Buchanan St.,3,9,"CA-85 S, I-580 W, I-580 E",Clear,93.0
2017-06-22 16:00:00,62.37,Accident on CA-92 Eastbound in Redwood City. | Accident on CA-24 Eastbound at Exit 11 Acalanes Rd.,4,9,"CA-92 E, CA-24 E, I-680 S",Clear,89.2
2017-06-22 17:00:00,62.21,Lane blocked due to accident on US-101 Southbound at Oakland Rd. | Fast lane blocked due to accident on I-680 Southbound at Exit 29 Stoneridge Dr.,3,10,"Bayshore Fwy S, I-680 S, James Lick Fwy N",Partly Cloudy,78.6
2017-06-22 18:00:00,62.62,Right lane blocked due to accident on US-101 Southbound at Exit 412 Ralston Ave. | Slow lane blocked due to accident on CA-35 Skyline Blvd Southbound at John Daly Blvd.,2,6,"Bayshore Fwy S, John Daly Blvd, 19th Ave",Clear,74.1
2017-06-22 19:00:00,63.72,Accident on 3rd St at Jackson St.,2,1,Jackson St,Clear,68.0
2017-06-22 20:00:00,63.23,Normal traffic flow,0,0,,Clear,58.4
2017-06-22 21:00:00,62.27,Normal traffic flow,0,0,,Clear,58.4
2017-06-22 22:00:00,61.52,Slow lane blocked due to accident on US-101 Southbound at Exit 392 County Hwy-G4 Montague Expy. | Accident on CA-92 Westbound before Exit 14B Foster City Blvd.,3,3,"Bayshore Fwy S, J Arthur Younger Fwy W, I-880 N",Clear,67.1
2017-06-22 23:00:00,61.94,Accident on I-680 Northbound at Washington Blvd / Luzon Dr.,3,1,I-680 N,Clear,66.0
2017-06-23 00:00:00,61.42,Accident on I-580 Eastbound at Redwood Rd.,3,1,I-580 E,Clear,63.0
2017-06-23 01:00:00,61.14,Slow lane blocked due to accident on CA-87 Guadalupe Pkwy at Exits 4 5 6 I-280.,2,1,I-280 N,Clear,66.0
2017-06-23 02:00:00,60.92,Accident on Northview Dr both ways between Ursa Way and Lakeridge Ave. | Right hand shoulder blocked due to earlier accident on US-101 Northbound before Old Middlefield Way. All lanes have been re-opened.,2,2,"Northview Dr, US-101 N",Clear,62.5
2017-06-23 03:00:00,61.16,Accident on Athenour Way both ways at Andrade Rd.,2,1,Athenour Way,Clear,64.9
2017-06-23 04:00:00,62.66,Normal traffic flow,0,0,,Clear,58.4
2017-06-23 05:00:00,63.72,Accident on Northview Dr Eastbound at Kelly St.,2,1,Northview Dr,Clear,59.0
2017-06-23 06:00:00,47.71,Accident on CA-92 Eastbound at Edgewater Blvd. | Right hand shoulder blocked due to accident on I-880 Southbound at Exit 29 A St.,3,7,"CA-92 E, I-880 N, US-101 N",Overcast,60.1
2017-06-23 07:00:00,32.06,Right hand shoulder blocked due to accident on I-680 Southbound before Treat Blvd. | Accident on CA-84 Westbound before Exit 36 Paseo Padre Pkwy.,3,9,"I-680 S, CA-84 W, 4th Ave",Clear,64.4
2017-06-23 08:00:00,23.65,Accident on I-880 Southbound at CA-92. | Right hand shoulder blocked due to accident on I-580 Westbound after CA-84 Airway Blvd.,3,8,"Nimitz Fwy S, I-580 W, Isabel Ave",Partly Cloudy,65.9
2017-06-23 09:00:00,24.03,Right hand shoulder blocked due to accident on CA-85 Northbound before Exit 14 Saratoga Ave. | Right hand shoulder blocked due to accident on CA-85 Northbound after CA-17.,3,6,"Norman Y Mineta Hwy, CA-85 S, I-580 W",Partly Cloudy,68.4
2017-06-23 10:00:00,30.92,Accident on County Hwy-G4 San Tomas Expy Eastbound at Moorpark Ave. | Right hand shoulder blocked due to accident on Dartmouth Ave at Northam Ave.,3,5,"Moorpark Ave, Northam Ave, I-580 W",Clear,73.2
2017-06-23 11:00:00,61.73,#2 lane blocked due to accident on I-80 I-580 Westbound before Gilman St.,3,1,Eastshore Fwy W,Partly Cloudy,71.1
2017-06-23 12:00:00,62.68,#1 lane blocked due to accident on County Hwy-G2 Lawrence Expy Southbound at Kern Ave. | Slow lane blocked due to accident on I-280 Northbound at Mariposa St.,3,4,"Lawrence Expy, I-280 S, I-580 E",Clear,72.7
2017-06-23 13:00:00,61.39,#3 lane blocked due to accident on CA-17 Northbound at I-880.,2,1,I-280 S,Clear,82.0
2017-06-23 14:00:00,61.14,#3 lane blocked due to accident on US-101 Northbound at Exit 433A Vermont St. | Lane blocked due to accident on Highland Rd Westbound in Blackhawk.,2,2,"James Lick Fwy N, Highland Rd",Clear,81.5
2017-06-23 15:00:00,61.37,#1 lane blocked due to accident on County Hwy-G2 Lawrence Expy Northbound at Central Expy. | #1 & #2 lane blocked due to accident on I-280 Southbound at Exits 12A 12B CA-85.,3,3,"Lawrence Expy, I-280 S, I-880 S",Clear,76.3
2017-06-23 16:00:00,60.82,Accident on CA-237 Westbound at Exit 2 Middlefield Rd. | Right lane blocked due to accident on I-280 Southbound at Exit 6 Moorpark Ave.,3,8,"CA-237 W, Junipero Serra Fwy N, Southbay Fwy",Clear,74.5
2017-06-23 17:00:00,61.38,#4 lane blocked due to accident on I-80 Eastbound at Exit 18 San Pablo Dam Rd. | At San Mateo-Hayward Brg - Accident.,3,4,"I-80 E, CA-92 E, Nimitz Fwy S",Clear,78.5
2017-06-23 18:00:00,62.62,#1 lane blocked due to accident on US-101 Southbound at County Hwy-G3 Oregon Expy. | #1 lane blocked due to accident on CA-262 Mission Blvd Northbound at I-680.,2,5,"Bayshore Fwy S, Mission Blvd, Nimitz Fwy S",Clear,70.5
2017-06-23 19:00:00,63.3,Slow lane blocked due to accident on I-880 Northbound at Exits 33A 33B Marina Blvd.,3,1,I-880 N,Partly Cloudy,64.0
2017-06-23 20:00:00,63.08,Accident on Hesperian Blvd Westbound at Lewelling Blvd. | Queueing traffic due to accident on I-80 Eastbound at Exits 2B 2C Bryant St.,3,4,"Hesperian Blvd, James Lick Fwy N, Junipero Serra Fwy N",Mostly Cloudy,62.2
2017-06-23 21:00:00,62.59,Queueing traffic and #4 lane blocked due to accident and vehicle fire on I-680 Southbound at Exit 6 Montague Expy.,3,1,Montague Expy,Partly Cloudy,64.9
2017-06-23 22:00:00,63.02,Normal traffic flow,0,0,,Clear,58.4
2017-06-23 23:00:00,61.99,#5 lane blocked due to accident on US-101 Northbound at Exits 451 451A 451B I-580.,2,1,US-101 N,Clear,59.0
2017-06-24 00:00:00,62.27,Normal traffic flow,0,0,,Clear,58.4
2017-06-24 01:00:00,61.22,Normal traffic flow,0,0,,Clear,58.4
2017-06-24 02:00:00,61.02,Normal traffic flow,0,0,,Clear,58.4
2017-06-24 03:00:00,60.92,Normal traffic flow,0,0,,Clear,58.4
2017-06-24 04:00:00,61.55,Normal traffic flow,0,0,,Clear,58.4
2017-06-24 05:00:00,62.39,Normal traffic flow,0,0,,Clear,58.4
2017-06-24 06:00:00,62.84,Normal traffic flow,0,0,,Clear,58.4
2017-06-24 07:00:00,63.08,Slow lane blocked due to accident on I-280 Northbound at Exit 16 El Monte Rd.,3,1,I-280 S,Overcast,62.1
2017-06-24 08:00:00,62.22,Normal traffic flow,0,0,,Clear,58.4
2017-06-24 09:00:00,61.42,Normal traffic flow,0,0,,Clear,58.4
2017-06-24 10:00:00,60.7,Right hand shoulder blocked due to accident on I-680 Northbound at Exit 34 Bollinger Canyon Rd.,3,1,I-680 N,Clear,73.0
2017-06-24 11:00:00,60.82,Normal traffic flow,0,0,,Clear,58.4
2017-06-24 12:00:00,61.27,Accident on I-238 Westbound at Exit 14 I-580. | #5 lane blocked due to accident on I-580 Westbound at Exit 46 Hacienda Dr.,3,3,"I-580 W, Nimitz Fwy S",Clear,74.4
2017-06-24 13:00:00,60.8,Normal traffic flow,0,0,,Clear,58.4
2017-06-24 14:00:00,60.61,Normal traffic flow,0,0,,Clear,58.4
2017-06-24 15:00:00,60.55,Right hand shoulder blocked due to accident on I-680 Northbound at Exit 5A Hostetter Rd. | Right hand shoulder blocked due to accident on San Pablo Dam Rd Westbound at Camino Pablo.,3,3,"I-680 N, San Pablo Dam Rd, Lauderdale Ave",Mostly Cloudy,77.9
2017-06-24 16:00:00,60.92,Accident on CA-17 Southbound at Exit 25 Salmar Ave. | Accident on exit ramp from US-101 Northbound at Exits 429B 429C to Paul Ave Northbound.,2,2,"CA-17 S, James Lick Fwy N",Mostly Cloudy,70.0
2017-06-24 17:00:00,60.53,Accident on I-880 Southbound at Exit 39A 9th St. | #4 lane blocked due to accident on US-101 Northbound at Exit 433A Vermont St.,3,3,"I-880 N, James Lick Fwy N, Sir Francis Drake Blvd",Mostly Cloudy,67.7
2017-06-24 18:00:00,61.48,Ramp to CA-24 Eastbound and 52nd St - Accident. | Ramp to I-580/27th St - Accident.,3,2," 35th St, W MacArthur Blvd",Mostly Cloudy,63.0
2017-06-24 19:00:00,62.38,Slow and Far Right lane blocked due to accident on I-580 Eastbound at Exits 19B 19C 19D 20 I-980. | #5 and Exit lane blocked due to accident on US-101 Northbound at Exit 450B Sir Francis Drake Blvd.,3,2,"Grove Shafter Fwy E, Sir Francis Drake Blvd",Clear,66.4
2017-06-24 20:00:00,62.22,Accident on I-80 Eastbound at Exit 20 Richmond Pkwy.,3,1,Richmond Pkwy,Clear,70.0
2017-06-24 21:00:00,62.34,Accident on Liberty St at Tanager Ave. | At CA-85/West Vly Fwy/Almaden Plz Way - Accident.,3,2,"Tanager Ave, CA-85 S",Mostly Cloudy,62.7
2017-06-24 22:00:00,62.88,Normal traffic flow,0,0,,Clear,58.4
2017-06-24 23:00:00,62.27,#1 lane blocked and heavy traffic due to accident on I-80 Westbound at Exits 1 1C 7th St.,3,1,I-80 W,Overcast,57.9
2017-06-25 00:00:00,61.29,Normal traffic flow,0,0,,Clear,58.4
2017-06-25 01:00:00,61.23,Normal traffic flow,0,0,,Clear,58.4
2017-06-25 02:00:00,61.15,Normal traffic flow,0,0,,Clear,58.4
2017-06-25 03:00:00,60.86,Right hand shoulder blocked due to accident on CA-85 Northbound at Exit 11B Winchester Blvd. | Ramp to CA-85 - Accident.,4,5,"Winchester Blvd, Norman Y Mineta Hwy, I-680 N",Overcast,61.0
2017-06-25 04:00:00,61.02,Normal traffic flow,0,0,,Clear,58.4
2017-06-25 05:00:00,61.62,Normal traffic flow,0,0,,Clear,58.4
2017-06-25 06:00:00,61.82,Queueing traffic due to accident on I-680 Southbound before Alcosta Blvd. | #1 lane blocked due to accident on I-680 Southbound at Alcosta Blvd.,3,3,"I-680 S, Bayshore Fwy S",Mostly Cloudy,58.6
2017-06-25 07:00:00,61.91,Normal traffic flow,0,0,,Clear,58.4
2017-06-25 08:00:00,62.59,Lane blocked due to accident on US-101 Northbound before Exit 392 County Hwy-G4 Montague Expy.,2,1,Bayshore Fwy S,Overcast,63.0
2017-06-25 09:00:00,62.19,Normal traffic flow,0,0,,Clear,58.4
2017-06-25 10:00:00,60.85,Normal traffic flow,0,0,,Clear,58.4
2017-06-25 11:00:00,62.22,Normal traffic flow,0,0,,Clear,58.4
2017-06-25 12:00:00,60.02,Accident on I-680 Southbound at Exit 14 Auto Mall Pkwy. | Right hand shoulder blocked due to accident on I-980 Westbound at Exits 1A 1B I-880.,3,4,"Auto Mall Pkwy, I-880 S, I-680 S",Mostly Cloudy,69.0
2017-06-25 13:00:00,59.77,Accident on CA-85 Eastbound at Exit 9 Union Ave. | Right hand shoulder blocked due to accident on CA-85 Southbound at Exits 10 11A CA-17.,3,4,"CA-85 S, Eastshore Fwy W, I-580 E",Partly Cloudy,72.0
2017-06-25 14:00:00,61.47,Accident on US-101 Northbound at Exits 396A 396B Mathilda Ave. | Accident on I-880 Southbound at Exit 29 A St.,3,5,"US-101 N, Nimitz Fwy S, Wyrick Ave",Partly Cloudy,69.6
2017-06-25 15:00:00,61.58,Accident on I-680 Southbound at Exits 1D 2A Capitol Expy. | Accident on I-80 Eastbound at Exits 2B 2C Bryant St.,3,3,"I-680 S, San Francisco-Oakland Bay Brg E, I-580 E",Clear,75.3
2017-06-25 16:00:00,61.91,Right hand shoulder blocked due to accident on US-101 Northbound at Exit 403 CA-109 University Ave. | Accident on I-580 Westbound at Exits 34 35 I-238.,3,4,"Bayshore Fwy S, I-238 N, Hesperian Blvd",Clear,69.0
2017-06-25 17:00:00,61.36,Normal traffic flow,0,0,,Clear,58.4
2017-06-25 18:00:00,61.43,Accident on US-101 Southbound at Exit 442 Sausalito Lateral. | Accident on US-101 Northbound at Exits 388B 388C I-880.,2,2,"US-101 S, US-101 N",Partly Cloudy,66.6
2017-06-25 19:00:00,61.29,Accident on I-238 Northbound at Exit 15 CA-185 14th St. | Accident on US-101 at Exit 402 Embarcadero Rd.,3,2,"Mission Blvd, US-101 N",Clear,66.1
2017-06-25 20:00:00,62.15,Lane blocked due to accident on I-580 Eastbound near red rock island. | Lane blocked due to accident on I-580 Eastbound at Exits 2 2B Main St.,3,2,"Richmond-San Rafael Brg, I-580 E",Clear,60.8
2017-06-25 21:00:00,61.52,Slow lane blocked due to accident on I-280 Northbound at Exits 1 1B 2 11th St. | #3 lane blocked due to accident on US-101 Southbound at Exits 434A 434B Van Ness Ave.,3,2,"Sinclair Fwy N, S Van Ness Ave",Partly Cloudy,61.6
2017-06-25 22:00:00,61.85,Accident on I-880 Southbound at Exit 10 Dixon Landing Rd. | Accident on I-680 Northbound at Ygnacio Valley Rd.,3,2,"Dixon Landing Rd, I-680 S",Clear,61.6
2017-06-25 23:00:00,61.72,Right hand shoulder blocked due to accident on I-280 Southbound at Exits 12A 12B CA-85. | Three lanes blocked due to accident on CA-87 Guadalupe Pkwy Northbound at Exit 8 Skyport Dr.,3,3,"Norman Y Mineta Hwy, Guadalupe Pkwy N, Serramonte Blvd",Clear,61.4
2017-06-26 00:00:00,61.29,Lane blocked due to accident on I-280 Northbound at Exits 2B 3A 3B CA-87 Guadalupe Pkwy. | Right hand shoulder blocked due to accident on CA-85 Northbound at Exit 4 Blossom Hill Rd.,3,4,"Sinclair Fwy N, Blossom Hill Rd, I-680 N",Clear,61.5
2017-06-26 01:00:00,60.88,Normal traffic flow,0,0,,Clear,58.4
2017-06-26 02:00:00,60.92,Normal traffic flow,0,0,,Clear,58.4
2017-06-26 03:00:00,61.16,Normal traffic flow,0,0,,Clear,58.4
2017-06-26 04:00:00,61.81,Right hand shoulder blocked due to accident on US-101 Northbound before CA-84 Marsh Rd.,2,1,Bayshore Fwy S,Mostly Cloudy,64.4
2017-06-26 05:00:00,59.11,Normal traffic flow,0,0,,Clear,58.4
2017-06-26 06:00:00,43.44,Right hand shoulder blocked due to accident on CA-92 Westbound before Toll Plaza. | Right hand shoulder blocked due to accident on I-80 Westbound before San Pablo Ave.,3,2,"J Arthur Younger Fwy W, I-80 W",Overcast,62.1
2017-06-26 07:00:00,32.17,Accident on I-680 Northbound at CA-130 Alum Rock Ave. | #1 lane blocked due to accident on I-680 Northbound after Exit 8 CA-237 Calaveras Blvd.,3,6,"I-680 N, E Calaveras Blvd, CA-84 W",Mostly Cloudy,63.3
2017-06-26 08:00:00,31.22,Accident on I-680 Northbound after Exit 2B McKee Rd. | Accident on I-280 Southbound before Exit 45 Westborough Blvd.,3,7,"I-680 N, I-280 S, Norman Y Mineta Hwy",Mostly Cloudy,65.0
2017-06-26 09:00:00,26.11,Right hand shoulder blocked due to accident on I-680 Southbound before Exit 22 Koopman Rd. | Accident on I-680 Northbound at CA-238 Mission Blvd. On the median.,3,4,"I-680 S, Nimitz Fwy S, High St",Overcast,66.0
2017-06-26 10:00:00,59.93,Accident on I-680 Northbound after Exit 26 Bernal Ave. | Accident on I-880 Southbound at Marina Blvd.,3,2,"I-680 S, Marina Blvd",Clear,70.1
2017-06-26 11:00:00,60.61,Normal traffic flow,0,0,,Clear,58.4
2017-06-26 12:00:00,60.64,Normal traffic flow,0,0,,Clear,58.4
2017-06-26 13:00:00,61.5,#1 lane blocked due to accident on I-880 Northbound at Exit 34 CA-61 Davis St. | #1 lane blocked due to accident on 1st St Eastbound at I-80.,3,2,"I-880 N, James Lick Fwy N",Partly Cloudy,73.9
2017-06-26 14:00:00,62.68,Normal traffic flow,0,0,,Clear,58.4
2017-06-26 15:00:00,61.22,#1 lane blocked due to accident on I-580 Eastbound at Exits 2 2B Main St. | #4 lane blocked due to accident on I-80 Westbound at Exits 2B 2C Bryant St.,3,2,"I-580 E, James Lick Fwy N",Clear,73.6
2017-06-26 16:00:00,61.38,Middle lane blocked due to accident on CA-237 Eastbound at Exit 7 1st St. | #4 lane blocked due to accident on I-80 Westbound at Exits 2B 2C Bryant St.,3,5,"Southbay Fwy, James Lick Fwy N, CA-84 W",Partly Cloudy,73.0
2017-06-26 17:00:00,61.3,Slow lane blocked due to accident on CA-92 Westbound at Exit 9B De Anza Blvd. | Accident on I-680 Southbound at Exit 53 CA-4.,3,9,"J Arthur Younger Fwy W, I-680 S, I-580 W",Clear,73.8
2017-06-26 18:00:00,61.51,Accident on US-101 Eastbound at Exit 392 County Hwy-G4 Montague Expy. | #2 lane blocked due to accident on US-101 Southbound at Exits 386A 386B CA-130 Alum Rock Ave.,3,9,"Bayshore Fwy S, US-101 S, I-880 N",Partly Cloudy,70.7
2017-06-26 19:00:00,61.06,#1 lane blocked due to accident on US-101 Northbound at Exits 400B 400C San Antonio Rd. | #3 lane blocked due to accident on US-101 Southbound at I-80 Exits 1A 1B.,3,6,"Bayshore Fwy S, Central Fwy, Nimitz Fwy S",Clear,67.8
2017-06-26 20:00:00,62.14,Normal traffic flow,0,0,,Clear,58.4
2017-06-26 21:00:00,61.21,Normal traffic flow,0,0,,Clear,58.4
2017-06-26 22:00:00,61.78,Normal traffic flow,0,0,,Clear,58.4
2017-06-26 23:00:00,62.02,Normal traffic flow,0,0,,Clear,58.4
2017-06-27 00:00:00,61.51,Lane blocked due to recovery work and accident on Pescadero Creek Rd both ways at CA-1 Cabrillo Hwy. | Lane blocked due to recovery work and accident on I-280 Northbound at Exits 3A 3B Bird Ave.,3,2,"Cabrillo Hwy, Bird Ave",Mostly Cloudy,61.6
2017-06-27 01:00:00,60.93,At Bird Ave - Accident.,2,1,W Reed St,Overcast,62.1
2017-06-27 02:00:00,61.0,At 29th Ave - Accident.,2,1,I-880 N,Overcast,60.1
2017-06-27 03:00:00,61.18,Normal traffic flow,0,0,,Clear,58.4
2017-06-27 04:00:00,62.42,Accident on I-580 Westbound after Exit 48 El Charro Rd. | #3 lane blocked due to accident on I-580 Westbound before Exit 47 Santa Rita Rd.,3,3,"I-580 W, Tassajara Rd",Overcast,57.9
2017-06-27 05:00:00,58.98,Accident on US-101 Southbound after I-880 . | #1 #2 and #3 lane blocked due to accident on I-80 Westbound before Toll Plaza.,3,6,"I-880 S, I-80 W, 8th St",Overcast,60.3
2017-06-27 06:00:00,42.8,Restrictions on entry ramp due to accident on I-380 Eastbound at Exit 5 CA-82 El Camino Real. | Accident on Industrial Blvd at CA-92.,3,7,"I-380 E, W Jackson St, Marina Blvd",Overcast,60.2
2017-06-27 07:00:00,31.37,Right hand shoulder blocked due to accident on I-880 Southbound before CA-84. | Accident on I-580 Eastbound at Midspan.,3,11,"CA-84 E, Richmond-San Rafael Brg, Junipero Serra Fwy N",Overcast,60.0
2017-06-27 08:00:00,27.78,Accident on I-680 Southbound before Exit 47 Main St. | Accident on I-680 Northbound at Willow Pass Rd.,3,7,"N Main St, I-680 N, James Lick Fwy S",Overcast,62.1
2017-06-27 09:00:00,54.58,Right hand shoulder blocked due to accident on I-680 Southbound at Exit 20 Andrade Rd. | Accident on Thrush Ave at Oriole Ave.,3,9,"I-680 S, Oriole Ave, I-580 W",Overcast,63.3
2017-06-27 10:00:00,61.62,Two lanes blocked due to accident on I-680 Southbound at Exit 12 CA-262 Mission Blvd. | Accident on CA-92 Westbound at Toll Plaza.,3,5,"I-680 S, J Arthur Younger Fwy W, US-101 N",Mostly Cloudy,64.2
2017-06-27 11:00:00,61.74,Accident on I-680 Northbound at CA-84. On the median. | Accident on I-580 Eastbound before Golf Links Rd.,3,2,"I-680 N, I-580 E",Overcast,65.4
2017-06-27 12:00:00,61.71,Normal traffic flow,0,0,,Clear,58.4
2017-06-27 13:00:00,62.06,Slow lane blocked due to accident on I-280 Northbound at Exit 24 Sand Hill Rd. | At Sand Hill Rd - Accident.,3,2,Junipero Serra Fwy N,Scattered Clouds,68.0
2017-06-27 14:00:00,61.81,Lane blocked due to accident on CA-84 Niles Canyon Rd Westbound at Palomares Rd. | #1 lane blocked due to accident on I-280 Southbound at Exits 12A 12B CA-85.,3,9,"Niles Canyon Rd, I-280 S, Central Fwy",Partly Cloudy,68.6
2017-06-27 15:00:00,60.85,Middle lane blocked due to accident on US-101 Northbound at Exit 403 CA-109 University Ave. | At US-101 - Accident.,2,3,"US-101 N, San Francisco-Oakland Bay Bridge, I-680 N",Clear,67.9
2017-06-27 16:00:00,62.09,#1 lane blocked due to accident on CA-237 Eastbound at Exit 5 County Hwy-G2 Lawrence Expy. | #1 lane blocked due to accident on County Hwy-G4 San Tomas Expy Northbound at Moorpark Ave.,3,7,"Southbay Fwy, Moorpark Ave, I-580 E",Partly Cloudy,72.3
2017-06-27 17:00:00,61.48,#1 lane blocked due to accident on I-680 Northbound at Exit 12 CA-262 Mission Blvd. | #1 lane blocked due to accident on I-680 Northbound at Exit 14 Auto Mall Pkwy.,3,4,"I-680 N, Adeline St, CA-4 W",Clear,70.0
2017-06-27 18:00:00,61.47,#3 lane blocked due to accident on I-880 Southbound at Exit 26 Tennyson Rd. | At San Antonio Rd/Exit 400B/Exit 400C - Accident.,3,3,"Nimitz Fwy S, US-101 N, CA-242 N",Clear,69.3
2017-06-27 19:00:00,63.3,#1 lane blocked due to accident on I-680 Northbound at Exit 14 Auto Mall Pkwy. | #1 lane blocked due to accident on I-580 Eastbound at Exit 45 Dougherty Rd.,4,4,"I-680 N, I-580 E,  Niles Canyon Rd",Clear,62.6
2017-06-27 20:00:00,63.03,Normal traffic flow,0,0,,Clear,58.4
2017-06-27 21:00:00,62.08,(Partially) 10th lane blocked due to accident on I-80 Westbound at Exits 8A 8B I-880.,3,1,I-80 W,Overcast,61.0
2017-06-27 22:00:00,62.12,Accident on US-101 Southbound at Exits 425B 425C 426A 426B Oyster Point Blvd. | Accident on I-80 I-580 Eastbound at Exit 9 I-580.,3,3,"Bayshore Fwy S, I-580 W, I-680 N",Clear,59.7
2017-06-27 23:00:00,61.6,Accident on Lewelling Blvd Eastbound at CA-185 Mission Blvd. | Lane blocked due to accident on Minerva St both ways at Capitol Ave.,3,7,"E Lewelling Blvd, Minerva St, US-101 N",Overcast,59.7
2017-06-28 00:00:00,61.36,Right hand shoulder blocked due to accident on I-880 Northbound at Exit 26 Tennyson Rd.,3,1,W Tennyson Rd,Overcast,60.1
2017-06-28 01:00:00,60.88,Ramp to Exit 26 - Accident. | Ramp to W Tennyson Rd - Accident.,2,3," Mandarin Ave, I-880 N, I-680 S",Overcast,59.4
2017-06-28 02:00:00,60.99,Accident on I-280 Southbound at Exit 25 CA-84 Woodside Rd. | #1 lane blocked due to accident on I-880 Northbound at Lewelling Blvd.,3,2,"I-280 S, Lewelling Blvd",Clear,58.1
2017-06-28 03:00:00,61.24,Normal traffic flow,0,0,,Clear,58.4
2017-06-28 04:00:00,62.27,Accident on Bayview Dr at Fremont Blvd.,2,1,Fremont Blvd,Mostly Cloudy,57.2
2017-06-28 05:00:00,63.53,Accident on Hills Dr Eastbound before Serrano Ave. | #2 lane blocked due to accident on I-880 Southbound before CA-92.,3,5,"E Hills Dr, Nimitz Fwy S, Tassajara Rd",Overcast,57.8
2017-06-28 06:00:00,45.16,#2 lane blocked due to accident on I-880 Southbound after Exit 28 Winton Ave. | Right hand shoulder blocked due to accident on I-80 Westbound at Potrero Ave.,3,3,"W Winton Ave, I-80 W, Nimitz Fwy S",Overcast,59.7
2017-06-28 07:00:00,31.18,Right hand shoulder blocked due to accident on I-280 Northbound before Cesar Chavez. | Right hand shoulder blocked due to accident on I-580 Eastbound before Exit 12 Central Ave.,3,7,"Cesar Chavez, Central Ave, W Jackson St",Mostly Cloudy,59.4
2017-06-28 08:00:00,28.38,Right hand shoulder blocked due to accident on I-280 Northbound before US-101. | Accident on I-680 Southbound before Castlewood Dr. On the median.,3,10,"I-680 N, I-680 S, Stevenson Blvd",Scattered Clouds,61.5
2017-06-28 09:00:00,34.95,Accident on US-101 Northbound before Trimble Rd. | Accident on CA-13 Warren Fwy Northbound before Park Blvd.,3,11,"Trimble Rd, Warren Fwy N, I-80 E",Partly Cloudy,63.4
2017-06-28 10:00:00,35.68,Accident on Central Ave at Hamilton Ave. | Accident on CA-13 Warren Fwy Northbound after Redwood Rd.,3,6,"N Central Ave, Warren Fwy N, N Bascom Ave",Overcast,66.4
2017-06-28 11:00:00,62.57,Accident on I-80 Westbound before Grand Ave. On the median. | Accident on I-880 Southbound at Exit 3 Coleman Ave.,3,4,"I-80 E, I-880 S, Nimitz Fwy S",Partly Cloudy,67.0
2017-06-28 12:00:00,62.35,Normal traffic flow,0,0,,Clear,58.4
2017-06-28 13:00:00,65.04,#1 lane blocked due to accident on I-880 Northbound at Exit 2 CA-82 The Alameda. | Lane blocked due to accident on County Hwy-G4 Montague Expy Westbound at De la Cruz Blvd.,3,3,"I-880 N, Montague Expy",Clear,74.6
2017-06-28 14:00:00,62.05,Normal traffic flow,0,0,,Clear,58.4
2017-06-28 15:00:00,61.52,#1 lane blocked due to accident on I-280 Northbound at Exits 43A 43B I-380. | Slow lane blocked due to accident on US-101 Southbound at Exits 390 391 CA-87 Guadalupe Pkwy.,3,3,"Junipero Serra Fwy N, Bayshore Fwy S, I-880 N",Clear,68.6
2017-06-28 16:00:00,61.76,Left lane blocked due to accident on I-580 Eastbound at Eden Canyon Rd. | Accident on El Cerro Blvd at El Pintado Rd.,3,6,"I-580 E, El Cerro Blvd, Bayshore Fwy S",Clear,73.0
2017-06-28 17:00:00,61.55,Middle lane blocked due to accident on CA-85 Southbound at Exit 6 Almaden Plaza Way. | Slow lane blocked due to accident on US-101 Southbound at Fair Oaks Ave.,2,2,"CA-85 S, US-101 N",Clear,71.1
2017-06-28 18:00:00,62.18,Middle lane blocked due to accident on CA-17 Santa Cruz Hwy Northbound at Santa Cruz Hwy. | #1 lane blocked due to accident on I-80 Westbound at Exits 2B 2C Bryant St.,3,2,"CA-17 N, I-80 W",Clear,66.0
2017-06-28 19:00:00,63.0,#1 lane blocked due to accident on US-101 Southbound at County Hwy-G4 San Tomas Expy.,2,1,Bayshore Fwy S,Clear,69.1
2017-06-28 20:00:00,63.09,Normal traffic flow,0,0,,Clear,58.4
2017-06-28 21:00:00,61.79,1st lane blocked due to accident on I-280 Southbound at Exits 4 5A Southwest Expy.,3,1,I-280 S,Clear,61.0
2017-06-28 22:00:00,62.34,Accident on CA-17 Westbound at Exits 20A 20B CA-9 Los Gatos Saratoga Rd. | Accident on I-880 Southbound at Exit 38 CA-77.,3,2,"CA-17 N, 42nd Ave",Clear,60.6
2017-06-28 23:00:00,61.59,Lane blocked due to accident on CA-1 Northbound at Exits 508 508A 508B CA-35 Skyline Blvd. | Lane blocked due to accident on I-580 Westbound at Exits 44B 45 I-680.,3,7,"Coast Hwy, I-580 E, Bon Air Rd",Mostly Cloudy,56.8
2017-06-29 00:00:00,61.3,Normal traffic flow,0,0,,Clear,58.4
2017-06-29 01:00:00,60.97,Ramp to I-680/Sinclair Fwy Northbound - Accident. | Ramp to Arthur H Breed Fwy - Accident.,2,2,I-580 W,Clear,55.9
2017-06-29 02:00:00,61.06,Normal traffic flow,0,0,,Clear,58.4
2017-06-29 03:00:00,61.47,Accident on I-680 Southbound at Exit 12 CA-262 Mission Blvd. | Right hand shoulder blocked due to accident on US-101 Southbound at Exit 389 Airport Pkwy.,3,3,"I-680 S, Bayshore Fwy S",Overcast,59.0
2017-06-29 04:00:00,62.78,Accident on I-680 Southbound before CA-262 Mission Blvd.,3,1,I-680 S,Overcast,59.0
2017-06-29 05:00:00,61.72,Right hand shoulder blocked due to accident on US-101 Northbound before McKee Rd.,2,1,Bayshore Fwy S,Clear,57.2
2017-06-29 06:00:00,45.52,#1 lane blocked due to accident on US-101 Southbound before Exit 397 Ellis St. | Accident on Main St at Parkside Dr.,2,2,"Ellis St, Parkside Dr",Clear,59.0
2017-06-29 07:00:00,31.05,Right hand shoulder blocked due to accident on US-101 Northbound before Amphitheatre Pkwy. | Right hand shoulder blocked due to accident on I-880 Southbound before Exit 29 A St.,3,2,"US-101 N, I-880 N",Overcast,60.1
2017-06-29 08:00:00,24.65,Right hand shoulder blocked due to accident on I-880 Northbound before Exit 15 Auto Mall Pkwy. | #1 lane blocked due to accident on I-580 Eastbound before Exit 12 Central Ave.,3,3,"I-880 N, I-580 E",Clear,62.9
2017-06-29 09:00:00,32.43,Right hand shoulder blocked due to accident on I-80 Westbound after Exit 14B Carlson Blvd. | Right hand shoulder blocked due to accident on CA-85 Northbound before Exit 9 Union Ave.,3,4,"I-80 W, Norman Y Mineta Hwy, Skyline Dr",Clear,61.5
2017-06-29 10:00:00,53.49,Accident on CA-87 Northbound after Curtner Ave. | Accident on Central Ave at Dusterberry Way.,3,5,"Guadalupe Fwy N, Central Ave, US-101 N",Clear,65.5
2017-06-29 11:00:00,62.07,Slow lane blocked due to accident on I-280 Northbound before Trousdale Dr. | Accident on I-680 Southbound at Exit 4 Berryessa Rd.,3,2,"Junipero Serra Fwy N, Berryessa Rd",Clear,68.2
2017-06-29 12:00:00,62.75,Normal traffic flow,0,0,,Clear,58.4
2017-06-29 13:00:00,62.45,#4 lane blocked due to accident on US-101 Northbound at Exits 425B 425C 426A 426B Oyster Point Blvd. | At Monterey Blvd/San Jose Ave - Accident.,2,2,"US-101 N, I-280 S",Partly Cloudy,66.0
2017-06-29 14:00:00,61.78,#2 lane blocked due to accident on I-880 Northbound at Hesperian Blvd. | Slow lane blocked due to accident on US-101 Northbound at 3rd St.,3,2,"I-880 N, James Lick Fwy N",Clear,66.0
2017-06-29 15:00:00,61.54,#3 lane blocked due to accident on US-101 Northbound at Exits 404A 404B CA-114 Willow Rd. | Lane blocked due to accident on CA-85 Southbound at Exit 4 Blossom Hill Rd.,3,8,"US-101 N, CA-85 S, Bayshore Fwy S",Clear,71.6
2017-06-29 16:00:00,62.0,#4 lane blocked due to accident on I-580 Eastbound at Lakeshore Ave. | At Santa Teresa Blvd/Exit 5A - Accident.,3,4,"I-580 E, CA-85 S, Canada Rd",Clear,69.8
2017-06-29 17:00:00,61.93,#3 lane blocked due to accident on I-880 Northbound at Exit 10 Dixon Landing Rd. | #1 lane blocked due to accident on I-680 Northbound at Exit 20 Andrade Rd.,3,8,"Nimitz Fwy N, I-680 N, Nimitz Fwy S",Clear,72.9
2017-06-29 18:00:00,62.68,Accident on US-101 Southbound at Exit 411 Holly St. | At 35th Ave - Accident.,2,2,"Bayshore Fwy S, I-580 E",Mostly Cloudy,61.8
2017-06-29 19:00:00,63.33,At Montague Expy/San Tomas Expy - Accident. | Ramp to Powell St - Accident.,2,3,"US-101 N, Eastshore Fwy W",Mostly Cloudy,62.7
2017-06-29 20:00:00,63.12,Lane blocked due to accident on I-80 I-580 Westbound at Exit 9 I-580. | 1st lane blocked due to accident on I-680 Northbound at Elena Ct.,3,3,"I-580 W, I-680 N",Clear,62.3
2017-06-29 21:00:00,62.32,Lane blocked due to accident on I-880 Southbound at Exits 30 31A I-238.,3,1,Nimitz Fwy S,Overcast,59.0
2017-06-29 22:00:00,62.31,Accident on exit ramp from I-880 Southbound at Exit 19 to Thorton St.,3,1,Darvon St,Scattered Clouds,60.8
2017-06-29 23:00:00,61.82,Right hand shoulder blocked due to accident on CA-17 Southbound at Exit 19 Santa Cruz Ave. | Lane blocked due to accident and vehicles spun around on I-880 Northbound at Exits 1A 1B 1D Bascom Ave.,3,3,"CA-17 S, N Bascom Ave, CA-84 W",Mostly Cloudy,58.3
2017-06-30 00:00:00,61.55,Lane blocked due to accident on I-280 Northbound at Exit 7 Saratoga Ave. | Right hand shoulder blocked due to accident on County Hwy-G4 San Tomas Expy both ways at Stevens Creek Blvd.,3,6,"Saratoga Ave, Stevens Creek Blvd, Marina Blvd",Overcast,57.2
2017-06-30 01:00:00,61.04,Normal traffic flow,0,0,,Clear,58.4
2017-06-30 02:00:00,60.88,Accident on Crow Canyon Rd at Norris Canyon Rd. | #1 #2 lane blocked due to accident on I-280 Southbound at Exits 3A 3B Bird Ave.,3,3,"Crow Canyon Rd, I-280 S, US-101 N",Overcast,58.0
2017-06-30 03:00:00,61.13,Normal traffic flow,0,0,,Clear,58.4
2017-06-30 04:00:00,62.86,Accident on CA-85 Northbound after Exit 4 Blossom Hill Rd. | Accident on Stoneridge Dr Westbound at Hopyard Rd.,2,2,"Blossom Ave, Stoneridge Dr",Clear,55.6
2017-06-30 05:00:00,62.99,Accident on Albion Ave at Tracy St.,2,1,Albion Ave,Overcast,57.0
2017-06-30 06:00:00,55.15,Right hand shoulder blocked due to accident on CA-4 Eastbound before Alhambra Ave. | Right hand shoulder blocked due to accident on US-101 Northbound before County Hwy-G4 Montague Expy.,3,6,"Alhambra Ave, US-101 N, Montague Expy",Overcast,57.4
2017-06-30 07:00:00,52.56,Accident on I-680 Northbound before Exit 9 Jacklin Rd. | Accident on CA-92 San Mateo Rd Westbound at Digges Canyon Rd.,4,8,"Jacklin Rd, Digges Canyon Rd, US-101 S",Overcast,57.5
2017-06-30 08:00:00,39.22,#2 lane blocked due to accident on I-880 Southbound after Exit 25 Industrial Pkwy. | Accident on US-101 Southbound before Grand Ave.,3,6,"Industrial Pkwy W, Bayshore Fwy S, Nimitz Fwy S",Overcast,59.0
2017-06-30 09:00:00,44.32,#1 lane blocked due to accident on US-101 Southbound before University Ave. | Right hand shoulder blocked due to accident on Orange Ave at CA-82 El Camino Real.,2,2,"Bayshore Fwy S, W Orange Ave",Mostly Cloudy,61.2
2017-06-30 10:00:00,34.69,Right hand shoulder blocked due to accident on County Hwy-G4 San Tomas Expy at Pruneridge Ave. | Accident on Castro Valley Blvd at Norbridge Ave.,3,6,"San Tomas Expy, Norbridge Ave, I-280 S",Partly Cloudy,64.4
2017-06-30 11:00:00,61.42,Normal traffic flow,0,0,,Clear,58.4
2017-06-30 12:00:00,62.48,#1 lane blocked due to accident on I-580 Eastbound at Exit 44A San Ramon Rd. | #1 lane blocked due to accident on I-80 Eastbound at Solano Ave.,3,5,"I-580 E, I-80 E, Bayshore Fwy S",Clear,71.2
2017-06-30 13:00:00,52.84,#3 lane blocked due to accident on I-880 Southbound at Exit 35 98th Ave. | Slow lane blocked due to accident on I-680 Northbound at Exit 12 CA-262 Mission Blvd.,3,4,"Nimitz Fwy S, I-680 N, 50th Ave",Partly Cloudy,65.2
2017-06-30 14:00:00,60.11,#1 lane blocked due to accident on I-880 Southbound at Exit 21 Decoto Rd. | #1 lane blocked due to accident on I-880 Northbound at Exit 34 CA-61 Davis St.,3,9,"Nimitz Fwy S, I-880 N, I-580 E",Partly Cloudy,66.0
2017-06-30 15:00:00,61.63,#3 lane blocked due to accident on CA-87 Guadalupe Pkwy Northbound at Exit 7 Taylor St. | #1 lane blocked due to accident on CA-92 Eastbound at Exit 14B Foster City Blvd.,2,7,"Guadalupe Pkwy N, CA-92 E, James Lick Fwy N",Partly Cloudy,69.5
2017-06-30 16:00:00,61.52,#1 lane blocked due to accident on CA-92 Westbound at High Rise. | Ramp to I-80/I-580 - Accident.,2,5,"J Arthur Younger Fwy W,  Ashby Ave, I-580 W",Partly Cloudy,66.8
2017-06-30 17:00:00,62.52,Left lane blocked due to accident on I-680 Eastbound at Exit 53 CA-4. | At Stone Valley Rd - Accident.,3,5,"CA-4 E, I-680 N,  Camino Tassajara",Clear,76.4
2017-06-30 18:00:00,62.97,#2 lane blocked due to accident on US-101 Southbound at Exits 425B 425C 426A 426B Oyster Point Blvd. | #2 lane blocked due to accident on US-101 Southbound at Exit 429A Alanna Way.,2,6,"Bayshore Fwy S, US-101 S, Junipero Serra Fwy N",Mostly Cloudy,64.2
2017-06-30 19:00:00,63.6,03076 lane blocked due to accident on I-280 Northbound at Exit 20 County Hwy-G3 Page Mill Rd. | At Richmond-San Rafael Brg - Accident.,3,3,"Junipero Serra Fwy N, Richmond-San Rafael Brg, CA-92 E",Clear,63.4
2017-06-30 20:00:00,62.65,Normal traffic flow,0,0,,Clear,58.4
2017-06-30 21:00:00,61.92,Queueing traffic due to accident on I-680 Northbound at Exits 30A 30B I-580. | Lane blocked due to accident on I-680 Northbound at Exit 31 San Ramon Valley Blvd.,3,6,"I-680 N, MacDonald Ave, Eastshore Fwy W",Clear,60.3
2017-06-30 22:00:00,63.11,#4 #5 lane blocked due to accident on CA-24 Eastbound at I-680 .,2,1,I-680 S,Clear,60.1
2017-06-30 23:00:00,62.52,Lane blocked due to accident on I-680 Southbound at Exit 2B McKee Rd. Expect delays. | At I-680 - Accident.,3,2,"I-680 N, CA-24 E",Clear,61.4
